event_id,origin_id,stage,parent_origin_id,time,lat,lon,depth,mag,magnitude_type,rms,gap,n_picks,erh,erz,method
eslv2026ypegbfsv,ohdd20264qkafgk6,hypodd,ohyp2026wprokubz,2023-12-09T16:19:20.530000Z,13.843359,-89.706266,6.795,0.4836,MLc,0.113,206,6,0.0223,0.0279,
eslv2026dofo5mte,ohdd2026yum6exae,hypodd,ohyp2026zpfrjdep,2023-12-11T01:49:39.530000Z,13.861832,-89.793001,4.355,1.8992,MLc,0.332,225,8,0.0291,0.0226,
eslv20265v5t4kom,ohdd2026zhskilru,hypodd,ohyp2026iacnsik7,2023-12-18T12:17:47.899999Z,13.870525,-89.797583,3.799,2.6604,MLc,0.296,316,9,0.0232,0.031,
eslv2026mgyjfsqi,ohdd2026cgftjzyz,hypodd,ohyp2026hds5gvaa,2023-12-18T12:18:26.890000Z,13.878282,-89.809701,1.233,2.0553,MLc,0.394,196,8,0.0283,0.0379,
eslv2026prxrpkoz,ohdd2026rwl4qfzc,hypodd,ohyp20267snmihpt,2023-12-19T07:56:23.320000Z,13.875067,-89.816846,2.582,1.8316,MLc,0.246,263,9,0.0312,0.028,
eslv20265iptbqcv,ohdd2026aehkfwuy,hypodd,ohyp2026b7mnvaog,2023-12-20T01:38:26.140000Z,13.854693,-89.821183,2.307,,,0.248,242,8,0.0262,0.0378,
eslv2026tjsy5i5a,ohdd2026cklpeqtq,hypodd,ohyp2026cdxpgffm,2023-12-20T01:39:42.320000Z,13.854069,-89.822437,1.899,1.6073,MLc,0.224,244,8,0.0301,0.0456,
eslv2026qhhdqp53,ohdd202657hotc4s,hypodd,ohyp2026ypfmrvtj,2023-12-20T01:44:01.740000Z,13.851256,-89.825293,0.911,1.6171,MLc,0.225,244,6,0.0288,0.0559,
eslv2026lf4drtcf,ohdd2026tyjveuvi,hypodd,ohyp20266wkogsqm,2023-12-21T19:23:48.439999Z,13.889876,-89.778312,6.869,1.9544,MLc,0.214,214,6,0.079,0.0693,
eslv20267hulkith,ohdd2026slqyh7uf,hypodd,ohyp2026z57hhi6h,2023-12-23T07:08:04.139999Z,13.866718,-89.8198,4.83,1.3747,MLc,0.074,167,8,0.0323,0.0214,
eslv2026euavwwld,ohdd2026k7r2x65a,hypodd,ohyp2026z5f5ahq2,2023-12-25T15:49:47.850000Z,13.8753,-89.756616,4.85,1.5263,MLc,0.18,209,10,0.0286,0.0216,
eslv202636c3z2g3,ohdd2026avuloppv,hypodd,ohyp20266xlnclgl,2023-12-26T02:29:54.100000Z,13.88448,-89.731356,8.425,0.8107,MLc,0.197,148,8,0.042,0.0352,
eslv20267izxmfs2,ohdd2026wnjpxwme,hypodd,ohyp2026zpdgkwop,2023-12-26T04:39:51.570000Z,13.832981,-89.738241,4.842,0.1643,MLc,0.285,212,6,0.0091,0.0144,
eslv20267ifsylwv,ohdd20262hi7vfud,hypodd,ohyp2026dyg5j7ye,2023-12-28T06:55:37.350000Z,13.922374,-89.721411,5.455,0.6659,MLc,0.065,259,7,0.0103,0.0097,
eslv2026qd535d6w,ohdd20267jxrkfy7,hypodd,ohyp20264oibldwk,2023-12-28T06:57:04.360000Z,13.912589,-89.727889,6.476,0.9383,MLc,0.195,242,11,0.0218,0.0301,
eslv2026gq5bzxpa,ohdd2026s3dztkyn,hypodd,ohyp20266aqk7ixz,2023-12-28T06:58:33.229999Z,13.923294,-89.721794,5.288,0.6323,MLc,0.115,251,8,0.0089,0.008,
eslv2026j6je2jod,ohdd2026bf7t6e42,hypodd,ohyp2026qtaezzod,2023-12-28T07:16:34.310000Z,13.881612,-89.73068,6.82,0.9371,MLc,0.299,152,10,0.0468,0.0485,
eslv2026s4xrvngk,ohdd20262kmdsepc,hypodd,ohyp2026ikgtmlyp,2023-12-28T07:19:04.190000Z,13.925318,-89.721688,5.598,0.6044,MLc,0.076,253,8,0.0063,0.0055,
eslv20262iciljs2,ohdd2026sx74sdii,hypodd,ohyp2026trsbjwnr,2023-12-28T07:20:13.839999Z,13.924658,-89.722664,5.488,0.48,MLc,0.105,256,8,0.0089,0.0057,
eslv2026zrnv5n5w,ohdd2026aaevc4mw,hypodd,ohyp2026hugcoz6d,2023-12-28T07:21:15.859999Z,13.860782,-89.734318,7.019,0.6357,MLc,0.317,227,9,0.0209,0.0813,
eslv202636e36n23,ohdd2026xlimpeqh,hypodd,ohyp2026egtuj7nb,2023-12-28T07:21:42.200000Z,13.915433,-89.727043,6.569,0.4669,MLc,0.174,247,8,0.0214,0.0284,
eslv2026xehio2ps,ohdd20265bevujle,hypodd,ohyp2026arnfx2ph,2023-12-28T07:26:36.030000Z,13.883581,-89.73186,7.298,1.3931,MLc,0.188,171,12,0.0294,0.0334,
eslv2026i5gnaufm,ohdd20266f2splj7,hypodd,ohyp2026fnq4lo75,2023-12-28T07:38:48.500000Z,13.91613,-89.726986,6.629,0.5475,MLc,0.18,250,10,0.0236,0.0274,
eslv2026rrcjrxsj,ohdd2026ym3rxddy,hypodd,ohyp2026o22tg2eu,2023-12-28T08:45:56.719999Z,13.917181,-89.727181,6.266,0.462,MLc,0.256,251,6,0.022,0.0347,
eslv2026injuyid4,ohdd2026d2ic4qvs,hypodd,ohyp2026i5ev64t6,2023-12-28T10:58:44.189999Z,13.871975,-89.740063,7.393,-0.1376,MLc,0.114,183,6,0.0217,0.0214,
eslv2026en6kmikm,ohdd20262ygxiy2m,hypodd,ohyp2026iksh4tja,2023-12-28T17:56:11.539999Z,13.874887,-89.734709,8.104,1.5544,MLc,0.164,168,8,0.0332,0.0284,
eslv2026ylwsorjs,ohdd2026qsb7bnlj,hypodd,ohyp2026wwzs52jq,2023-12-30T08:20:44.369999Z,13.914668,-89.727384,6.759,0.7752,MLc,0.176,247,7,0.0245,0.0305,
eslv2026g22qun35,ohdd20262gwggfdq,hypodd,ohyp2026f3pqlvi7,2023-12-31T01:15:51.630000Z,13.890906,-89.75673,6.17,2.7496,MLc,0.167,199,11,0.0409,0.0459,
eslv2026g6wkkymq,ohdd2026h7ftklta,hypodd,ohyp2026cxl5zqvp,2023-12-31T01:27:51.429999Z,13.876581,-89.768766,4.962,2.4127,MLc,0.16,188,11,0.0604,0.066,
eslv2026wluhakjp,ohdd2026vwnjbpna,hypodd,ohyp2026q6eyvai4,2023-12-31T04:17:24.300000Z,13.838867,-89.773177,5.508,1.623,MLc,0.381,248,6,0.0351,0.0454,
eslv2026glv4wjz4,ohdd2026kvoq6rq2,hypodd,ohyp2026ysfasx2x,2024-01-04T00:14:14.300000Z,13.887957,-89.74991,6.041,1.4097,MLc,0.15,160,8,0.0331,0.0393,
eslv2026v4cr7uty,ohdd20266wfis5xh,hypodd,ohyp2026awibvbs7,2024-01-04T10:42:16.910000Z,13.89346,-89.733081,7.376,0.3962,MLc,0.141,179,6,0.0207,0.0227,
eslv2026p62qtey4,ohdd2026ci5uyzkw,hypodd,ohyp20265jyjvdj6,2024-01-04T15:30:35.240000Z,13.859426,-89.729004,4.117,1.2248,MLc,0.096,187,6,0.0376,0.0414,
eslv20264hw36hoz,ohdd2026qeoqtn5a,hypodd,ohyp2026oj3ktvqd,2024-01-07T15:42:23.820000Z,13.879272,-89.773657,5.395,1.6523,MLc,0.196,219,11,0.0362,0.0216,
eslv2026s7fotu2w,ohdd2026xksmfdig,hypodd,ohyp2026rsz5onrx,2024-01-08T11:31:06.759999Z,13.828653,-89.797705,7.457,1.0094,MLc,0.236,234,8,0.0292,0.0379,
eslv2026svbqxsbx,ohdd2026ej3rdsvv,hypodd,ohyp2026fnek6aqm,2024-01-10T09:20:54.539999Z,13.880096,-89.77203,5.233,1.0391,MLc,0.262,229,10,0.0377,0.0266,
eslv2026gmmldxn2,ohdd20265chmiu5r,hypodd,ohyp2026ulmhvn7u,2024-01-10T09:28:40.340000Z,13.909778,-89.747599,5.167,1.1085,MLc,0.172,234,6,0.0403,0.0291,
eslv2026esfz6tg5,ohdd20262tq4bwdw,hypodd,ohyp20264cos7wtk,2024-01-10T20:18:43.740000Z,13.875282,-89.730485,7.469,1.074,MLc,0.15,154,11,0.0322,0.0222,
eslv2026ciaogvox,ohdd2026d7m5plvj,hypodd,ohyp2026k33e3zby,2024-01-11T07:48:19.039999Z,13.855056,-89.734814,7.103,0.0924,MLc,0.232,211,6,0.0406,0.0472,
eslv2026zalq5dut,ohdd2026ce73urgb,hypodd,ohyp2026jc3ae7rc,2024-01-11T22:52:10.240000Z,13.896973,-89.697461,7.046,1.3986,MLc,0.214,130,11,0.0343,0.0253,
eslv2026refes45c,ohdd2026wzllxu55,hypodd,ohyp2026dpvysmur,2024-01-12T00:21:55.460000Z,13.964333,-89.754541,9.541,0.3151,MLc,0.193,256,6,0.0298,0.0265,
eslv2026jsxtgrc4,ohdd2026njy7cgd4,hypodd,ohyp2026mi4teb5z,2024-01-12T08:06:42.679999Z,14.109312,-89.727897,13.411,1.5387,MLc,0.299,285,14,0.3901,0.6162,
eslv2026bg4ekuza,ohdd2026m37kqvd3,hypodd,ohyp20262mrlnhf6,2024-01-12T10:41:45.009999Z,13.893448,-89.747795,7.172,1.3475,MLc,0.33,208,12,0.0304,0.0394,
eslv20264vsr6q25,ohdd2026bo6fygwb,hypodd,ohyp2026k5njmyzg,2024-01-12T11:14:12.599999Z,13.86257,-89.759017,3.543,1.3669,MLc,0.152,161,8,0.0425,0.0309,
eslv2026nhy5and4,ohdd2026b3wd6xfm,hypodd,ohyp2026bopvrtcp,2024-01-12T12:19:29.280000Z,13.865788,-89.713672,6.53,0.7793,MLc,0.186,159,8,0.0333,0.0207,
eslv2026jppzjhzp,ohdd2026hw35gtmi,hypodd,ohyp202623ioxdlb,2024-01-12T13:23:34.320000Z,13.887581,-89.751229,5.827,1.9735,MLc,0.132,145,11,0.0258,0.0225,
eslv2026mpn2tda7,ohdd20264mhmi2pv,hypodd,ohyp2026c7pttgp5,2024-01-12T13:24:14.269999Z,13.877695,-89.779517,6.218,1.5626,MLc,0.322,200,11,0.0382,0.0313,
eslv2026t4v5izvo,ohdd2026xambazaf,hypodd,ohyp2026oplbribp,2024-01-12T13:27:36.259999Z,13.893352,-89.738249,6.47,1.3605,MLc,0.331,179,9,0.0328,0.0347,
eslv2026yjdydd66,ohdd2026e6qjt2h2,hypodd,ohyp2026hldenh4g,2024-01-12T13:40:16.260000Z,13.88711,-89.750675,5.731,2.389,MLc,0.118,140,16,0.0227,0.0207,
eslv20265xgg6tvh,ohdd2026lnx3qckv,hypodd,ohyp202655szwo3s,2024-01-12T13:41:16.370000Z,13.886898,-89.750651,5.67,2.0337,MLc,0.106,145,11,0.0244,0.0185,
eslv2026nstdtvgy,ohdd20264sqisbxu,hypodd,ohyp2026c6wrf2xu,2024-01-12T13:41:41.240000Z,13.887271,-89.749268,5.702,1.9479,MLc,0.114,144,11,0.0274,0.021,
eslv2026adcdoi7g,ohdd2026pzozovwr,hypodd,ohyp2026pfqbsigq,2024-01-12T13:42:58.299999Z,13.887096,-89.750317,5.507,2.642,MLc,0.115,151,18,0.0239,0.022,
eslv20262azhq2ax,ohdd2026n45ldtme,hypodd,ohyp20264wanp65l,2024-01-12T13:43:39.310000Z,13.886592,-89.748527,5.312,1.6558,MLc,0.131,152,8,0.0312,0.035,
eslv2026idx2pmkr,ohdd2026q54cr43e,hypodd,ohyp2026ndxviggl,2024-01-12T13:44:14.089999Z,13.883766,-89.749528,6.396,1.655,MLc,0.154,164,8,0.0272,0.0322,
eslv2026mxnrk5xd,ohdd2026atim4qkm,hypodd,ohyp2026qjo2a24e,2024-01-12T13:49:09.300000Z,13.887266,-89.746191,4.909,1.4612,MLc,0.183,167,10,0.0215,0.0261,
eslv2026mordfiwb,ohdd20265ylnzkwd,hypodd,ohyp202657lzh52t,2024-01-12T13:50:44.009999Z,13.887019,-89.749731,5.501,1.9255,MLc,0.13,164,7,0.0224,0.025,
eslv2026kozkouxh,ohdd2026veop7ent,hypodd,ohyp2026hc7jyud3,2024-01-12T13:50:57.070000Z,13.887391,-89.74991,6.079,1.8204,MLc,0.123,141,9,0.0257,0.0225,
eslv2026exfbmlqe,ohdd202646mj2hjt,hypodd,ohyp2026q53kayqn,2024-01-12T13:53:08.230000Z,13.887724,-89.749609,5.516,2.2823,MLc,0.116,140,14,0.0223,0.0207,
eslv20263qcgwvpg,ohdd20263nl6uzra,hypodd,ohyp2026nwurj4rd,2024-01-12T13:53:36.189999Z,13.875721,-89.741317,6.074,1.6111,MLc,0.192,174,6,0.0369,0.0285,
eslv2026shajb5il,ohdd20267ekmv6en,hypodd,ohyp2026u77iifn4,2024-01-12T13:54:20.129999Z,13.887446,-89.748641,5.662,1.9797,MLc,0.121,142,15,0.0241,0.0207,
eslv2026aakcbp6h,ohdd2026seokmahk,hypodd,ohyp2026ttwol6ff,2024-01-12T13:59:13.339999Z,13.886408,-89.748014,5.447,1.5432,MLc,0.29,152,12,0.0311,0.03,
eslv2026liopvm3s,ohdd2026yg3xmfkd,hypodd,ohyp20265ttonph2,2024-01-12T14:32:10.460000Z,13.888273,-89.746948,5.838,1.7088,MLc,0.121,103,13,0.0264,0.0232,
eslv2026u33mwprz,ohdd2026zu2rkzs2,hypodd,ohyp2026u2jljlxo,2024-01-12T14:50:40.859999Z,13.862323,-89.75883,3.283,1.4204,MLc,0.148,161,8,0.0428,0.0316,
eslv2026pqyymd72,ohdd2026nueboqjd,hypodd,ohyp2026schuyaic,2024-01-12T15:30:48.820000Z,13.885951,-89.747786,7.712,1.7329,MLc,0.373,169,12,0.0336,0.038,
eslv20264u5wfeuc,ohdd20266epxekuc,hypodd,ohyp2026kdgpzmsn,2024-01-12T15:33:34.130000Z,13.947406,-89.720508,0.032,1.4008,MLc,0.277,173,7,0.6243,1.1962,
eslv2026j5qb3kb6,ohdd2026rmqbhys7,hypodd,ohyp2026huspejug,2024-01-14T02:01:18.640000Z,13.912689,-89.727083,5.791,1.677,MLc,0.25,141,16,0.0229,0.0293,
eslv2026jkjznglu,ohdd2026zawd7lwx,hypodd,ohyp2026bi5thbk7,2024-01-14T05:26:06.700000Z,14.06565,-89.718229,13.264,1.3631,MLc,0.196,270,12,0.4267,0.5235,
eslv20264kainlc6,ohdd2026ebutswrs,hypodd,ohyp2026eqlluc5f,2024-01-14T21:56:46.920000Z,13.864174,-89.772477,12.143,1.4237,MLc,0.045,276,8,0.0759,0.0771,
eslv2026prgpwksj,ohdd2026tyxtmfcy,hypodd,ohyp2026cr7bhqvk,2024-01-16T02:55:37.520000Z,13.883747,-89.733203,7.414,2.1963,MLc,0.335,100,17,0.0418,0.0341,
eslv2026tbhbolwi,ohdd2026lxospeuo,hypodd,ohyp2026gsf6mmk4,2024-01-16T02:57:24.219999Z,13.825568,-89.772965,6.657,1.0466,MLc,0.487,256,6,0.0461,0.0494,
eslv2026onjo2h2g,ohdd2026fvbxy7am,hypodd,ohyp2026ai543rzh,2024-01-16T03:01:40.530000Z,13.835502,-89.771826,3.136,0.7439,MLc,0.208,262,7,0.0585,0.0462,
eslv2026lvto6rf4,ohdd2026g5xy3a2m,hypodd,ohyp2026bqhaxdf5,2024-01-16T03:16:27.250000Z,13.839661,-89.758032,3.415,0.7732,MLc,0.093,268,6,0.0372,0.0625,
eslv2026zsezlhc5,ohdd2026btjclqeb,hypodd,ohyp2026ocdvbqzo,2024-01-16T03:44:19.879999Z,13.856538,-89.729663,8.291,0.9992,MLc,0.174,264,6,0.0326,0.0305,
eslv20265kadafdb,ohdd2026ylmwcne4,hypodd,ohyp2026ppewmrc3,2024-01-16T05:17:00.320000Z,13.834114,-89.77452,0.604,0.2867,MLc,0.2,255,6,0.0371,0.0589,
eslv2026pksnbsly,ohdd2026ofwf56o3,hypodd,ohyp2026op76tkas,2024-01-16T05:58:31.750000Z,13.890529,-89.740438,6.646,0.3769,MLc,0.171,229,7,0.0279,0.0292,
eslv20263pojjnlw,ohdd2026bsuba6xf,hypodd,ohyp2026exbeawls,2024-01-16T08:18:26.510000Z,13.864134,-89.763957,5.717,0.1885,MLc,0.19,206,6,0.0306,0.032,
eslv2026nfu6iyjq,ohdd2026citfou6f,hypodd,ohyp2026ginguqub,2024-01-16T08:32:18.809999Z,13.930803,-89.725057,3.64,-0.0216,MLc,0.187,180,6,0.04,0.0395,
eslv2026t5ombqg4,ohdd2026xbmeqv2y,hypodd,ohyp2026c3ujx3uu,2024-01-18T14:07:40.859999Z,13.90982,-89.381673,11.246,1.6921,MLc,0.332,285,6,0.7992,0.9591,
eslv20263tgo5qdh,ohdd2026qlewa2gw,hypodd,ohyp2026ilbzttq2,2024-01-19T02:19:40.450000Z,13.885766,-89.750822,5.927,1.5658,MLc,0.129,164,11,0.029,0.0269,
eslv2026sg6sgzjk,ohdd2026z32d7yjm,hypodd,ohyp2026vvrvuf2y,2024-01-19T02:20:07.809999Z,13.863411,-89.771094,9.312,1.243,MLc,0.126,179,9,0.0431,0.0407,
eslv2026nylccqlt,ohdd2026nih2gyxc,hypodd,ohyp202673rftk2j,2024-01-19T02:22:58.850000Z,13.890035,-89.750309,5.624,1.2122,MLc,0.144,160,8,0.0272,0.0299,
eslv2026bixmejtf,ohdd2026p4yf7f7o,hypodd,ohyp2026npb6pre7,2024-01-19T02:25:00.740000Z,13.857509,-89.760588,4.685,1.4703,MLc,0.116,203,6,0.0283,0.0307,
eslv2026tjqt6zmr,ohdd2026jczaynlg,hypodd,ohyp2026nhdyaagt,2024-01-19T02:26:43.250000Z,13.915446,-89.714526,4.108,1.6584,MLc,0.081,130,14,0.004,0.0085,
eslv2026tpmpd5ip,ohdd2026cv3niijr,hypodd,ohyp20262zx6rhca,2024-01-19T02:27:00.460000Z,13.879917,-89.774406,5.663,1.9155,MLc,0.237,214,12,0.0365,0.036,
eslv2026kdba7xxa,ohdd2026jk7wgvu6,hypodd,ohyp2026b7ociwi6,2024-01-19T02:28:50.380000Z,13.881559,-89.768197,5.013,1.167,MLc,0.247,224,13,0.0467,0.0383,
eslv2026kldmcfro,ohdd2026ymjfutx3,hypodd,ohyp20265nsvw3rb,2024-01-19T02:31:30.399999Z,13.887841,-89.751253,5.647,1.4704,MLc,0.156,167,12,0.0249,0.0176,
eslv2026djtgk3kq,ohdd2026q363v4vc,hypodd,ohyp202632fwt3pv,2024-01-19T02:32:50.990000Z,13.95242,-89.729736,1.889,1.7333,MLc,0.086,276,7,0.0796,0.1279,
eslv2026gcvnmkoq,ohdd2026qxmurzai,hypodd,ohyp2026f7wde7je,2024-01-19T02:34:07.389999Z,13.886461,-89.750456,5.815,1.6305,MLc,0.123,150,12,0.0337,0.0389,
eslv20263j5dkab6,ohdd2026yiywxxiz,hypodd,ohyp2026nvzeytdc,2024-01-19T02:42:12.750000Z,13.888721,-89.747518,4.828,1.0185,MLc,0.125,163,6,0.0262,0.0222,
eslv2026s4nk7sqh,ohdd2026dcfhbuen,hypodd,ohyp2026m4zqi5dm,2024-01-19T02:43:40.560000Z,13.885503,-89.751693,4.915,1.224,MLc,0.16,165,8,0.0291,0.0246,
eslv2026rwfudgny,ohdd2026swa5jtup,hypodd,ohyp2026vgq6uqhs,2024-01-19T02:47:57.079999Z,13.882399,-89.754395,5.223,1.1237,MLc,0.309,224,8,0.0357,0.043,
eslv2026z5lbvakv,ohdd2026it7uny6e,hypodd,ohyp2026qievsisk,2024-01-19T02:53:44.469999Z,13.835438,-89.777905,2.859,1.0966,MLc,0.135,214,6,0.0313,0.0263,
eslv2026bmrjk6h3,ohdd2026y5i6tx5s,hypodd,ohyp2026pjj2wrlu,2024-01-19T03:15:38.380000Z,13.886661,-89.751685,5.811,1.6999,MLc,0.17,153,13,0.0368,0.0416,
eslv2026pp6mh3kr,ohdd2026cmdv4pv7,hypodd,ohyp2026z4taoc3o,2024-01-19T06:33:06.650000Z,13.882364,-89.757845,5.343,0.3422,MLc,0.156,193,10,0.0232,0.0358,
eslv2026jihu4z2e,ohdd2026nmn62sp4,hypodd,ohyp2026itkzbjvb,2024-01-19T06:35:45.329999Z,13.883231,-89.75542,6.148,0.5797,MLc,0.134,210,11,0.0235,0.0225,
eslv2026bwruhyh6,ohdd2026cgp2d4jb,hypodd,ohyp2026wcla2cay,2024-01-19T06:44:10.949999Z,13.883321,-89.757381,6.007,0.8485,MLc,0.145,186,14,0.0227,0.0219,
eslv2026urdlpxoa,ohdd2026hjqs5atc,hypodd,ohyp2026klxfthpw,2024-01-19T06:45:27.399999Z,13.880955,-89.757292,6.018,0.5442,MLc,0.169,198,10,0.0339,0.0345,
eslv20263ldj46cf,ohdd2026garobkez,hypodd,ohyp2026p2os63lg,2024-01-19T07:11:15.960000Z,13.883463,-89.748885,8.239,0.8976,MLc,0.222,211,7,0.0337,0.0264,
eslv202622fcqh7q,ohdd202663k6klhp,hypodd,ohyp2026o3aghrbc,2024-01-19T08:50:10.730000Z,13.876227,-89.758691,5.13,0.5139,MLc,0.14,228,9,0.0306,0.023,
eslv2026brtmgrh5,ohdd2026jseohpym,hypodd,ohyp2026hmc6m4wo,2024-01-19T10:05:08.230000Z,13.832299,-89.771769,5.225,0.7256,MLc,0.484,262,6,0.0555,0.0553,
eslv2026q5lk3v7u,ohdd2026yfcj24i7,hypodd,ohyp20263xqndlnr,2024-01-19T10:28:40.659999Z,13.827806,-89.772046,4.676,0.7757,MLc,0.466,265,6,0.0493,0.0654,
eslv2026kioocljc,ohdd2026wkz2kmt5,hypodd,ohyp2026zpvp7m64,2024-01-19T11:53:52.719999Z,13.879468,-89.75887,5.757,1.0221,MLc,0.131,189,11,0.025,0.0269,
eslv2026ii7crsl7,ohdd2026aj4kxxqf,hypodd,ohyp20262b2s2gky,2024-01-19T21:47:20.839999Z,13.947406,-89.677026,0.007,1.5288,MLc,0.305,157,6,1.9466,3.0402,
eslv2026iusx6iri,ohdd20264hwrsxur,hypodd,ohyp20265pbkswi4,2024-01-20T09:31:36.579999Z,14.115843,-89.73064,11.17,1.7585,MLc,0.185,288,14,0.4304,0.4013,
eslv20265x5p4ojg,ohdd2026xb6crkqp,hypodd,ohyp2026225lsqtf,2024-01-20T10:44:25.679999Z,13.88262,-89.752336,0.064,0.0807,MLc,0.186,204,7,0.0148,0.0218,
eslv2026o7kn64qg,ohdd2026bpqb3t6r,hypodd,ohyp2026bwkhn2zq,2024-01-21T07:31:20.469999Z,13.887199,-89.753337,7.44,2.7207,MLc,0.276,103,19,0.0352,0.0366,
eslv2026mddjdhlo,ohdd2026s7uask3j,hypodd,ohyp2026vobhzn6x,2024-01-21T07:34:37.719999Z,13.884004,-89.753898,5.655,1.749,MLc,0.194,186,17,0.0231,0.0174,
eslv20262hpy746v,ohdd2026ieoe7hsq,hypodd,ohyp2026xitdslxt,2024-01-24T02:34:30.989999Z,13.934069,-89.652686,0.527,0.3673,MLc,0.396,274,6,0.4852,0.6772,
eslv2026gfczbk5y,ohdd2026psfzyb2u,hypodd,ohyp2026xflioxfs,2024-01-26T03:23:25.219999Z,13.854173,-89.679492,9.384,0.8625,MLc,0.11,160,9,0.0299,0.0266,
eslv2026zfdtvjaq,ohdd2026oiht2767,hypodd,ohyp2026zxt7e5n2,2024-01-26T04:14:03.450000Z,13.906135,-89.725553,7.613,0.5851,MLc,0.175,223,6,0.0367,0.0319,
eslv2026shjck43r,ohdd2026oxiyhgar,hypodd,ohyp2026zgyn72fk,2024-01-26T06:38:13.199999Z,13.882075,-89.736515,11.408,0.8485,MLc,0.163,160,9,0.0344,0.0423,
eslv2026ak2znd5z,ohdd2026w4ldmv2d,hypodd,ohyp20264xvu7x6f,2024-01-26T07:53:37.630000Z,13.882899,-89.733561,7.445,0.4179,MLc,0.14,161,9,0.0265,0.0226,
eslv2026yevtrzie,ohdd2026wtze7eqq,hypodd,ohyp2026d6st34ry,2024-01-26T08:12:33.750000Z,13.775316,-89.425814,11.816,1.7137,MLc,0.233,144,12,0.3075,0.4636,
eslv2026nv2yxek3,ohdd2026wg3l3jfw,hypodd,ohyp2026fempezbv,2024-01-26T08:13:44.670000Z,13.782415,-89.422192,12.759,1.7204,MLc,0.237,141,14,0.3514,0.4521,
eslv2026gi2iewlz,ohdd2026qhf6mhbz,hypodd,ohyp2026hd772v4l,2024-01-26T09:52:29.760000Z,13.908201,-89.749569,11.615,0.2355,MLc,0.497,189,7,0.0786,0.0782,
eslv2026ox542bnn,ohdd202635nfo6up,hypodd,ohyp2026jfhjxn6b,2024-01-26T11:44:39.509999Z,13.885314,-89.753174,6.56,2.177,MLc,0.146,173,16,0.021,0.0199,
eslv2026o2xwppdg,ohdd2026guzotn7z,hypodd,ohyp20266n2ve3rb,2024-01-26T11:44:53.030000Z,13.885752,-89.745386,7.561,3.5695,MLc,0.298,132,20,0.027,0.0346,
eslv2026gpu6jglx,ohdd2026arlc7lk5,hypodd,ohyp202667p7rcmr,2024-01-26T11:46:06.070000Z,13.884207,-89.7521,5.717,2.3281,MLc,0.152,180,16,0.0236,0.0176,
eslv2026o4ryfica,ohdd2026v7pqyzjb,hypodd,ohyp2026i7cujqrb,2024-01-26T11:46:45.229999Z,13.804992,-89.737712,3.012,1.8332,MLc,0.016,175,11,0.044,0.0538,
eslv2026cbkntrqw,ohdd2026of3cd7i7,hypodd,ohyp2026vpc5grh2,2024-01-26T11:47:46.280000Z,13.882093,-89.740519,7.214,2.1557,MLc,0.211,107,16,0.0247,0.0336,
eslv2026n5k7hr2n,ohdd2026hkuexoc6,hypodd,ohyp2026a5rtqqks,2024-01-26T11:49:44.429999Z,13.889013,-89.742993,7.318,2.6327,MLc,0.204,155,17,0.0296,0.0315,
eslv2026hnglhi2y,ohdd2026jthpwc4a,hypodd,ohyp2026kbtjdmza,2024-01-26T11:52:01.889999Z,13.879459,-89.758936,5.548,1.0787,MLc,0.247,211,10,0.0311,0.0314,
eslv20264tcazpk5,ohdd2026nny6aqne,hypodd,ohyp202654gn35nh,2024-01-26T11:54:38.909999Z,13.884443,-89.75262,5.937,2.1,MLc,0.145,170,18,0.0228,0.032,
eslv2026t6ovrnjz,ohdd2026iathlu6o,hypodd,ohyp2026uz3dg4ic,2024-01-26T11:58:00.950000Z,13.823711,-89.723674,5.92,0.8415,MLc,0.125,183,6,0.047,0.0761,
eslv2026ijkku46c,ohdd2026ukleyiu6,hypodd,ohyp2026apnlt34h,2024-01-26T12:04:13.339999Z,13.919224,-89.722567,5.196,1.3031,MLc,0.296,265,6,0.038,0.0713,
eslv2026wytps34e,ohdd20264nmvidb5,hypodd,ohyp2026vjnefybj,2024-01-26T12:06:48.000000Z,13.885764,-89.753589,6.866,1.4221,MLc,0.172,164,12,0.022,0.0198,
eslv2026fjz44hi6,ohdd2026lfqkjsj3,hypodd,ohyp202626n3otkx,2024-01-26T12:15:08.289999Z,13.880767,-89.75485,5.683,1.6303,MLc,0.162,167,16,0.028,0.0354,
eslv2026gvnphhdq,ohdd20265ljfjqoi,hypodd,ohyp2026fzukagaw,2024-01-26T12:43:18.359999Z,13.879066,-89.751408,6.623,1.7738,MLc,0.246,199,13,0.0204,0.0194,
eslv2026inxtuxfg,ohdd2026cngnoih6,hypodd,ohyp2026agnkjyvb,2024-01-26T12:44:28.440000Z,13.869837,-89.759001,4.249,1.1489,MLc,0.157,202,10,0.0241,0.0157,
eslv2026i5ixtyfi,ohdd2026qtl7ya7a,hypodd,ohyp2026u4hjpbs7,2024-01-26T12:58:31.320000Z,13.883922,-89.755444,6.331,2.094,MLc,0.18,174,14,0.0201,0.0222,
eslv2026yib2mqex,ohdd20265ffsbhso,hypodd,ohyp2026mdj6eqnc,2024-01-26T12:58:43.270000Z,13.874983,-89.751717,4.501,1.892,MLc,0.272,162,13,0.0273,0.0353,
eslv20265osvvzjq,ohdd2026vvowhjdn,hypodd,ohyp2026qmcvetht,2024-01-26T12:59:46.960000Z,13.877267,-89.754777,4.929,1.4965,MLc,0.149,197,9,0.0254,0.0175,
eslv2026nt5mq4io,ohdd2026yuettzqc,hypodd,ohyp2026w4rjpodm,2024-01-26T13:00:44.409999Z,13.887375,-89.744857,6.979,1.7498,MLc,0.303,161,13,0.0325,0.0362,
eslv20263ze72niy,ohdd20263akto3be,hypodd,ohyp2026fuusainw,2024-01-26T13:03:02.390000Z,13.875648,-89.757479,5.195,1.3652,MLc,0.145,186,8,0.0306,0.027,
eslv2026gdbpkmp2,ohdd2026gp2oqwzx,hypodd,ohyp20263iyhqxgx,2024-01-26T13:03:11.869999Z,13.880228,-89.745345,4.376,1.7155,MLc,0.3,151,12,0.036,0.0344,
eslv2026va6ke5nz,ohdd2026yyqfig7k,hypodd,ohyp2026uz5fmx43,2024-01-26T13:04:04.019999Z,13.883879,-89.753849,5.64,1.7436,MLc,0.168,170,14,0.0228,0.0204,
eslv2026go6ip3dk,ohdd20266tf6kxw3,hypodd,ohyp2026adniqg5r,2024-01-26T13:04:34.780000Z,13.875781,-89.753711,3.203,0.8689,MLc,0.109,153,6,0.0283,0.0328,
eslv2026cc7lfvzk,ohdd2026a3dgn2u3,hypodd,ohyp2026nc5avhdb,2024-01-26T13:06:20.859999Z,13.873398,-89.756974,4.718,1.1031,MLc,0.146,201,9,0.0263,0.0164,
eslv2026kqqdfyh2,ohdd2026t6o6lyo4,hypodd,ohyp2026edqlugdj,2024-01-26T13:07:04.360000Z,13.873928,-89.755461,4.704,1.4703,MLc,0.167,185,12,0.0292,0.0222,
eslv202653tj74tu,ohdd2026n4lgqpsm,hypodd,ohyp20265mv2fnyh,2024-01-26T13:09:58.770000Z,13.885478,-89.752035,6.337,2.2048,MLc,0.132,170,16,0.0209,0.026,
eslv20263h6pxj2w,ohdd2026o6w7qpy3,hypodd,ohyp20262gxwk53j,2024-01-26T13:12:11.250000Z,13.927125,-89.736019,4.385,1.1218,MLc,0.176,192,6,0.0428,0.0316,
eslv20262l6udxxg,ohdd2026e7fzzgcw,hypodd,ohyp2026e4jxcnco,2024-01-26T13:40:33.520000Z,13.876136,-89.758675,6.298,0.9317,MLc,0.166,179,6,0.0329,0.0243,
eslv2026n23qp7hm,ohdd2026d2jmsfjh,hypodd,ohyp2026fe5rouyr,2024-01-26T15:13:58.390000Z,13.927989,-89.735905,2.822,1.0115,MLc,0.183,265,6,0.0983,0.1058,
eslv20267guurd3d,ohdd20266zigc7fm,hypodd,ohyp2026z5b7gsim,2024-01-26T16:08:48.700000Z,13.876503,-89.756722,5.137,1.4551,MLc,0.156,197,11,0.0271,0.0218,
eslv2026jbiyrd7q,ohdd2026kunegsfi,hypodd,ohyp2026qaxsz3p3,2024-01-26T18:35:46.439999Z,13.874473,-89.756584,4.8,1.3262,MLc,0.207,202,11,0.0226,0.021,
eslv2026xdwzsyth,ohdd2026q5k2z5ml,hypodd,ohyp2026pw4tikux,2024-01-26T20:45:02.160000Z,13.884774,-89.734245,11.966,1.5388,MLc,0.236,167,7,0.0548,0.0525,
eslv2026qe6a5shc,ohdd202632m4yaf5,hypodd,ohyp2026xg5ylxmf,2024-01-26T20:54:06.599999Z,13.857782,-89.730306,2.75,0.6227,MLc,0.214,160,8,0.044,0.0497,
eslv2026foijstmr,ohdd2026jpo7xubc,hypodd,ohyp2026fuypw25a,2024-01-26T21:13:12.480000Z,13.828869,-89.747209,5.044,1.6339,MLc,0.298,241,6,0.0299,0.0368,
eslv2026ra4khkmv,ohdd2026kudd7f7u,hypodd,ohyp2026dqx44kj4,2024-01-26T21:23:07.780000Z,13.837178,-89.759782,8.047,0.8502,MLc,0.148,161,7,0.027,0.0246,
eslv2026j5w5m6b5,ohdd2026srrztsom,hypodd,ohyp2026jjf5k4ed,2024-01-26T21:24:48.880000Z,13.854881,-89.738322,6.221,1.1193,MLc,0.246,178,11,0.0267,0.0338,
eslv2026li734h73,ohdd2026uoigtfci,hypodd,ohyp2026xu4kjqje,2024-01-26T21:26:20.620000Z,13.883833,-89.740584,8.763,2.3618,MLc,0.183,164,12,0.0269,0.0331,
eslv2026ykswvdag,ohdd2026vngd3ky5,hypodd,ohyp2026hww4jbav,2024-01-26T21:47:44.240000Z,13.884222,-89.731714,7.964,1.9706,MLc,0.218,99,14,0.0279,0.0252,
eslv2026hdhvsaaz,ohdd2026yazxklpo,hypodd,ohyp2026qlspf4mr,2024-01-26T22:29:54.880000Z,13.996394,-89.704053,0.533,0.7541,MLc,0.053,289,6,0.0648,0.0635,
eslv2026flnvps7j,ohdd2026duqwgst4,hypodd,ohyp2026a2tfhzbl,2024-01-26T22:50:29.480000Z,13.885471,-89.752848,6.797,2.2622,MLc,0.158,164,18,0.0212,0.0183,
eslv2026mixpa5e7,ohdd2026sa7mjujl,hypodd,ohyp2026ee347xrm,2024-01-28T02:45:34.600000Z,13.875928,-89.726172,7.085,0.4521,MLc,0.135,187,6,0.0343,0.03,
eslv2026d554vy7e,ohdd2026gshieduq,hypodd,ohyp2026w36truck,2024-01-28T18:37:16.879999Z,13.885028,-89.731893,8.642,3.3753,MLc,0.162,99,20,0.0264,0.023,
eslv2026et4h3bap,ohdd2026ekmt5hij,hypodd,ohyp2026zsamkj2c,2024-01-28T18:37:37.740000Z,13.873161,-89.729134,10.988,2.375,MLc,0.212,166,9,0.0359,0.038,
eslv2026owjt63rz,ohdd2026tnv3rsxx,hypodd,ohyp2026ipskjknh,2024-01-28T18:38:11.640000Z,13.884792,-89.730892,8.726,1.6786,MLc,0.128,104,11,0.027,0.0293,
eslv2026jrfpcsap,ohdd2026njaa6hoz,hypodd,ohyp2026aradqp2m,2024-01-28T18:38:25.440000Z,13.884932,-89.730949,8.283,1.8616,MLc,0.183,104,17,0.0226,0.0266,
eslv2026d5v27xmy,ohdd2026g2ooevp6,hypodd,ohyp2026co2yg2fj,2024-01-28T18:39:05.360000Z,13.885208,-89.732471,8.112,3.0056,MLc,0.199,98,20,0.0275,0.0183,
eslv20265jqufpsc,ohdd2026jsterpuw,hypodd,ohyp2026ia77fnem,2024-01-28T18:40:25.579999Z,13.88476,-89.774308,9.023,1.1468,MLc,0.155,129,9,0.0234,0.0199,
eslv2026qk3nidov,ohdd202662j6tjou,hypodd,ohyp2026vnk7ec2r,2024-01-28T18:40:49.719999Z,13.884294,-89.730965,7.766,2.2316,MLc,0.178,97,18,0.0263,0.0237,
eslv2026h3kflrkb,ohdd2026auo5zbav,hypodd,ohyp20263wg6t3qs,2024-01-28T18:42:22.039999Z,13.88401,-89.731217,8.425,4.0051,MLc,0.163,99,22,0.0268,0.0283,
eslv20266doo6zlo,ohdd2026zwwmpqq4,hypodd,ohyp2026kc3s7ctp,2024-01-28T18:42:38.840000Z,13.885431,-89.732438,7.678,3.3448,MLc,0.141,101,15,0.0235,0.0207,
eslv2026bc5xicxc,ohdd20266asq73gz,hypodd,ohyp2026ie33ljpo,2024-01-28T18:43:07.879999Z,13.883659,-89.729956,8.15,3.6682,MLc,0.157,101,22,0.0261,0.0279,
eslv2026nm4p5ziq,ohdd2026crwka22d,hypodd,ohyp20264i4jj4hm,2024-01-28T18:44:11.980000Z,13.879105,-89.734001,9.857,1.7486,MLc,0.177,137,10,0.0259,0.0225,
eslv2026wvrynfeg,ohdd2026ozqwh34t,hypodd,ohyp2026bkwnzd3o,2024-01-28T18:44:19.399999Z,13.885226,-89.731632,8.409,2.3486,MLc,0.223,103,11,0.0274,0.0276,
eslv2026m6mwqe6w,ohdd2026hunnyzac,hypodd,ohyp2026mvo73b3h,2024-01-28T18:44:52.520000Z,13.885113,-89.730583,7.173,1.8521,MLc,0.151,103,16,0.0237,0.0196,
eslv20265kx7rb7q,ohdd2026hnusijve,hypodd,ohyp2026amjbh7dp,2024-01-28T18:45:26.640000Z,13.884178,-89.730184,8.511,,,0.138,100,17,0.0246,0.033,
eslv2026sqpfst7n,ohdd2026z5yeqmml,hypodd,ohyp2026nwhnhfks,2024-01-28T18:48:18.399999Z,13.885745,-89.730379,7.768,1.3499,MLc,0.144,131,10,0.0258,0.0352,
eslv2026yggxhlok,ohdd2026dw4ocsdb,hypodd,ohyp2026iiadvoku,2024-01-28T18:49:20.059999Z,13.885406,-89.730469,8.556,2.1362,MLc,0.139,103,18,0.0249,0.024,
eslv2026g6nxb2wh,ohdd2026jwdkzr7z,hypodd,ohyp20264p3h6mul,2024-01-28T18:49:54.000000Z,13.88526,-89.733162,8.161,1.8895,MLc,0.104,101,16,0.0189,0.0223,
eslv2026em43zaqh,ohdd2026q33bq3e5,hypodd,ohyp2026k6w3hame,2024-01-28T18:50:27.839999Z,13.885356,-89.730965,8.504,1.5041,MLc,0.163,107,15,0.0251,0.0318,
eslv2026t4wloaqz,ohdd2026ak3ps3cf,hypodd,ohyp2026g2knk3fx,2024-01-28T18:50:58.100000Z,13.880908,-89.729118,6.927,1.3219,MLc,0.2,148,10,0.041,0.0377,
eslv202653zuf44o,ohdd2026nsshvwpc,hypodd,ohyp2026h3cokq7q,2024-01-28T18:51:16.539999Z,13.876357,-89.74078,7.982,1.3432,MLc,0.231,147,8,0.0252,0.0232,
eslv2026utpo47oy,ohdd2026ksakvddy,hypodd,ohyp2026vnrcq3oe,2024-01-28T18:51:43.159999Z,13.859242,-89.7448,1.049,1.1773,MLc,0.149,157,8,0.0372,0.05,
eslv2026qqks44ud,ohdd2026o3mu7c74,hypodd,ohyp2026nrsjx4er,2024-01-28T18:52:00.720000Z,13.886404,-89.729224,7.955,1.5058,MLc,0.161,102,13,0.0251,0.0276,
eslv2026253hci6y,ohdd2026iceqfcgv,hypodd,ohyp20267og7u3e5,2024-01-28T18:52:27.559999Z,13.884083,-89.731217,8.188,2.1163,MLc,0.183,102,18,0.0256,0.0236,
eslv20266ecsvhsi,ohdd2026nysfqzh5,hypodd,ohyp202677lxxbec,2024-01-28T18:53:10.099999Z,13.885571,-89.735034,7.508,2.0553,MLc,0.11,232,9,0.0382,0.0261,
eslv2026yhj6hksg,ohdd202672invekc,hypodd,ohyp2026fmcxjuhi,2024-01-28T18:53:19.079999Z,13.90331,-89.706795,7.24,2.1609,MLc,0.059,139,9,0.052,0.0453,
eslv20262vzhtiex,ohdd2026vyye544e,hypodd,ohyp2026hfktcp26,2024-01-28T18:54:16.960000Z,13.881898,-89.736068,10.9,1.8847,MLc,0.173,98,17,0.0274,0.0431,
eslv2026hvwccinp,ohdd2026rogydwjc,hypodd,ohyp2026rgqp6agy,2024-01-28T18:54:26.879999Z,13.865586,-89.732715,16.549,2.4568,MLc,0.17,113,9,0.0224,0.0197,
eslv2026mlgp7dc2,ohdd2026jkavlzp3,hypodd,ohyp2026svcjskav,2024-01-28T18:54:43.259999Z,13.885035,-89.731071,8.572,2.9081,MLc,0.112,103,19,0.0254,0.0258,
eslv2026xfelosa3,ohdd20264yf6lkqe,hypodd,ohyp2026zqsidsgc,2024-01-28T18:55:34.380000Z,13.884546,-89.731885,7.387,1.8142,MLc,0.13,101,18,0.0222,0.022,
eslv2026rkeyoebd,ohdd2026qp2onf2p,hypodd,ohyp2026epyipv5d,2024-01-28T18:56:02.439999Z,13.870125,-89.756681,4.053,1.3232,MLc,0.263,102,10,0.0496,0.0305,
eslv2026lqpmndui,ohdd202673g5kvtz,hypodd,ohyp20265sjo7qcv,2024-01-28T18:56:23.339999Z,13.882882,-89.732357,6.617,1.4928,MLc,0.157,103,16,0.0218,0.0261,
eslv2026yizjtfqz,ohdd2026m4lbd7py,hypodd,ohyp2026aft6647b,2024-01-28T18:58:05.219999Z,13.884414,-89.731071,8.472,2.9875,MLc,0.132,102,12,0.0257,0.0244,
eslv2026cj4iweql,ohdd202622jntdup,hypodd,ohyp2026z6wtmkmo,2024-01-28T18:58:37.020000Z,13.884205,-89.731901,8.387,2.1714,MLc,0.208,102,10,0.0234,0.0242,
eslv2026z53mnwdh,ohdd2026mflqlk32,hypodd,ohyp2026zjkwepnb,2024-01-28T18:58:45.640000Z,13.884342,-89.730868,8.309,2.7269,MLc,0.222,98,12,0.0272,0.0291,
eslv2026imvlr4zf,ohdd2026yznv75wx,hypodd,ohyp2026x7756stw,2024-01-28T18:59:08.519999Z,13.884589,-89.73387,7.4,1.6707,MLc,0.151,133,10,0.0231,0.0219,
eslv2026c7mlivbw,ohdd2026bryeenek,hypodd,ohyp2026thgvemlv,2024-01-28T18:59:29.160000Z,13.871816,-89.729801,13.879,1.8003,MLc,0.191,113,13,0.0273,0.0273,
eslv2026yvjhgezm,ohdd2026fdc2rkmi,hypodd,ohyp20262uooel7o,2024-01-28T19:00:33.399999Z,13.897352,-89.721802,7.172,1.1223,MLc,0.208,158,8,0.0431,0.0359,
eslv2026unov42ff,ohdd2026iokvdrrl,hypodd,ohyp2026ynwz23fc,2024-01-28T19:01:01.520000Z,13.887728,-89.681812,8.473,1.5974,MLc,0.194,115,10,0.0288,0.0206,
eslv2026gj3kpu76,ohdd2026p6ufbadn,hypodd,ohyp2026anq63pdw,2024-01-28T19:02:26.320000Z,13.891717,-89.767057,8.921,1.2855,MLc,0.108,137,11,0.0237,0.0247,
eslv2026dime4h5s,ohdd2026rl6wwiiw,hypodd,ohyp2026w7d2gzi5,2024-01-28T19:02:42.840000Z,13.885034,-89.731291,8.465,1.4371,MLc,0.147,103,15,0.0257,0.0243,
eslv2026mokxwdun,ohdd2026iuuldec2,hypodd,ohyp2026gm3bg3nx,2024-01-28T19:03:52.399999Z,13.88466,-89.732048,8.622,3.2078,MLc,0.169,101,20,0.0263,0.0241,
eslv20267w5dhns7,ohdd2026hlwqr7ek,hypodd,ohyp20263di6jd5f,2024-01-28T19:05:03.120000Z,13.884786,-89.731372,8.579,2.784,MLc,0.172,102,18,0.0262,0.0226,
eslv2026hdqey6qw,ohdd20263ahwftjy,hypodd,ohyp2026xmskcr62,2024-01-28T19:06:30.320000Z,13.928569,-89.719653,10.227,1.1696,MLc,0.117,132,12,0.0213,0.0271,
eslv2026mbgodlwr,ohdd2026gzpqutvc,hypodd,ohyp2026tlt5wtj6,2024-01-28T19:06:52.880000Z,13.870556,-89.729777,14.108,1.7207,MLc,0.156,112,12,0.0283,0.0248,
eslv2026a5t26wbj,ohdd2026nhc7pjqc,hypodd,ohyp2026knmzd7kb,2024-01-28T19:08:56.439999Z,13.883662,-89.733358,8.162,1.2286,MLc,0.191,156,10,0.0248,0.0253,
eslv2026mh76uuip,ohdd2026ws3sd6u3,hypodd,ohyp2026w2qlxmae,2024-01-28T19:15:35.159999Z,13.884834,-89.732373,8.51,1.6379,MLc,0.149,128,14,0.021,0.0205,
eslv2026nr2bnrqm,ohdd20264xnysipf,hypodd,ohyp2026rv2uhfn3,2024-01-28T19:16:55.079999Z,13.885173,-89.732243,8.145,1.76,MLc,0.138,101,15,0.0227,0.0214,
eslv2026osa5c4dr,ohdd2026oa3zknkn,hypodd,ohyp2026lqwdvd7x,2024-01-28T19:19:13.480000Z,13.901246,-89.726506,14.336,0.9163,MLc,0.149,139,9,0.0603,0.0409,
eslv2026xqvraigo,ohdd2026aqangyf2,hypodd,ohyp2026otayi5ey,2024-01-28T19:19:56.840000Z,13.884098,-89.729907,8.585,1.9049,MLc,0.149,105,16,0.026,0.0238,
eslv2026jitmwfgt,ohdd2026v5qri4ee,hypodd,ohyp2026xlvseizg,2024-01-28T19:23:11.720000Z,13.875253,-89.727604,9.326,1.752,MLc,0.338,131,14,0.0383,0.0308,
eslv2026ql27slfv,ohdd2026n6udzocd,hypodd,ohyp20264pzkjszb,2024-01-28T19:23:35.479999Z,13.886035,-89.730103,8.202,1.7322,MLc,0.259,106,13,0.0266,0.0267,
eslv2026rrwvxteo,ohdd2026laugg62z,hypodd,ohyp2026iqmlzbdi,2024-01-28T19:23:47.840000Z,13.885849,-89.729395,8.119,1.4814,MLc,0.168,105,9,0.0284,0.0258,
eslv20266qgyykcg,ohdd2026sndhxdvz,hypodd,ohyp2026ad4eud3g,2024-01-28T19:24:06.240000Z,13.885855,-89.731323,8.321,2.2138,MLc,0.117,99,18,0.0191,0.0228,
eslv2026yerlv77t,ohdd20265t3m2wub,hypodd,ohyp2026ppfd3inc,2024-01-28T19:30:16.800000Z,13.88421,-89.740267,10.917,0.8141,MLc,0.15,155,9,0.0269,0.0209,
eslv2026japuwel2,ohdd2026hk3fftzb,hypodd,ohyp2026sdhcl4qa,2024-01-28T19:31:29.539999Z,13.865856,-89.730648,16.123,1.6316,MLc,0.285,113,13,0.0249,0.0187,
eslv2026ue762juf,ohdd2026c4v6ejul,hypodd,ohyp2026vnov4qxh,2024-01-28T19:35:04.440000Z,13.886377,-89.733236,7.638,1.4062,MLc,0.141,133,11,0.0223,0.0193,
eslv2026mtmchdea,ohdd2026zxexakz6,hypodd,ohyp2026luks4uwq,2024-01-28T19:37:52.240000Z,13.884466,-89.730509,7.366,0.8986,MLc,0.2,163,8,0.0504,0.0367,
eslv2026m5dda7sy,ohdd2026tav2x3iz,hypodd,ohyp2026mod32rfm,2024-01-28T19:39:01.219999Z,13.88517,-89.73361,7.608,0.9314,MLc,0.123,102,10,0.0253,0.0206,
eslv2026o5p72n4d,ohdd2026eoidffri,hypodd,ohyp2026omp667ti,2024-01-28T19:40:48.960000Z,13.877802,-89.736117,5.109,,,0.19,125,8,0.0551,0.131,
eslv2026gpdjqph6,ohdd20263pqjddb3,hypodd,ohyp20265qqy6asb,2024-01-28T19:42:25.920000Z,13.885451,-89.731038,8.317,1.8684,MLc,0.121,99,16,0.0206,0.0216,
eslv20262czm4msq,ohdd2026mazstnsf,hypodd,ohyp2026sjyq7eet,2024-01-28T19:42:58.320000Z,13.88446,-89.730322,8.075,1.4899,MLc,0.188,96,14,0.0267,0.02,
eslv2026ltdewm75,ohdd20267ymri2ev,hypodd,ohyp2026zg7xh6lm,2024-01-28T19:43:51.399999Z,13.883733,-89.730192,8.34,1.1953,MLc,0.186,103,13,0.0237,0.0235,
eslv2026lji7azca,ohdd2026dd6u7t42,hypodd,ohyp202633vyzpyd,2024-01-28T19:45:03.520000Z,13.885051,-89.732625,7.62,1.7589,MLc,0.209,102,11,0.0307,0.0242,
eslv2026szmbj2em,ohdd2026cml6upln,hypodd,ohyp2026njx62qnz,2024-01-28T19:46:25.359999Z,13.884295,-89.7295,8.533,1.2069,MLc,0.176,103,11,0.0239,0.0244,
eslv2026ksw7kj24,ohdd20264t6origm,hypodd,ohyp2026rsvyivn6,2024-01-28T19:46:42.320000Z,13.885374,-89.729012,8.986,1.9695,MLc,0.053,129,9,0.0289,0.0396,
eslv2026bga4b53y,ohdd2026lbzqaoyn,hypodd,ohyp2026nlhgu5xe,2024-01-28T19:47:03.859999Z,13.884864,-89.732837,7.896,1.4603,MLc,0.118,101,16,0.0188,0.018,
eslv2026eb3qyoar,ohdd2026uior2mpm,hypodd,ohyp20266i5a2zyp,2024-01-28T19:49:57.000000Z,13.885548,-89.732495,7.699,1.8477,MLc,0.176,139,12,0.0227,0.0265,
eslv2026xy6l7dbq,ohdd20267xrbxa6d,hypodd,ohyp2026qfpdoxhk,2024-01-28T19:50:20.039999Z,13.885344,-89.730037,8.182,1.7759,MLc,0.131,102,16,0.0199,0.0212,
eslv20265yiki3f6,ohdd2026wjoniplt,hypodd,ohyp2026payi5zvn,2024-01-28T19:51:22.239999Z,13.864811,-89.728516,7.857,1.1277,MLc,0.2,150,9,0.0435,0.0408,
eslv2026r7fay5cs,ohdd2026kkbeetvp,hypodd,ohyp2026c7efkmoy,2024-01-28T19:54:11.419999Z,13.876414,-89.727767,8.81,0.9563,MLc,0.235,146,7,0.0348,0.0314,
eslv2026uudk7fii,ohdd2026mmv3lade,hypodd,ohyp2026rpebfiyo,2024-01-28T19:58:29.820000Z,13.887337,-89.730607,8.916,1.6845,MLc,0.138,129,13,0.0241,0.027,
eslv20265ybd5th2,ohdd2026tnt3uhb3,hypodd,ohyp2026wexznxgn,2024-01-28T19:59:01.919999Z,13.881585,-89.763965,4.471,0.2026,MLc,0.068,271,6,0.0351,0.0233,
eslv2026ahuvgdp5,ohdd2026jimsnyfh,hypodd,ohyp2026gc7nkjt7,2024-01-28T19:59:41.119999Z,13.883843,-89.730396,8.227,1.7987,MLc,0.153,99,17,0.0259,0.0212,
eslv20265js5qyv4,ohdd2026eke7nfv4,hypodd,ohyp2026ndbb7khv,2024-01-28T20:10:20.800000Z,13.885198,-89.730721,8.437,1.5204,MLc,0.137,104,16,0.0225,0.0245,
eslv2026woky66po,ohdd2026ecrfjbhr,hypodd,ohyp2026jodudmez,2024-01-28T20:19:26.120000Z,13.907642,-89.747339,11.133,1.7456,MLc,0.182,162,13,0.0783,0.0785,
eslv2026c3y2xquj,ohdd2026kxjcrub3,hypodd,ohyp2026f57wj4a3,2024-01-28T20:20:08.199999Z,13.88454,-89.733293,6.774,1.5924,MLc,0.137,99,11,0.0262,0.0267,
eslv20265g5ngciv,ohdd2026mdercy4k,hypodd,ohyp2026grq5yb62,2024-01-28T20:20:50.920000Z,13.883851,-89.73195,8.15,2.4043,MLc,0.162,97,18,0.0231,0.0194,
eslv2026kdxpxu5a,ohdd2026wdplbdv2,hypodd,ohyp2026wtu2cc3j,2024-01-28T20:21:03.200000Z,13.888446,-89.730664,5.329,2.1707,MLc,0.163,140,13,0.0275,0.0385,
eslv2026gbnyshqj,ohdd2026acd7xl4y,hypodd,ohyp2026qodgblu5,2024-01-28T20:21:17.940000Z,13.884365,-89.735246,7.048,1.785,MLc,0.106,136,12,0.0177,0.0214,
eslv20265vsh6qzg,ohdd2026xz4rnxvf,hypodd,ohyp2026iihcvg5j,2024-01-28T20:21:49.820000Z,13.883742,-89.730851,7.932,2.4378,MLc,0.288,99,18,0.0277,0.0199,
eslv2026weo63edn,ohdd2026vojwodyk,hypodd,ohyp2026ee3ibmja,2024-01-28T20:22:17.719999Z,13.88506,-89.73339,6.769,2.2537,MLc,0.115,104,15,0.021,0.0193,
eslv2026oqptnvyv,ohdd2026gnehsul7,hypodd,ohyp2026jsp3q4kw,2024-01-28T20:23:28.920000Z,13.884964,-89.731087,8.12,2.1718,MLc,0.161,98,17,0.0246,0.0236,
eslv202632pq3dxn,ohdd2026cs7kuggs,hypodd,ohyp2026bmnixbq5,2024-01-28T20:23:57.240000Z,13.884808,-89.7337,6.681,1.8967,MLc,0.099,104,16,0.0165,0.0212,
eslv20262avldoor,ohdd2026e233ipyy,hypodd,ohyp20264sywuz3p,2024-01-28T20:26:00.940000Z,13.884835,-89.733765,6.73,1.7417,MLc,0.121,101,15,0.0212,0.0196,
eslv2026j77evs27,ohdd2026dp3xrbc5,hypodd,ohyp2026wkqpzbun,2024-01-28T20:26:17.719999Z,13.884445,-89.739518,8.884,1.0497,MLc,0.198,171,8,0.03,0.0333,
eslv2026mjyz7xul,ohdd2026emaj2pk5,hypodd,ohyp2026lis24mko,2024-01-28T20:26:47.000000Z,13.884354,-89.732438,8.176,2.8115,MLc,0.173,97,20,0.0238,0.0161,
eslv2026ohuf4t57,ohdd20265t2bfgmg,hypodd,ohyp20264tv6y33m,2024-01-28T20:31:19.079999Z,13.886449,-89.737158,8.796,1.1808,MLc,0.143,126,8,0.0308,0.03,
eslv2026vo7ehdbs,ohdd2026kxgnbqzj,hypodd,ohyp2026exwyaxfb,2024-01-28T20:32:10.080000Z,13.885825,-89.730306,8.458,1.4618,MLc,0.158,141,10,0.0312,0.0455,
eslv2026drmetovn,ohdd2026fbpbvlzo,hypodd,ohyp2026wub43uww,2024-01-28T20:35:43.119999Z,13.909255,-89.713892,2.691,0.877,MLc,0.141,189,6,0.0253,0.0424,
eslv2026av6uxrcp,ohdd2026ausvcwfm,hypodd,ohyp202666rm6exq,2024-01-28T20:36:03.279999Z,13.863548,-89.734937,5.86,0.9031,MLc,0.252,160,7,0.0307,0.0376,
eslv2026yw46vpvv,ohdd2026lyj3m753,hypodd,ohyp202667pawy3s,2024-01-28T20:38:45.560000Z,13.883261,-89.730998,8.204,2.6904,MLc,0.165,99,19,0.0243,0.0251,
eslv2026iqwgkx2o,ohdd20263cirhn6i,hypodd,ohyp2026rsl573ms,2024-01-28T20:42:10.160000Z,13.881284,-89.731852,10.037,1.3788,MLc,0.245,121,10,0.0287,0.0343,
eslv20262cnjmsfk,ohdd2026urg5b5iz,hypodd,ohyp2026ilktl5cp,2024-01-28T20:49:15.720000Z,13.879632,-89.726465,9.63,0.8548,MLc,0.162,153,8,0.0474,0.0351,
eslv2026snw2unhx,ohdd2026t5bf7slg,hypodd,ohyp2026fremtcpf,2024-01-28T20:50:33.560000Z,13.872411,-89.732227,8.82,0.9764,MLc,0.245,171,11,0.0411,0.0393,
eslv2026nydbhbrr,ohdd2026boz575d2,hypodd,ohyp2026etx5j7pu,2024-01-28T20:56:33.600000Z,13.882827,-89.735579,7.651,1.3263,MLc,0.153,140,12,0.0214,0.0189,
eslv20265dwflbx5,ohdd2026evwoispv,hypodd,ohyp20265jxzprrz,2024-01-28T20:58:52.439999Z,13.883959,-89.731803,8.737,1.324,MLc,0.118,101,13,0.0205,0.0268,
eslv2026f6l4dsqv,ohdd2026axfkh56b,hypodd,ohyp20262mtnra3o,2024-01-28T20:59:27.839999Z,13.941521,-89.78724,7.573,2.2841,MLc,0.222,246,15,0.0818,0.1074,
eslv2026ttqwxgx3,ohdd2026mkq7ltwa,hypodd,ohyp2026agmirilh,2024-01-28T20:59:40.420000Z,13.91147,-89.73042,7.035,1.8796,MLc,0.226,130,10,0.0306,0.0274,
eslv2026nud6qher,ohdd20267irsysos,hypodd,ohyp2026xlt6l5tt,2024-01-28T21:02:05.080000Z,13.885985,-89.732479,6.739,1.4021,MLc,0.169,105,13,0.0266,0.0215,
eslv2026mwvagaow,ohdd20267dlaspf7,hypodd,ohyp20264rflzf53,2024-01-28T21:05:20.000000Z,13.885685,-89.731714,7.988,1.7293,MLc,0.138,101,17,0.0195,0.0193,
eslv2026wuarqsk3,ohdd20263zr6fn3o,hypodd,ohyp2026j73iq525,2024-01-28T21:08:26.039999Z,13.885202,-89.734587,7.464,2.0314,MLc,0.127,138,18,0.02,0.0178,
eslv2026ap42bryz,ohdd2026n6fj2y52,hypodd,ohyp20262v7pa7l2,2024-01-28T21:17:11.599999Z,13.884492,-89.734554,7.492,1.4704,MLc,0.138,139,13,0.0189,0.0168,
eslv2026fjjupvlh,ohdd2026lxvk5rh7,hypodd,ohyp2026sue5ako6,2024-01-28T21:18:10.080000Z,13.880302,-89.738143,10.665,1.3356,MLc,0.282,135,10,0.046,0.0364,
eslv2026oankaf7q,ohdd2026rrms7tgn,hypodd,ohyp2026hfe2jyfo,2024-01-28T21:24:45.479999Z,13.876153,-89.729102,8.684,0.7771,MLc,0.252,151,7,0.0374,0.0293,
eslv2026pq7gdjob,ohdd2026hwmm4uwu,hypodd,ohyp2026uopoj6mp,2024-01-28T21:31:20.399999Z,13.884613,-89.733154,5.353,0.9751,MLc,0.18,166,10,0.0328,0.0425,
eslv2026vn436qqc,ohdd2026uwghvr3l,hypodd,ohyp202655wutxzn,2024-01-28T21:33:54.119999Z,13.88878,-89.72522,9.81,1.0278,MLc,0.126,155,9,0.0325,0.0297,
eslv2026uqfkpiei,ohdd20262bzyun3t,hypodd,ohyp2026zo6verfq,2024-01-28T21:34:03.279999Z,13.884772,-89.730509,8.466,1.5464,MLc,0.193,105,16,0.0244,0.0235,
eslv20267y6tdiw2,ohdd2026zzc25a47,hypodd,ohyp2026m5a4zsz2,2024-01-28T21:40:04.320000Z,13.885549,-89.732202,7.86,1.1877,MLc,0.19,127,10,0.0275,0.039,
eslv2026ohig6utj,ohdd2026pwrty5tj,hypodd,ohyp2026pg65tuds,2024-01-28T21:49:02.319999Z,13.92835,-89.712988,5.034,0.998,MLc,0.209,166,6,0.0614,0.0502,
eslv20264yyz6bu4,ohdd20262cw3xhhg,hypodd,ohyp2026fzsojemr,2024-01-28T21:51:06.980000Z,13.885027,-89.734904,7.007,1.1554,MLc,0.152,163,9,0.0251,0.027,
eslv2026zgwcgssx,ohdd2026ybembast,hypodd,ohyp20265m2oaxmq,2024-01-28T21:51:47.939999Z,13.884194,-89.748006,8.312,1.4277,MLc,0.181,166,12,0.0322,0.031,
eslv2026o22oouol,ohdd2026cgzd2fgt,hypodd,ohyp2026cdgqiv2k,2024-01-28T21:52:46.479999Z,13.873977,-89.734538,7.873,1.2515,MLc,0.209,160,9,0.0383,0.0265,
eslv2026wa5ghk3k,ohdd2026pir7qrnk,hypodd,ohyp2026nhze3c4e,2024-01-28T22:00:51.039999Z,13.885219,-89.730737,8.885,2.2052,MLc,0.17,102,18,0.0265,0.0274,
eslv2026vowmzmsw,ohdd2026mqx6g6ys,hypodd,ohyp2026ncgicmfy,2024-01-28T22:07:05.559999Z,13.873573,-89.729134,8.264,1.2033,MLc,0.242,149,11,0.0304,0.0283,
eslv20264l4nlgkv,ohdd2026nwzeh5kb,hypodd,ohyp2026gxnlv5il,2024-01-28T22:11:17.519999Z,13.884595,-89.732227,6.813,1.5974,MLc,0.152,98,16,0.0222,0.019,
eslv2026kkjox2w6,ohdd20263ui6l5sl,hypodd,ohyp2026hyx4jmvj,2024-01-28T22:14:48.640000Z,13.884962,-89.73033,8.29,1.6922,MLc,0.176,104,16,0.0229,0.0233,
eslv2026naods2pm,ohdd2026ud3ndpih,hypodd,ohyp202654qvuugl,2024-01-28T22:16:37.820000Z,13.885151,-89.734204,6.805,1.5403,MLc,0.086,104,14,0.0196,0.0229,
eslv2026bk7urqww,ohdd2026bmse2ukp,hypodd,ohyp20266xm6fgvb,2024-01-28T22:16:59.359999Z,13.885074,-89.732625,6.595,1.9434,MLc,0.143,98,14,0.0221,0.0181,
eslv2026a2r6tojn,ohdd2026ek5iscs7,hypodd,ohyp2026kl4v6lce,2024-01-28T22:17:35.799999Z,13.885201,-89.726847,8.167,1.331,MLc,0.164,106,11,0.0258,0.0367,
eslv2026pg7qabql,ohdd2026tsgfyftn,hypodd,ohyp2026z26j5mmm,2024-01-28T22:17:53.560000Z,13.88658,-89.733716,6.781,1.3804,MLc,0.252,140,9,0.0166,0.0176,
eslv20267vmkmd3l,ohdd2026guhqnwvf,hypodd,ohyp2026v76irkul,2024-01-28T22:18:16.719999Z,13.88422,-89.731128,8.338,2.4636,MLc,0.177,98,18,0.0276,0.0269,
eslv2026ssptlyrj,ohdd20265blmuzsr,hypodd,ohyp2026dtye54sz,2024-01-28T22:18:39.299999Z,13.88295,-89.731649,7.332,1.657,MLc,0.188,138,9,0.0323,0.027,
eslv2026ucaqkmm7,ohdd2026m4alrprb,hypodd,ohyp20264rauldf7,2024-01-28T22:20:41.679999Z,13.8832,-89.732731,6.637,1.623,MLc,0.141,103,16,0.0211,0.0185,
eslv2026lvkt54oe,ohdd20262gv3nfwd,hypodd,ohyp2026d5r5kqlw,2024-01-28T22:20:56.700000Z,13.883132,-89.730208,7.857,1.9732,MLc,0.145,99,15,0.0255,0.0225,
eslv20267ks6qcln,ohdd2026tpoeiy7a,hypodd,ohyp20263ncsw2vj,2024-01-28T22:22:28.519999Z,13.883491,-89.734188,7.554,1.4426,MLc,0.137,141,8,0.0224,0.0226,
eslv2026c4lhqidm,ohdd2026tojdkj72,hypodd,ohyp2026fcf3bqyh,2024-01-28T22:23:06.280000Z,13.886992,-89.732983,8.491,1.4551,MLc,0.223,103,9,0.0266,0.0231,
eslv20263klprr5d,ohdd2026msncupp6,hypodd,ohyp2026z56w4x7g,2024-01-28T22:25:07.660000Z,13.884569,-89.730208,6.333,1.5362,MLc,0.15,101,13,0.0263,0.0276,
eslv202662gu5qtg,ohdd20262wi7ln6z,hypodd,ohyp2026su5srz3x,2024-01-28T22:27:43.719999Z,13.88488,-89.733081,7.329,1.6323,MLc,0.105,103,13,0.02,0.0159,
eslv2026lghvsnlc,ohdd2026wgdb6iyn,hypodd,ohyp2026bpzdvk4h,2024-01-28T22:31:34.000000Z,13.887657,-89.732796,7.805,2.3069,MLc,0.108,103,17,0.0197,0.0191,
eslv2026viz44cmc,ohdd20264siton7y,hypodd,ohyp2026gdez33rw,2024-01-28T22:33:50.939999Z,13.886278,-89.736662,7.734,1.2603,MLc,0.126,131,10,0.0186,0.018,
eslv2026kn3fqk4y,ohdd2026o3mnvdr3,hypodd,ohyp20266ry6i72p,2024-01-28T22:53:36.140000Z,13.885414,-89.730916,8.252,1.6261,MLc,0.14,101,16,0.0222,0.0223,
eslv20264wljozdj,ohdd20263btd3ijb,hypodd,ohyp2026x43s66yu,2024-01-28T22:55:03.560000Z,13.882936,-89.738558,8.384,1.1609,MLc,0.145,123,8,0.0358,0.029,
eslv2026pca3257k,ohdd2026cc62yqiz,hypodd,ohyp2026s2loqh24,2024-01-28T23:03:15.000000Z,13.881649,-89.719523,7.475,1.0525,MLc,0.227,153,9,0.0606,0.0549,
eslv20264rtwqcf7,ohdd20264sp34xll,hypodd,ohyp20262v3c342n,2024-01-28T23:06:20.679999Z,13.878976,-89.68951,7.469,1.5582,MLc,0.33,134,10,0.022,0.0296,
eslv2026mrwnssqv,ohdd2026dp6drlwe,hypodd,ohyp2026szlrw6f3,2024-01-28T23:06:41.119999Z,13.8753,-89.717415,4.958,1.3458,MLc,0.256,106,8,0.0425,0.0279,
eslv2026cgmek2en,ohdd2026267475id,hypodd,ohyp2026bfabd2n5,2024-01-28T23:18:52.520000Z,13.836944,-89.732625,8.262,1.2275,MLc,0.001,171,7,0.0854,0.0764,
eslv2026bmemqh7b,ohdd2026qsi2z5yi,hypodd,ohyp2026ikwe2k6n,2024-01-28T23:19:44.719999Z,13.886289,-89.731331,8.233,1.3613,MLc,0.17,136,10,0.0275,0.0321,
eslv2026k7tanewu,ohdd2026pxfsk75i,hypodd,ohyp2026bq7tww5b,2024-01-28T23:23:27.519999Z,13.88503,-89.731071,7.062,1.6259,MLc,0.105,101,12,0.0231,0.0225,
eslv2026rdvc7k75,ohdd20263hxf2hw3,hypodd,ohyp2026ihhlkarf,2024-01-28T23:35:20.679999Z,13.884133,-89.729761,7.83,1.9204,MLc,0.235,101,15,0.0267,0.0249,
eslv2026zk4wn3rt,ohdd2026zwdv5xr2,hypodd,ohyp2026xua32jvh,2024-01-28T23:43:25.859999Z,13.853691,-89.737744,5.59,0.5016,MLc,0.32,154,7,0.0382,0.0386,
eslv2026upsnrnov,ohdd20265bhqmsq7,hypodd,ohyp2026fqakp3a5,2024-01-28T23:46:10.240000Z,13.8832,-89.732658,8.341,1.1069,MLc,0.175,171,7,0.0371,0.0301,
eslv2026wdzrpgf5,ohdd2026cf47uhl3,hypodd,ohyp2026byp2novo,2024-01-28T23:47:34.320000Z,13.880068,-89.731706,4.682,1.0651,MLc,0.173,195,6,0.0354,0.0303,
eslv2026nc7b6p6q,ohdd2026nxz2iwxg,hypodd,ohyp2026kx5daq3v,2024-01-28T23:57:09.400000Z,13.885225,-89.73728,7.166,1.3085,MLc,0.168,125,9,0.0222,0.0171,
eslv2026nug7fzfj,ohdd20264tzl775a,hypodd,ohyp2026daindmct,2024-01-29T00:07:36.490000Z,13.884588,-89.730819,8.566,1.797,MLc,0.143,131,12,0.0289,0.0313,
eslv2026h3mkgje2,ohdd2026nirb6ajx,hypodd,ohyp202645geagwg,2024-01-29T00:08:06.480000Z,13.887105,-89.727425,8.094,1.177,MLc,0.336,139,8,0.0388,0.022,
eslv2026fjt24uam,ohdd2026cflghlkr,hypodd,ohyp2026phyftyxl,2024-01-29T00:10:18.570000Z,13.885216,-89.731885,7.185,1.4013,MLc,0.107,128,8,0.0221,0.0176,
eslv2026izxxjz3x,ohdd20265xgs6zdw,hypodd,ohyp20266mcwfwdw,2024-01-29T00:10:34.270000Z,13.88444,-89.731494,7.252,1.5538,MLc,0.166,103,11,0.0268,0.0393,
eslv20265qqc6rue,ohdd2026y7txfndo,hypodd,ohyp2026ev4enmwd,2024-01-29T00:12:20.969999Z,13.8847,-89.731112,8.588,2.3886,MLc,0.117,103,18,0.0252,0.0245,
eslv2026raabt6a7,ohdd2026yfudzbsa,hypodd,ohyp2026dmegr2v2,2024-01-29T00:21:02.940000Z,13.885857,-89.732275,7.871,1.8175,MLc,0.155,102,17,0.0206,0.0197,
eslv2026hwticxpx,ohdd2026wtee2mep,hypodd,ohyp20264kvcxwrp,2024-01-29T00:21:24.489999Z,13.885293,-89.73208,7.498,1.825,MLc,0.152,102,15,0.0222,0.0228,
eslv2026dquvrdu4,ohdd2026bzczrf2k,hypodd,ohyp2026zvqrn6w7,2024-01-29T00:27:17.550000Z,13.885842,-89.730412,8.099,1.3693,MLc,0.162,142,8,0.0355,0.0271,
eslv20264wuxo2yi,ohdd2026oibqb2xj,hypodd,ohyp20262a3ii3ml,2024-01-29T00:31:00.330000Z,13.883605,-89.730566,7.788,1.8437,MLc,0.14,99,17,0.0264,0.0158,
eslv20266qgoziuz,ohdd2026ptwrdxom,hypodd,ohyp2026qadhcgja,2024-01-29T00:35:59.659999Z,13.885369,-89.731291,8.502,2.0999,MLc,0.148,101,18,0.0222,0.0318,
eslv20267okcay5a,ohdd2026hbri2tnv,hypodd,ohyp2026v6bet5x6,2024-01-29T00:37:14.669999Z,13.890861,-89.736938,7.181,0.8212,MLc,0.202,152,8,0.0247,0.0212,
eslv2026fgmjzgcp,ohdd20265rdglnqb,hypodd,ohyp2026udsbqhhh,2024-01-29T00:37:30.269999Z,13.82713,-89.775301,1.224,1.3357,MLc,0.298,200,6,0.0131,0.0283,
eslv2026mobs4dqv,ohdd2026bajswyri,hypodd,ohyp2026g2egxbo5,2024-01-29T00:41:37.189999Z,13.870756,-89.747762,10.392,0.8221,MLc,0.22,141,6,0.0425,0.0406,
eslv2026oac5cq5k,ohdd2026l7unw2h7,hypodd,ohyp2026llta4cwu,2024-01-29T00:50:50.490000Z,13.886326,-89.731217,7.618,1.5267,MLc,0.133,104,12,0.0196,0.0215,
eslv2026ll5uuia6,ohdd20265peux6yg,hypodd,ohyp20264mpwrmvf,2024-01-29T00:59:27.399999Z,13.886187,-89.732503,7.675,1.4551,MLc,0.126,133,10,0.0172,0.0163,
eslv2026625aqccb,ohdd2026btsaqs4t,hypodd,ohyp20263yvyh6no,2024-01-29T01:00:15.650000Z,13.885613,-89.732048,6.744,1.2154,MLc,0.22,98,13,0.0196,0.0192,
eslv20263rzxsejv,ohdd202655n3hzxm,hypodd,ohyp2026dk6d2sfn,2024-01-29T01:02:53.679999Z,13.888803,-89.729964,8.681,0.9507,MLc,0.218,153,6,0.0525,0.0418,
eslv2026dfwqs5n3,ohdd2026g246vg46,hypodd,ohyp2026yujuiqnl,2024-01-29T01:06:44.729999Z,13.884247,-89.73103,8.16,1.6482,MLc,0.222,128,11,0.0285,0.0238,
eslv20265wmnef5x,ohdd2026onlvxuop,hypodd,ohyp20266gg5o7dz,2024-01-29T01:07:26.410000Z,13.884952,-89.733936,7.047,1.3564,MLc,0.125,134,8,0.0213,0.0203,
eslv2026mcmnii6d,ohdd2026zrmahqj7,hypodd,ohyp2026kg7wzsc5,2024-01-29T01:21:00.230000Z,13.885383,-89.733472,7.079,1.4447,MLc,0.124,130,11,0.0216,0.0187,
eslv2026y534r5dt,ohdd20267i2wc6xh,hypodd,ohyp20262j3czypy,2024-01-29T01:24:27.390000Z,13.883327,-89.730876,7.621,1.7828,MLc,0.243,98,16,0.0276,0.0171,
eslv2026kotyqq2w,ohdd2026yb4v23ax,hypodd,ohyp20266b2ebouy,2024-01-29T01:29:39.170000Z,13.874356,-89.716724,3.879,1.4469,MLc,0.192,100,12,0.0376,0.0348,
eslv2026cn5ge2ea,ohdd2026r57lk4he,hypodd,ohyp2026fqh2oqhz,2024-01-29T01:52:01.899999Z,13.885061,-89.702376,3.143,1.2068,MLc,0.167,142,10,0.0329,0.0378,
eslv2026v6vnjbuk,ohdd20262b7zcync,hypodd,ohyp2026fxomhbdw,2024-01-29T01:54:08.369999Z,13.941644,-89.712557,6.433,1.3615,MLc,0.035,128,8,0.015,0.0223,
eslv2026rk4pr7ap,ohdd2026ei6327v4,hypodd,ohyp2026rfnxi4ey,2024-01-29T02:00:44.670000Z,13.88608,-89.731771,6.903,1.7765,MLc,0.14,100,15,0.0219,0.019,
eslv2026j4cfjgsj,ohdd2026dz7lxv2d,hypodd,ohyp2026mk46ytvf,2024-01-29T02:09:38.750000Z,13.885982,-89.732552,6.764,1.6594,MLc,0.154,101,14,0.022,0.0239,
eslv2026iirxm2bl,ohdd2026zjhf5uei,hypodd,ohyp2026lrudphr6,2024-01-29T02:13:10.320000Z,13.88418,-89.730306,7.893,1.9794,MLc,0.125,98,17,0.0253,0.0177,
eslv2026spggjmun,ohdd2026ihktugwm,hypodd,ohyp2026oythgkmp,2024-01-29T02:14:40.280000Z,13.885304,-89.733325,7.494,1.5283,MLc,0.133,133,14,0.022,0.017,
eslv2026aefb7ags,ohdd2026tnuzaemw,hypodd,ohyp2026rq7mpelc,2024-01-29T02:15:49.109999Z,13.886293,-89.734855,7.156,1.007,MLc,0.09,129,10,0.0202,0.0235,
eslv2026rd35bxub,ohdd2026d4grz5ht,hypodd,ohyp202626lf6cfb,2024-01-29T02:17:01.780000Z,13.883595,-89.736165,8.236,1.0498,MLc,0.198,154,8,0.0242,0.0206,
eslv2026xad2i5uc,ohdd2026e42cnue4,hypodd,ohyp2026sfzil25b,2024-01-29T02:21:53.409999Z,13.885324,-89.731779,8.157,2.3944,MLc,0.204,96,18,0.0264,0.0279,
eslv2026apz2glqg,ohdd2026xmg5bior,hypodd,ohyp2026ctiurk64,2024-01-29T02:23:11.140000Z,13.894038,-89.74589,11.731,1.1279,MLc,0.163,175,8,0.0494,0.0285,
eslv2026lk2sff4q,ohdd20263scslrhx,hypodd,ohyp2026zmmoeyui,2024-01-29T02:25:17.120000Z,13.883288,-89.731258,7.6,2.2518,MLc,0.13,99,18,0.0249,0.012,
eslv2026lc4jo63c,ohdd2026phrkyt4p,hypodd,ohyp20264r7do4qx,2024-01-29T02:26:32.119999Z,13.886642,-89.735539,6.722,0.8007,MLc,0.108,175,7,0.0268,0.0288,
eslv2026ujw4ac4w,ohdd2026cr4zzv6b,hypodd,ohyp2026jmgrmgro,2024-01-29T02:28:32.939999Z,13.884391,-89.730713,7.878,1.9002,MLc,0.183,97,16,0.0248,0.0161,
eslv2026cfjjjp5v,ohdd2026try5jsox,hypodd,ohyp2026prcdfsii,2024-01-29T02:29:09.429999Z,13.885322,-89.735986,7.331,1.2856,MLc,0.096,103,12,0.0176,0.0278,
eslv2026krnesxbv,ohdd2026aqrgbyds,hypodd,ohyp2026hskdhixh,2024-01-29T02:30:40.689999Z,13.884902,-89.735319,6.939,0.9518,MLc,0.118,163,7,0.0183,0.0212,
eslv2026zdj736rc,ohdd2026t6lorhcf,hypodd,ohyp2026jgyh7hgo,2024-01-29T02:31:25.050000Z,13.885682,-89.731453,8.347,1.6129,MLc,0.184,100,17,0.0269,0.0307,
eslv2026xujm2xaj,ohdd2026f3c6cznh,hypodd,ohyp2026bxlwkhqk,2024-01-29T02:32:57.929999Z,13.902122,-89.735319,7.112,0.5052,MLc,0.114,145,6,0.0376,0.0409,
eslv2026sh7pa3xj,ohdd2026nt6ca7nq,hypodd,ohyp2026axe64t2h,2024-01-29T02:38:28.039999Z,13.886814,-89.734888,6.571,1.2769,MLc,0.093,130,10,0.0171,0.0215,
eslv2026ejfviqyh,ohdd2026bfb542vi,hypodd,ohyp2026kjdjiogy,2024-01-29T02:38:43.329999Z,13.892454,-89.739868,8.08,1.1306,MLc,0.1,158,8,0.0189,0.0291,
eslv20265fpxgxn2,ohdd2026f2bdjyy3,hypodd,ohyp2026pryodikd,2024-01-29T02:41:34.320000Z,13.886992,-89.73453,6.716,1.227,MLc,0.106,128,11,0.0178,0.0223,
eslv2026ma7uv7u4,ohdd2026s6rhy54i,hypodd,ohyp2026dktqsipq,2024-01-29T02:41:58.340000Z,13.834156,-89.750366,4.053,0.9658,MLc,0.162,239,7,0.0328,0.0462,
eslv2026q4wbmrhd,ohdd2026oa5f7mrf,hypodd,ohyp20265is3gljm,2024-01-29T02:42:11.310000Z,13.886022,-89.736711,7.134,1.5063,MLc,0.129,133,13,0.0176,0.0206,
eslv2026cxn7trvk,ohdd2026rtywdhpg,hypodd,ohyp2026rvxo4ybx,2024-01-29T02:43:35.950000Z,13.886644,-89.734497,6.989,1.3912,MLc,0.106,131,15,0.0183,0.0202,
eslv20263w7q2rge,ohdd2026omhgu36h,hypodd,ohyp20266i7sgb5u,2024-01-29T02:44:04.639999Z,13.884207,-89.731283,7.977,1.86,MLc,0.197,102,18,0.0271,0.0279,
eslv2026c6bxoi6v,ohdd2026apspiuit,hypodd,ohyp2026gab3mjzw,2024-01-29T02:47:22.019999Z,13.885557,-89.735156,6.679,1.5539,MLc,0.106,131,12,0.0151,0.0279,
eslv20264dlu7ukj,ohdd2026aypu7q4i,hypodd,ohyp2026bqq3ud6p,2024-01-29T02:47:46.170000Z,13.886058,-89.735254,6.802,1.4182,MLc,0.115,102,13,0.0189,0.0223,
eslv2026m3gqrxni,ohdd2026eikfruyp,hypodd,ohyp2026ix327axf,2024-01-29T02:48:24.339999Z,13.885953,-89.734009,6.878,1.1115,MLc,0.098,132,9,0.0176,0.0193,
eslv2026hxsy5znr,ohdd20264xwgg75a,hypodd,ohyp2026lszclqx7,2024-01-29T02:49:01.550000Z,13.884474,-89.734269,7.577,1.5787,MLc,0.13,138,10,0.0214,0.0197,
eslv2026irkeodjj,ohdd2026exygfcsz,hypodd,ohyp20263kebdlwp,2024-01-29T02:49:49.310000Z,13.884539,-89.731323,6.688,1.3902,MLc,0.127,133,10,0.0227,0.0321,
eslv2026sjkb5ago,ohdd2026gpk3vqae,hypodd,ohyp2026awaw535w,2024-01-29T02:50:12.660000Z,13.883877,-89.730908,7.65,2.162,MLc,0.197,96,18,0.027,0.0178,
eslv20267pklllod,ohdd2026kyuorafa,hypodd,ohyp2026z4orqy5v,2024-01-29T02:50:52.020000Z,13.885263,-89.734684,6.858,1.5518,MLc,0.098,128,13,0.0218,0.0285,
eslv20263mlxyixx,ohdd20262n5r2sj5,hypodd,ohyp2026xuv3sxru,2024-01-29T02:51:20.370000Z,13.885621,-89.734237,6.867,1.3007,MLc,0.128,136,10,0.0189,0.0206,
eslv2026ze6cf4us,ohdd2026jc4c2iia,hypodd,ohyp2026iklvmv3p,2024-01-29T02:53:05.589999Z,13.885545,-89.732064,7.253,2.391,MLc,0.137,103,8,0.0213,0.0383,
eslv2026pdohx4vz,ohdd2026ytcnozlo,hypodd,ohyp2026p7s5uai6,2024-01-29T02:54:17.149999Z,13.886461,-89.735124,7.508,1.5858,MLc,0.122,103,14,0.0185,0.0234,
eslv2026kxdrihrc,ohdd2026urmh5eru,hypodd,ohyp2026qtsy4zfj,2024-01-29T02:54:34.990000Z,13.887497,-89.732145,6.601,1.3624,MLc,0.202,134,10,0.0279,0.027,
eslv2026yjlgdfia,ohdd2026knz6ekbj,hypodd,ohyp2026kcjs2rvk,2024-01-29T02:55:57.079999Z,13.884319,-89.730103,7.773,2.5739,MLc,0.165,97,18,0.0259,0.0138,
eslv20266kd4iv5v,ohdd2026trmhmj4y,hypodd,ohyp2026kpgmvr6z,2024-01-29T02:56:13.230000Z,13.885858,-89.731982,7.116,1.9942,MLc,0.162,101,14,0.0215,0.0263,
eslv2026fwlcm4x5,ohdd2026x7oo3t23,hypodd,ohyp2026skjbyd6r,2024-01-29T02:56:38.679999Z,13.885634,-89.732495,7.437,1.694,MLc,0.218,102,15,0.0265,0.0474,
eslv2026hxdnmgy7,ohdd20266ai7ldbm,hypodd,ohyp2026ztalnshb,2024-01-29T02:57:30.070000Z,13.884125,-89.730298,7.898,2.3847,MLc,0.188,97,18,0.0215,0.0189,
eslv2026dorq5hcj,ohdd2026beozuzfs,hypodd,ohyp20267x2xrenk,2024-01-29T03:00:14.150000Z,13.883515,-89.730257,8.014,,,0.191,113,15,0.0269,0.0196,
eslv2026xxoghl35,ohdd2026vjbcr77s,hypodd,ohyp2026lrbs2nko,2024-01-29T03:00:23.050000Z,13.883964,-89.746379,14.568,1.9653,MLc,0.066,113,8,0.0404,0.0324,
eslv2026gs62ji4p,ohdd2026x7fclr22,hypodd,ohyp20263yu4h3hz,2024-01-29T03:01:16.239999Z,13.922782,-89.751554,14.067,0.9548,MLc,0.036,153,7,0.0334,0.0403,
eslv2026e6ag5iou,ohdd2026kgnhxd3v,hypodd,ohyp2026fwo322hb,2024-01-29T03:03:31.399999Z,13.885039,-89.731209,7.633,1.5385,MLc,0.121,104,16,0.0247,0.0183,
eslv2026p26xdmva,ohdd2026qzx7xgfb,hypodd,ohyp2026xe5zs62m,2024-01-29T03:04:01.219999Z,13.884739,-89.731372,8.096,1.4609,MLc,0.151,103,13,0.0247,0.0173,
eslv20263aaownhn,ohdd20265krnd3ak,hypodd,ohyp2026lko4zqo3,2024-01-29T03:05:05.030000Z,13.884089,-89.731014,7.684,1.7345,MLc,0.115,98,18,0.0245,0.0198,
eslv2026dwz3sx5m,ohdd2026lnp4rb5n,hypodd,ohyp20262wde7t23,2024-01-29T03:06:00.450000Z,13.886222,-89.730607,8.559,2.1555,MLc,0.212,100,12,0.0203,0.0248,
eslv2026qtzylrqc,ohdd20264g2ghlda,hypodd,ohyp2026v33bkejy,2024-01-29T03:06:54.070000Z,13.886735,-89.732161,7.305,2.7264,MLc,0.129,97,11,0.021,0.0292,
eslv2026nndodhom,ohdd2026d3fasxcr,hypodd,ohyp20262tzbbxkf,2024-01-29T03:09:28.039999Z,13.884531,-89.730697,6.97,1.1865,MLc,0.203,103,13,0.0199,0.0248,
eslv2026sue3y5cq,ohdd2026sqhob6gm,hypodd,ohyp2026lbvhapo7,2024-01-29T03:09:42.070000Z,13.887264,-89.729541,8.769,1.8077,MLc,0.216,100,14,0.0278,0.0253,
eslv2026nl6nprr7,ohdd2026bs2sxjyb,hypodd,ohyp2026zh4djwjd,2024-01-29T03:10:04.440000Z,13.883998,-89.734098,7.502,2.1192,MLc,0.221,120,13,0.0411,0.0396,
eslv2026wnw2hx6d,ohdd2026vjo4gsg2,hypodd,ohyp2026ex5erdjz,2024-01-29T03:11:15.779999Z,13.857462,-89.752686,8.301,1.0736,MLc,0.146,137,8,0.0871,0.0879,
eslv2026spu4yg5t,ohdd2026c3qoy4y7,hypodd,ohyp2026stxh6qaz,2024-01-29T03:11:30.170000Z,13.885206,-89.731453,6.656,1.2869,MLc,0.194,129,10,0.0221,0.026,
eslv2026ei4o6ai3,ohdd20263b57wstl,hypodd,ohyp2026wzksoyxo,2024-01-29T03:12:06.049999Z,13.847148,-89.790804,7.348,1.2646,MLc,0.105,128,8,0.0505,0.0349,
eslv2026zu3upzbu,ohdd2026lplrzgr4,hypodd,ohyp2026sfll4amn,2024-01-29T03:12:30.000000Z,13.885124,-89.730957,8.012,2.5223,MLc,0.211,100,20,0.0262,0.0247,
eslv20263hwommnw,ohdd2026lm7ixotm,hypodd,ohyp2026tb7jp2sl,2024-01-29T03:13:11.449999Z,13.883817,-89.729036,7.701,1.8407,MLc,0.287,104,17,0.0272,0.0173,
eslv2026aslj32xz,ohdd2026t6jwrbiu,hypodd,ohyp2026j6dgn65s,2024-01-29T03:13:30.489999Z,13.888085,-89.737565,7.211,1.2025,MLc,0.144,125,12,0.0176,0.0167,
eslv20267nqy6kds,ohdd202673dla5a2,hypodd,ohyp2026ctgmaq5j,2024-01-29T03:14:09.810000Z,13.886792,-89.732275,7.299,1.4686,MLc,0.114,131,17,0.0273,0.0211,
eslv2026yk36q7zf,ohdd2026h3joun3z,hypodd,ohyp2026hwns2pma,2024-01-29T03:14:43.780000Z,13.885254,-89.731494,7.015,1.2959,MLc,0.154,125,10,0.0253,0.0189,
eslv2026w5ifblun,ohdd2026zcacino2,hypodd,ohyp2026ph2mvogf,2024-01-29T03:15:53.920000Z,13.886046,-89.731527,7.51,,,0.163,99,11,0.0207,0.0284,
eslv2026fxxettne,ohdd2026kes6wbcv,hypodd,ohyp2026dr42worh,2024-01-29T03:16:00.090000Z,13.883654,-89.735571,7.275,1.8574,MLc,0.144,138,15,0.0189,0.0262,
eslv2026y56qcbne,ohdd20267n4kullh,hypodd,ohyp2026fhobttyv,2024-01-29T03:16:34.850000Z,13.8846,-89.731038,7.993,2.4196,MLc,0.137,96,18,0.0253,0.0173,
eslv2026lsarskht,ohdd2026bk5exjkl,hypodd,ohyp2026uik654mm,2024-01-29T03:16:48.869999Z,13.883672,-89.730851,7.924,2.0006,MLc,0.161,100,13,0.0256,0.0163,
eslv2026flbjqetk,ohdd2026pvbaoz6q,hypodd,ohyp2026tlsusewb,2024-01-29T03:17:15.449999Z,13.884658,-89.731283,7.944,2.0456,MLc,0.118,97,17,0.025,0.0231,
eslv2026hrsf5a3b,ohdd2026gbkykfwa,hypodd,ohyp2026vxrywjsl,2024-01-29T03:18:17.309999Z,13.886319,-89.73339,6.807,0.9686,MLc,0.119,132,9,0.0244,0.0276,
eslv20265xkxv7e3,ohdd20266ya5p32p,hypodd,ohyp2026t4qaprkz,2024-01-29T03:19:09.689999Z,13.885075,-89.733203,7.305,1.6789,MLc,0.125,102,17,0.017,0.0143,
eslv20263u6eyqnw,ohdd2026qa4wqxyn,hypodd,ohyp2026sp5kopkb,2024-01-29T03:19:21.670000Z,13.877177,-89.727539,7.654,1.388,MLc,0.139,166,8,0.0363,0.036,
eslv2026pal6xo34,ohdd2026qpzekk3p,hypodd,ohyp2026lkdjucfy,2024-01-29T03:20:31.039999Z,13.884259,-89.730477,7.968,2.0211,MLc,0.212,97,16,0.0278,0.0163,
eslv2026vk2ozb3c,ohdd20263asuj5ix,hypodd,ohyp2026bmbtjnfn,2024-01-29T03:21:00.570000Z,13.884995,-89.730322,5.942,1.4008,MLc,0.203,104,12,0.0239,0.0287,
eslv20263d7qbk4k,ohdd2026rwnwapui,hypodd,ohyp2026tz6yho7w,2024-01-29T03:22:20.320000Z,13.885581,-89.73173,7.129,1.6068,MLc,0.092,101,18,0.0237,0.0198,
eslv2026g3bu5zif,ohdd202672fuw2dl,hypodd,ohyp2026wku5z3az,2024-01-29T03:23:49.460000Z,13.885194,-89.734709,6.25,1.2672,MLc,0.268,136,10,0.0352,0.0479,
eslv2026gtrjcida,ohdd2026yjjwlxs4,hypodd,ohyp2026hd6e4z33,2024-01-29T03:25:37.149999Z,13.883904,-89.729476,7.884,1.2656,MLc,0.177,100,12,0.0259,0.0237,
eslv2026g43aetnn,ohdd2026mp5ybkhe,hypodd,ohyp2026or4flhpo,2024-01-29T03:26:34.159999Z,13.888168,-89.724186,15.277,1.5515,MLc,0.006,157,11,0.015,0.0102,
eslv2026fabmalw3,ohdd2026aeu2ygtl,hypodd,ohyp2026ofkcczen,2024-01-29T03:27:15.470000Z,13.929883,-89.765096,18.947,1.4929,MLc,0.008,148,9,0.02,0.0196,
eslv2026s5waealk,ohdd2026uzfcdcis,hypodd,ohyp20265kilmtik,2024-01-29T03:29:36.159999Z,13.884265,-89.73007,4.87,0.8132,MLc,0.175,165,11,0.031,0.031,
eslv2026bxltizp7,ohdd2026lwk7v2iz,hypodd,ohyp20263m7qhd5p,2024-01-29T03:30:48.380000Z,13.886317,-89.731453,6.75,1.22,MLc,0.265,98,12,0.0225,0.0192,
eslv20265vucbld5,ohdd2026nxmoyv7i,hypodd,ohyp2026uyzkuzvq,2024-01-29T03:31:34.850000Z,13.884531,-89.731063,7.782,2.8035,MLc,0.147,97,19,0.0254,0.0182,
eslv2026somigvi6,ohdd2026ayofryu7,hypodd,ohyp2026zcox72t2,2024-01-29T03:34:08.150000Z,13.885041,-89.731274,8.116,2.2322,MLc,0.212,101,18,0.0262,0.0235,
eslv2026zfsieose,ohdd2026yzcm67zv,hypodd,ohyp2026xmrvsv2r,2024-01-29T03:35:44.020000Z,13.888348,-89.760213,3.03,0.9296,MLc,0.133,168,6,0.0199,0.0138,
eslv20263j35ida7,ohdd2026uzijtzup,hypodd,ohyp2026cr42sfks,2024-01-29T03:37:52.880000Z,13.884138,-89.731852,7.059,1.2535,MLc,0.104,100,14,0.0229,0.0189,
eslv2026nzk36vzd,ohdd2026nrggvsgt,hypodd,ohyp2026wp6bc5vb,2024-01-29T03:39:27.600000Z,13.88533,-89.730916,7.44,1.2808,MLc,0.145,129,12,0.0242,0.0249,
eslv2026gldznpn3,ohdd2026ec24vwva,hypodd,ohyp2026ymm6yu64,2024-01-29T03:40:00.060000Z,13.884688,-89.735742,7.414,0.9692,MLc,0.148,129,9,0.0199,0.0227,
eslv2026bqnigd2l,ohdd2026ud5pxdaq,hypodd,ohyp2026phkyng2g,2024-01-29T03:40:28.329999Z,13.88663,-89.732454,7.639,1.6724,MLc,0.127,104,16,0.02,0.0175,
eslv2026okgttbqu,ohdd20266q2p75op,hypodd,ohyp2026ixwczjoh,2024-01-29T03:42:33.270000Z,13.884327,-89.730575,7.982,2.1926,MLc,0.206,99,18,0.0274,0.0247,
eslv2026fxehh2yo,ohdd2026b7lq2ujm,hypodd,ohyp2026uptvvhgp,2024-01-29T03:44:10.720000Z,13.885828,-89.736597,7.002,1.479,MLc,0.118,162,7,0.0229,0.0245,
eslv2026qmmacwcl,ohdd2026lcsq4qxz,hypodd,ohyp2026xpa54dp2,2024-01-29T03:45:33.270000Z,13.884471,-89.731112,7.782,1.9821,MLc,0.134,97,18,0.0248,0.0238,
eslv202653h2nlv7,ohdd20263vdopn7p,hypodd,ohyp20262hyu7ha5,2024-01-29T03:46:39.590000Z,13.88442,-89.733065,8.145,1.7146,MLc,0.134,99,17,0.0207,0.019,
eslv2026ycfax72z,ohdd2026xu2v3c4l,hypodd,ohyp2026lmchfjvg,2024-01-29T03:47:21.260000Z,13.885668,-89.732267,7.477,1.6458,MLc,0.137,104,16,0.0197,0.0203,
eslv2026anny72ak,ohdd2026vbyqytjq,hypodd,ohyp2026rxcy6tj2,2024-01-29T03:47:31.480000Z,13.885465,-89.732454,7.88,1.8626,MLc,0.119,101,17,0.0188,0.0239,
eslv2026jy2y2gwk,ohdd20265nn246ds,hypodd,ohyp20264bnduwpx,2024-01-29T03:48:28.429999Z,13.92488,-89.678971,14.582,1.3301,MLc,0.004,102,8,0.0636,0.0466,
eslv20263ubfp7hv,ohdd2026lbfevdpn,hypodd,ohyp202636bpa7gk,2024-01-29T03:49:15.960000Z,13.883929,-89.730908,8.047,1.6541,MLc,0.191,100,13,0.0267,0.0181,
eslv2026vdawxmmk,ohdd20267re5gqou,hypodd,ohyp2026yjrzrxhd,2024-01-29T03:50:20.660000Z,13.885785,-89.733618,7.063,1.3668,MLc,0.133,139,11,0.0187,0.0207,
eslv2026kdmtqg4a,ohdd20264rln6s7c,hypodd,ohyp2026xwokaxhh,2024-01-29T03:50:52.829999Z,13.887331,-89.729989,6.79,1.2231,MLc,0.154,128,6,0.0279,0.0293,
eslv2026kvguaiu5,ohdd2026ohb2dsl5,hypodd,ohyp2026ajpzm4xw,2024-01-29T03:51:32.329999Z,13.885133,-89.731079,6.949,1.4779,MLc,0.142,101,14,0.0236,0.0199,
eslv2026ai6x343r,ohdd2026v4q3znrf,hypodd,ohyp2026wcbhnnmu,2024-01-29T03:54:12.619999Z,13.884347,-89.730884,8,2.2867,MLc,0.121,98,20,0.0252,0.0204,
eslv2026iee5s6hf,ohdd2026stgpygrh,hypodd,ohyp2026tficzwpp,2024-01-29T04:01:21.589999Z,13.872375,-89.725643,6.194,0.7136,MLc,0.221,222,6,0.0282,0.0286,
eslv2026zxeosp6i,ohdd2026lhfdxltl,hypodd,ohyp2026btkodax5,2024-01-29T04:01:37.320000Z,13.885795,-89.734847,6.824,0.972,MLc,0.106,136,8,0.0182,0.0219,
eslv2026igkr6b4a,ohdd2026nwggohcz,hypodd,ohyp2026rtso4nsw,2024-01-29T04:02:02.520000Z,13.885486,-89.731185,6.858,1.5132,MLc,0.146,101,15,0.0216,0.0233,
eslv2026izahfmng,ohdd20263liouvma,hypodd,ohyp2026t6h4pogh,2024-01-29T04:05:24.870000Z,13.88432,-89.730965,7.931,2.3634,MLc,0.192,95,18,0.0268,0.0231,
eslv2026e7ypf2ad,ohdd202674gfupxg,hypodd,ohyp202665hlu2s2,2024-01-29T04:06:22.239999Z,13.885106,-89.732048,7.51,1.1704,MLc,0.116,133,9,0.022,0.0253,
eslv2026wurjfoet,ohdd2026edtcyo2k,hypodd,ohyp2026pue6sqzu,2024-01-29T04:07:36.869999Z,13.88525,-89.731958,7.121,1.5053,MLc,0.121,100,17,0.0231,0.0164,
eslv2026u7sapuor,ohdd2026nij45o3d,hypodd,ohyp2026fnzval53,2024-01-29T04:09:47.719999Z,13.798843,-89.721875,11.421,1.4156,MLc,0.023,136,10,0.0462,0.0352,
eslv2026r76zhvrz,ohdd2026wmguwiyb,hypodd,ohyp20266ohpnmpm,2024-01-29T04:13:25.170000Z,13.886963,-89.73029,6.596,1.0768,MLc,0.155,136,11,0.0265,0.0205,
eslv2026qu4eddy4,ohdd2026sg7urpxq,hypodd,ohyp2026wpfpsxax,2024-01-29T04:22:40.609999Z,13.886201,-89.732536,7.344,1.667,MLc,0.121,99,16,0.0182,0.0189,
eslv202655ujfq3l,ohdd2026rmsbpd3p,hypodd,ohyp2026cnjeq564,2024-01-29T04:23:38.159999Z,13.883796,-89.732373,7.301,1.2708,MLc,0.125,101,12,0.0222,0.0162,
eslv2026lba47fgt,ohdd20263pjqxatm,hypodd,ohyp2026j4rbc3fa,2024-01-29T04:32:21.629999Z,13.890799,-89.721533,6.604,0.739,MLc,0.19,173,9,0.0469,0.061,
eslv2026kjpti6gd,ohdd2026u4awhyja,hypodd,ohyp2026wlyk5gtb,2024-01-29T04:45:19.960000Z,13.884671,-89.730811,6.432,0.9847,MLc,0.182,134,8,0.0273,0.0273,
eslv2026vcf7k2as,ohdd20266mf2yuzj,hypodd,ohyp20267dwpqmfh,2024-01-29T04:48:09.509999Z,13.883948,-89.73064,8.162,2.1769,MLc,0.233,97,19,0.027,0.0206,
eslv20267qfp6kgd,ohdd2026gzkvrwbz,hypodd,ohyp2026bqacqjoz,2024-01-29T04:50:31.750000Z,13.885742,-89.733341,6.725,1.3831,MLc,0.138,100,15,0.0215,0.0175,
eslv2026c5pittve,ohdd2026pqfvlvu4,hypodd,ohyp2026fzo6xxq2,2024-01-29T04:56:38.030000Z,13.885905,-89.731942,7.248,1.3462,MLc,0.137,102,13,0.0239,0.0178,
eslv2026mjgntupo,ohdd2026dseazjw4,hypodd,ohyp2026rsl7aqrh,2024-01-29T04:57:02.730000Z,13.885724,-89.732869,8.183,1.2062,MLc,0.129,105,8,0.0278,0.0314,
eslv2026dylqach7,ohdd20264fxzd4r4,hypodd,ohyp2026cu64wujo,2024-01-29T04:57:57.329999Z,13.884222,-89.722542,11.744,0.7684,MLc,0.124,139,8,0.0291,0.0263,
eslv2026ptmhllx5,ohdd20267cc7fpwt,hypodd,ohyp2026dhgzlidu,2024-01-29T04:58:47.479999Z,13.885961,-89.731649,7.587,0.9347,MLc,0.112,101,10,0.023,0.0188,
eslv2026ouy6dst6,ohdd2026ly7uc7xm,hypodd,ohyp2026xqk53l5i,2024-01-29T05:02:33.859999Z,13.884245,-89.730802,7.787,1.2453,MLc,0.173,98,13,0.0264,0.0265,
eslv2026bujcohln,ohdd2026z3mktdyv,hypodd,ohyp2026jgliwtyb,2024-01-29T05:03:12.640000Z,13.883479,-89.72972,6.796,0.9571,MLc,0.162,149,9,0.0374,0.031,
eslv2026nqrsdakf,ohdd2026ltn3romb,hypodd,ohyp2026taiywquq,2024-01-29T05:08:02.160000Z,13.885155,-89.730908,8.523,0.9036,MLc,0.16,106,14,0.0255,0.0286,
eslv2026e6hnbwvd,ohdd2026bktvynym,hypodd,ohyp2026kxvp5gu5,2024-01-29T05:10:16.339999Z,13.885712,-89.732064,7.061,1.1513,MLc,0.156,101,10,0.0246,0.0247,
eslv202632gondzh,ohdd2026wn7aukjj,hypodd,ohyp2026z6zt4b2f,2024-01-29T05:16:06.900000Z,13.885458,-89.730762,8.057,1.4137,MLc,0.124,102,16,0.023,0.0202,
eslv2026bui25yyp,ohdd2026wbvut3ze,hypodd,ohyp2026j5cnvo2u,2024-01-29T05:16:16.179999Z,13.90198,-89.754321,16.026,1.0222,MLc,0.008,141,7,0.0471,0.0333,
eslv2026emsbsk4c,ohdd2026bzeg7rya,hypodd,ohyp2026rprm2afv,2024-01-29T05:27:47.109999Z,13.88655,-89.722852,4.674,0.6178,MLc,0.212,114,10,0.0434,0.0359,
eslv2026hnyabcd6,ohdd2026tzpb6cct,hypodd,ohyp2026ctazpfoz,2024-01-29T05:33:14.830000Z,13.886277,-89.731942,7.674,0.6564,MLc,0.147,104,10,0.0248,0.0264,
eslv2026ecovkwrs,ohdd2026zo65vwny,hypodd,ohyp2026yuksjihj,2024-01-29T06:11:46.859999Z,13.884429,-89.728971,7.753,1.5894,MLc,0.134,99,18,0.025,0.0178,
eslv2026o2ku6fkc,ohdd2026cfhp7tno,hypodd,ohyp2026exepyzlg,2024-01-29T06:11:59.030000Z,13.863087,-89.694816,7.425,1.2789,MLc,0.084,138,7,0.0461,0.0529,
eslv2026o2d5th7o,ohdd2026nuup35vo,hypodd,ohyp2026atipfxpe,2024-01-29T06:19:41.240000Z,13.888628,-89.731689,5.503,0.9538,MLc,0.142,98,13,0.0301,0.0308,
eslv2026abopmrqm,ohdd2026deiui7un,hypodd,ohyp2026gmpmy7zn,2024-01-29T06:25:49.850000Z,13.88594,-89.731982,6.55,1.4359,MLc,0.267,98,17,0.021,0.0223,
eslv2026apatu4rp,ohdd2026aet2z74y,hypodd,ohyp2026x6egjqmy,2024-01-29T06:26:01.870000Z,13.886452,-89.733496,7.282,1.0139,MLc,0.124,152,9,0.0285,0.0394,
eslv2026yrgc2abo,ohdd2026w23lvhsu,hypodd,ohyp2026kl7n2uhg,2024-01-29T06:29:35.649999Z,13.882922,-89.730892,8.07,1.6372,MLc,0.159,96,16,0.0257,0.0191,
eslv2026jbjwyjnz,ohdd2026ulyh3mmb,hypodd,ohyp2026js6tc3kz,2024-01-29T06:33:13.580000Z,13.873349,-89.724243,6.773,0.6313,MLc,0.182,102,7,0.0654,0.0469,
eslv2026gqoqbho2,ohdd20267g7v7djx,hypodd,ohyp2026vpgsw7qy,2024-01-29T06:33:28.739999Z,13.885061,-89.732178,8.386,0.8754,MLc,0.133,104,10,0.0244,0.0237,
eslv2026altadjcp,ohdd2026vyin3utm,hypodd,ohyp20266l4wi4ir,2024-01-29T06:35:41.320000Z,13.883753,-89.730135,8.003,1.5962,MLc,0.171,100,17,0.027,0.0287,
eslv202646d52ipq,ohdd2026kvarcucw,hypodd,ohyp2026gqquhcsr,2024-01-29T06:45:59.049999Z,13.884166,-89.731356,8.666,0.9355,MLc,0.139,104,9,0.026,0.0258,
eslv2026gaks5pqc,ohdd2026imjogk22,hypodd,ohyp2026xbsmyqg6,2024-01-29T06:56:11.699999Z,13.884222,-89.730981,8.567,1.0404,MLc,0.133,103,14,0.0255,0.0259,
eslv20262dxrrjkx,ohdd2026hlwyxcit,hypodd,ohyp2026qwh7ejwe,2024-01-29T07:03:46.060000Z,13.8848,-89.73138,8.319,2.1774,MLc,0.155,95,20,0.0265,0.0202,
eslv2026ty5i5cuy,ohdd2026eeailr3a,hypodd,ohyp2026yh26oyc5,2024-01-29T07:05:17.059999Z,13.884625,-89.730282,7.373,1.4748,MLc,0.121,102,14,0.0255,0.0168,
eslv20262h3si4t2,ohdd2026io37cbvu,hypodd,ohyp2026khu436ld,2024-01-29T07:07:35.420000Z,13.883422,-89.729972,7.803,1.9086,MLc,0.192,99,19,0.0268,0.0184,
eslv20264lrvaggt,ohdd2026zvvxeln4,hypodd,ohyp2026oqyn2bmu,2024-01-29T07:12:47.820000Z,13.885174,-89.732707,7.628,0.8042,MLc,0.13,101,11,0.025,0.0212,
eslv2026j7bxddzz,ohdd2026d5xnfs7d,hypodd,ohyp2026wacklzrl,2024-01-29T07:13:23.730000Z,13.884363,-89.730054,7.287,0.7667,MLc,0.149,125,9,0.0288,0.0299,
eslv2026ugkkxnz7,ohdd2026y55hqr6t,hypodd,ohyp20263uj6feyy,2024-01-29T07:14:27.690000Z,13.90668,-89.703532,8.989,1.0886,MLc,0.141,101,12,0.0272,0.0214,
eslv2026pmvhyfz6,ohdd2026fsjlcgzi,hypodd,ohyp2026gebrg5ek,2024-01-29T07:32:34.630000Z,13.88568,-89.731771,6.855,1.3004,MLc,0.142,100,17,0.0214,0.0215,
eslv2026eyrjcd7k,ohdd2026y7n7jfes,hypodd,ohyp2026cyr3bl4g,2024-01-29T07:33:51.969999Z,13.88329,-89.728068,10.853,1.245,MLc,0.15,99,10,0.0253,0.0403,
eslv20265tofa2tr,ohdd2026jngc6a2r,hypodd,ohyp2026c47hrq6h,2024-01-29T07:35:31.079999Z,13.885922,-89.734334,8.063,0.8238,MLc,0.123,146,7,0.0246,0.0371,
eslv2026rkwaoyg2,ohdd20267w2es57d,hypodd,ohyp2026vgsasref,2024-01-29T07:39:13.339999Z,13.884908,-89.7309,7.336,0.9806,MLc,0.16,103,12,0.023,0.0288,
eslv2026kamfc7aq,ohdd20264vjb65rm,hypodd,ohyp2026exlmq4z4,2024-01-29T07:47:17.030000Z,13.884483,-89.731714,5.807,0.9106,MLc,0.149,102,11,0.032,0.045,
eslv2026tqhx2vge,ohdd2026qftvygq2,hypodd,ohyp2026ridf5h5s,2024-01-29T07:56:19.530000Z,13.905613,-89.75271,10.6,0.7509,MLc,0.122,156,8,0.0632,0.058,
eslv2026etpfkboz,ohdd2026n2nohd5z,hypodd,ohyp2026m7xode3e,2024-01-29T07:59:17.230000Z,13.884741,-89.732796,7.52,0.8301,MLc,0.139,104,10,0.0232,0.0196,
eslv2026c5rxl6fx,ohdd2026fvrfhepe,hypodd,ohyp2026plni67ly,2024-01-29T08:15:58.090000Z,13.884759,-89.731763,7.356,1.9656,MLc,0.142,96,10,0.0237,0.0304,
eslv2026wmh6i2wk,ohdd2026jgcau366,hypodd,ohyp2026s44fmmj4,2024-01-29T08:24:16.129999Z,13.884188,-89.730819,8.632,1.2063,MLc,0.176,100,13,0.027,0.0294,
eslv2026ssf4wa3l,ohdd2026adstbeor,hypodd,ohyp20264tr7aknm,2024-01-29T10:41:43.509999Z,13.932056,-89.718026,4.583,1.2028,MLc,0.214,224,8,0.0283,0.0222,
eslv2026hipqwjc3,ohdd2026xjy2uked,hypodd,ohyp2026reounump,2024-01-29T10:44:45.890000Z,13.886877,-89.732821,6.527,1.4577,MLc,0.116,99,10,0.0237,0.0184,
eslv2026lkbsxk5e,ohdd2026jwgukddd,hypodd,ohyp2026lzgkcsuq,2024-01-29T10:51:32.520000Z,13.883366,-89.730282,8.209,1.4666,MLc,0.159,100,11,0.0262,0.0224,
eslv2026m4bnxl7z,ohdd20262epi3xtg,hypodd,ohyp2026s3lrjyyn,2024-01-29T11:00:08.060000Z,13.885965,-89.73278,7.888,1.1982,MLc,0.122,101,10,0.0205,0.0234,
eslv2026m3fd6ygq,ohdd2026bkx7lgs3,hypodd,ohyp2026byymxxx7,2024-01-30T07:04:51.780000Z,13.900677,-89.699194,10.334,0.399,MLc,0.229,135,7,0.0472,0.0304,
eslv2026cni3lkm4,ohdd2026qhxlqggy,hypodd,ohyp2026x42a5uga,2024-01-30T08:35:16.750000Z,13.883904,-89.733618,6.781,0.5745,MLc,0.11,172,8,0.0211,0.02,
eslv2026l3s2473x,ohdd2026h7w6ie25,hypodd,ohyp2026ddsrtcf4,2024-01-30T09:42:19.500000Z,13.860248,-89.719206,5.596,1.5457,MLc,0.233,132,8,0.0329,0.035,
eslv2026vyeevquv,ohdd2026c5xan3tu,hypodd,ohyp20266aoh2sb4,2024-01-30T10:22:20.579999Z,13.87599,-89.73252,6.382,0.5112,MLc,0.125,228,6,0.0325,0.0348,
eslv2026hgxmlty4,ohdd2026ns5w5dhr,hypodd,ohyp20262va7x456,2024-01-30T10:30:00.980000Z,13.885605,-89.734229,7.526,1.1441,MLc,0.146,127,12,0.017,0.0165,
eslv2026k3lqbk3y,ohdd20264pzpulr2,hypodd,ohyp20266vhq3ymk,2024-01-30T11:17:54.469999Z,13.891046,-89.733333,8.127,0.8653,MLc,0.111,182,6,0.02,0.0162,
eslv2026k732ssjl,ohdd2026o4h6a2zm,hypodd,ohyp2026budxgeur,2024-01-30T11:45:26.960000Z,13.888086,-89.735278,7.733,1.061,MLc,0.173,151,9,0.0211,0.0218,
eslv2026au4qbcqw,ohdd2026fky3ancz,hypodd,ohyp2026sf3hazjp,2024-01-30T12:12:18.629999Z,13.864808,-89.72583,12.56,1.4298,MLc,0.258,112,13,0.0326,0.0288,
eslv2026bv4fb45w,ohdd2026g2w2fh6a,hypodd,ohyp20265qesqszn,2024-01-30T14:03:08.560000Z,13.885179,-89.730729,8.565,1.3286,MLc,0.238,155,9,0.0345,0.0256,
eslv2026jp7lxpe3,ohdd2026vizgires,hypodd,ohyp2026seqpphap,2024-01-31T01:47:46.619999Z,13.94673,-89.703735,4.27,0.4224,MLc,0.166,238,6,0.043,0.0384,
eslv202662lvwygy,ohdd2026vepse2cw,hypodd,ohyp20267qszrikj,2024-01-31T03:08:50.359999Z,13.885129,-89.730575,7.923,0.5672,MLc,0.193,153,10,0.0194,0.0295,
eslv2026a6mscmiw,ohdd20263tm72iu6,hypodd,ohyp2026zrwjhdpg,2024-01-31T03:18:57.670000Z,13.884767,-89.731144,7.378,1.0986,MLc,0.173,104,13,0.0362,0.0504,
eslv2026n4ile2v3,ohdd20264ntbczzd,hypodd,ohyp2026azmgr553,2024-01-31T03:20:44.659999Z,13.883455,-89.734058,8.03,0.6053,MLc,0.165,179,8,0.0229,0.0279,
eslv2026ier7yxjs,ohdd2026ixvgp4wi,hypodd,ohyp20266y5tchly,2024-01-31T03:50:49.920000Z,13.886256,-89.731527,7.54,0.4689,MLc,0.159,166,8,0.0254,0.0325,
eslv202665ulxabn,ohdd2026i3n3x3pk,hypodd,ohyp2026zcqaxbn5,2024-01-31T05:32:40.479999Z,13.854119,-89.743286,6.883,0.5784,MLc,0.185,216,7,0.0409,0.0424,
eslv2026osux3yur,ohdd20263c7yc6kw,hypodd,ohyp2026bldj3euu,2024-01-31T06:32:28.089999Z,13.885233,-89.731095,8.601,2.2926,MLc,0.121,102,18,0.0247,0.0242,
eslv2026q3v5vndc,ohdd2026jyikx7az,hypodd,ohyp202657eiewif,2024-01-31T06:33:31.570000Z,13.885155,-89.733309,7.216,1.0667,MLc,0.182,164,7,0.0211,0.0271,
eslv2026ojb5sy3t,ohdd20263il4t6cb,hypodd,ohyp2026ug5l2vf5,2024-01-31T07:38:31.969999Z,13.885524,-89.730029,8.666,0.6678,MLc,0.123,129,12,0.025,0.0255,
eslv2026add3wt2z,ohdd2026cewhtfqs,hypodd,ohyp2026a7n4okbp,2024-01-31T08:56:30.980000Z,13.885577,-89.734888,7.848,0.9603,MLc,0.149,137,9,0.0223,0.0315,
eslv2026gxa5byxq,ohdd2026dhyumwqd,hypodd,ohyp2026f5yec344,2024-01-31T16:14:26.449999Z,13.85889,-89.724178,6.406,1.3651,MLc,0.231,273,7,0.0494,0.0664,
eslv2026chjfzfue,ohdd2026u7zka5og,hypodd,ohyp2026fe6ujsl6,2024-02-01T07:58:42.299999Z,13.914366,-89.727352,5.516,0.2235,MLc,0.24,134,8,0.0308,0.0275,
eslv2026ehvugbwq,ohdd20266cnlpmfy,hypodd,ohyp2026x5jku6fd,2024-02-01T08:32:28.809999Z,13.886697,-89.728809,8.592,0.2821,MLc,0.165,156,6,0.0216,0.0315,
eslv2026qio2s3nn,ohdd2026hkdh37yv,hypodd,ohyp2026wkry5muv,2024-02-01T08:33:22.390000Z,13.885512,-89.733659,7.855,1.2665,MLc,0.118,104,16,0.0192,0.0181,
eslv2026xcua3zfq,ohdd2026dahwrqlm,hypodd,ohyp2026kghfyjno,2024-02-01T08:33:54.759999Z,13.891022,-89.735571,7.997,0.0915,MLc,0.191,206,7,0.03,0.0356,
eslv2026oklbyamn,ohdd202633tn2zuv,hypodd,ohyp2026rrefiep3,2024-02-01T08:35:22.160000Z,13.887055,-89.73431,7.41,0.7329,MLc,0.159,220,9,0.0298,0.0306,
eslv2026o6xgmltb,ohdd2026c5k4kwcw,hypodd,ohyp2026fpmf7yuw,2024-02-01T08:36:48.990000Z,13.82932,-89.777116,8.704,0.1327,MLc,0.172,209,6,0.0394,0.0443,
eslv2026eirvpowd,ohdd2026jr4ozg5c,hypodd,ohyp2026qh5qvque,2024-02-01T12:23:11.359999Z,13.877505,-89.815112,2.764,1.5582,MLc,0.315,256,8,0.0296,0.0259,
eslv20267j2lrlii,ohdd202647yds3yd,hypodd,ohyp2026ffuvuvvb,2024-02-02T21:44:12.599999Z,13.877006,-89.691895,3.831,1.6899,MLc,0.35,152,7,0.0599,0.0607,
eslv2026x2tqh6zg,ohdd2026d5zbeeos,hypodd,ohyp2026etdefakm,2024-02-03T02:39:52.299999Z,13.885885,-89.721916,8.426,0.6782,MLc,0.242,198,7,0.0292,0.0325,
eslv2026bej5jt4o,ohdd20266sxhhf5y,hypodd,ohyp2026mby5unjk,2024-02-03T03:29:34.259999Z,13.803868,-89.680819,8.711,1.4289,MLc,0.155,138,15,0.1189,0.2656,
eslv20263232zy2u,ohdd2026ltvh2e47,hypodd,ohyp2026ucxzll5m,2024-02-03T03:50:15.300000Z,13.920029,-89.811825,4.395,1.0733,MLc,0.213,306,7,0.0409,0.0404,
eslv2026gt7cjgy2,ohdd2026ym263sqz,hypodd,ohyp2026ph4cmhjg,2024-02-03T03:50:20.839999Z,13.933516,-89.85061,2.803,1.4988,MLc,0.001,291,9,3.1286,4.2694,
eslv2026c6l3oydv,ohdd20264vzx4nhg,hypodd,ohyp20262kni43db,2024-02-03T03:59:06.240000Z,13.849138,-89.840698,4.073,1.8057,MLc,0.304,286,13,0.034,0.0284,
eslv2026rk3czvxw,ohdd2026mtti4pqr,hypodd,ohyp2026beyzek35,2024-02-04T06:23:54.100000Z,13.890786,-89.737671,6.228,1.3811,MLc,0.121,123,16,0.0174,0.0297,
eslv2026ljeimlus,ohdd2026nzw3luy7,hypodd,ohyp2026cufyiyf6,2024-02-04T16:20:38.429999Z,13.880555,-89.766821,3.717,1.1297,MLc,0.226,225,7,0.0386,0.0314,
eslv2026geiceatb,ohdd2026rw2oqpa2,hypodd,ohyp2026jghcfmql,2024-02-04T22:10:40.640000Z,13.806378,-89.680306,7.628,1.4396,MLc,0.173,137,16,0.2774,0.3608,
eslv2026kkfhkwly,ohdd2026mkqefuun,hypodd,ohyp2026p4jjuv6b,2024-02-05T06:08:11.240000Z,13.93077,-89.679875,10.288,0.5524,MLc,0.197,242,6,0.0422,0.0389,
eslv20267on2yyxh,ohdd202672mpjuwz,hypodd,ohyp2026t4zhiyyj,2024-02-05T07:43:43.259999Z,13.799409,-89.675806,8.434,0.814,MLc,0.087,135,8,0.3788,0.3344,
eslv2026wdnr6kl2,ohdd2026sri5ogrr,hypodd,ohyp2026ufnxsoof,2024-02-05T08:04:57.549999Z,13.869319,-89.760132,4.51,0.2525,MLc,0.19,239,6,0.026,0.0191,
eslv2026ufjlalbb,ohdd2026a5rn4wuw,hypodd,ohyp2026oq5vbnhk,2024-02-06T04:23:24.820000Z,13.916334,-89.790845,1.636,1.2126,MLc,0.486,305,8,0.0307,0.0403,
eslv2026rrckellc,ohdd2026bftrpuxs,hypodd,ohyp2026vpnk55ke,2024-02-06T04:23:42.240000Z,13.872888,-89.799113,4.809,0.9317,MLc,0.36,307,8,0.0418,0.0453,
eslv2026izzwufbk,ohdd2026mews343x,hypodd,ohyp2026cobtv626,2024-02-06T04:24:33.200000Z,13.849954,-89.818416,1.163,1.1996,MLc,0.081,251,6,0.0587,0.0809,
eslv2026l7ixj36w,ohdd2026jeepc4yj,hypodd,ohyp2026ryvrpjjo,2024-02-06T16:39:37.630000Z,13.880487,-89.738485,8.147,1.4266,MLc,0.254,257,6,0.028,0.0233,
eslv2026urpxoih3,ohdd2026jz77gkn3,hypodd,ohyp20262kbrpewk,2024-02-07T00:41:41.500000Z,13.904554,-89.632918,2.434,1.0056,MLc,0.161,203,6,1.7426,1.7625,
eslv2026b66ydd7d,ohdd2026gbv2gtab,hypodd,ohyp20266h5w4rtn,2024-02-07T03:33:56.380000Z,13.877393,-89.800456,4.377,2.7883,MLc,0.209,265,16,0.0358,0.0355,
eslv2026lxwachsx,ohdd2026qljxovhl,hypodd,ohyp20267mjfvsgr,2024-02-07T03:34:23.309999Z,13.876447,-89.79681,4.406,2.5874,MLc,0.333,275,13,0.0288,0.0233,
eslv20264rhmd3kh,ohdd2026zyb6xbve,hypodd,ohyp2026x3kgiyea,2024-02-07T03:46:23.309999Z,13.859475,-89.788835,0.766,1.2812,MLc,0.404,304,7,0.0301,0.0579,
eslv2026pox5ym5w,ohdd2026zasoy45a,hypodd,ohyp2026rwpqke3v,2024-02-07T04:03:11.250000Z,13.880164,-89.771777,14.997,1.6344,MLc,0.285,267,14,0.0511,0.0489,
eslv2026zevid7me,ohdd2026vbja3k65,hypodd,ohyp2026yxlf25di,2024-02-07T04:06:41.710000Z,13.875507,-89.810824,3.511,1.715,MLc,0.274,305,12,0.0259,0.0249,
eslv20262hy6lcip,ohdd2026mbx6ecze,hypodd,ohyp2026hvv6fmah,2024-02-07T04:07:25.109999Z,13.929888,-89.80245,3.44,1.5002,MLc,0.193,277,11,0.05,0.0323,
eslv2026wy6ocgfc,ohdd20266ig7t6vx,hypodd,ohyp20262otzhmsf,2024-02-07T04:08:57.539999Z,13.880319,-89.799601,3.25,1.6255,MLc,0.012,277,9,0.1472,0.2399,
eslv2026wc7bd533,ohdd2026xtzvqweq,hypodd,ohyp2026xemighgg,2024-02-07T23:49:39.759999Z,13.838791,-89.806331,4.394,2.1055,MLc,0.207,245,12,0.0179,0.0165,
eslv2026atx2zldv,ohdd2026izzyrcew,hypodd,ohyp2026sks5txiy,2024-02-08T01:44:59.600000Z,13.836537,-89.806071,4.334,1.2601,MLc,0.145,255,12,0.0126,0.0151,
eslv20267aougx5d,ohdd20264qhpspjg,hypodd,ohyp20262qpvxl53,2024-02-08T04:18:11.400000Z,13.905056,-89.745451,6.417,0.6722,MLc,0.183,180,8,0.0293,0.0502,
eslv2026tlbpqolj,ohdd202626jpq6du,hypodd,ohyp2026r6og6722,2024-02-08T06:34:02.810000Z,14.069535,-89.721965,12.411,0.7657,MLc,0.166,308,9,0.3052,0.5222,
eslv2026xzqkros6,ohdd20263bhi3nr3,hypodd,ohyp2026mwi5coew,2024-02-09T06:46:08.949999Z,13.878491,-89.775781,5.398,0.7222,MLc,0.276,297,9,0.0352,0.039,
eslv2026og6tdtwq,ohdd2026pgwwfumb,hypodd,ohyp2026q4f5dwoq,2024-02-09T07:29:19.879999Z,13.93791,-89.724113,2.206,0.8207,MLc,0.147,217,11,0.0235,0.0472,
eslv2026lyt526xz,ohdd202632vh6di3,hypodd,ohyp2026wshg7eee,2024-02-09T07:31:55.179999Z,13.890666,-89.740202,5.748,1.242,MLc,0.132,155,10,0.03,0.0439,
eslv2026tkjpy44m,ohdd2026rr3ikrgs,hypodd,ohyp2026t63tt422,2024-02-09T07:32:22.010000Z,13.883143,-89.731608,7.182,1.4424,MLc,0.307,93,17,0.026,0.0279,
eslv2026i7paynbk,ohdd2026w2kekxwy,hypodd,ohyp20266kewv2rh,2024-02-09T07:35:14.560000Z,13.889857,-89.742863,5.843,0.8961,MLc,0.166,165,12,0.0211,0.0286,
eslv2026erkmmu6s,ohdd2026z4mw6hxr,hypodd,ohyp2026sic5wwv2,2024-02-09T07:35:37.530000Z,13.889479,-89.744466,5.979,0.8791,MLc,0.138,160,9,0.0319,0.0305,
eslv2026eef3eogk,ohdd2026u7vu3o76,hypodd,ohyp2026skl6dxb6,2024-02-09T08:04:04.660000Z,13.805788,-89.780819,6.371,0.66,MLc,0.049,185,8,0.1176,0.1488,
eslv2026iiutik3j,ohdd2026imf47nzh,hypodd,ohyp2026llrar7wr,2024-02-11T02:55:36.979999Z,13.890084,-89.751758,6.078,1.4728,MLc,0.2,146,10,0.0291,0.0351,
eslv2026f26k6yhq,ohdd2026rlhtumc2,hypodd,ohyp2026h6p2sixo,2024-02-11T08:57:47.229999Z,13.865178,-89.772087,4.494,2.0631,MLc,0.184,143,16,0.0655,0.0814,
eslv2026vuj5qnti,ohdd2026pez7gqch,hypodd,ohyp2026hmwvon47,2024-02-11T09:30:34.119999Z,13.887004,-89.756852,7.505,2.4552,MLc,0.377,128,17,0.0342,0.0422,
eslv2026joss2xe7,ohdd20262t5l3gs2,hypodd,ohyp2026n6nf57mw,2024-02-11T09:32:09.970000Z,13.882721,-89.730973,7.622,2.1195,MLc,0.23,127,15,0.0253,0.0169,
eslv2026phjdvh6k,ohdd20266g35om25,hypodd,ohyp2026iepglg5i,2024-02-11T09:32:59.770000Z,13.883257,-89.730469,7.298,1.3245,MLc,0.289,117,12,0.0286,0.0242,
eslv2026npslona5,ohdd2026dlzhucfd,hypodd,ohyp2026zh372icj,2024-02-11T09:33:47.070000Z,13.871263,-89.761434,4.316,1.319,MLc,0.174,208,13,0.0351,0.0313,
eslv2026ds4x3kxw,ohdd2026qflim4rf,hypodd,ohyp2026xc7trca4,2024-02-11T09:35:28.920000Z,13.879199,-89.770483,5.48,1.4506,MLc,0.189,225,15,0.0379,0.0372,
eslv2026f33aqb2k,ohdd2026rwozkeru,hypodd,ohyp202656k6g27z,2024-02-11T09:37:02.910000Z,13.897758,-89.795898,9.14,2.5015,MLc,0.043,302,16,0.0411,0.0431,
eslv2026mhm5ow4h,ohdd2026x3dqnz4i,hypodd,ohyp2026l4ehitaa,2024-02-11T09:37:30.510000Z,13.87439,-89.770874,5.102,2.2328,MLc,0.128,214,11,0.0486,0.0516,
eslv2026553bhlze,ohdd2026ggosftpj,hypodd,ohyp2026fapfqlko,2024-02-11T09:40:02.069999Z,13.882388,-89.756592,4.774,1.3019,MLc,0.149,201,14,0.0337,0.0262,
eslv2026lagr6p4k,ohdd2026dyui2n62,hypodd,ohyp2026xa6uwpvu,2024-02-11T09:43:38.700000Z,13.879991,-89.758968,5.056,1.0565,MLc,0.155,221,9,0.0304,0.0367,
eslv2026xpuokdxc,ohdd2026hbysrzrp,hypodd,ohyp2026uroctfaj,2024-02-11T09:50:36.590000Z,13.877787,-89.763216,5.558,1.1603,MLc,0.152,202,6,0.034,0.0356,
eslv2026gt26f3yo,ohdd2026lj5clpvx,hypodd,ohyp202647u2m4fm,2024-02-11T11:29:32.810000Z,13.8817,-89.757707,4.918,1.2622,MLc,0.163,194,9,0.03,0.0239,
eslv2026i44llwcq,ohdd2026e22yn2lm,hypodd,ohyp2026i2j5ltyj,2024-02-11T11:38:49.009999Z,13.881854,-89.756421,4.554,1.2801,MLc,0.191,205,7,0.0328,0.0282,
eslv20267vuepb7k,ohdd2026dvj6oplz,hypodd,ohyp2026xgjj4crd,2024-02-11T11:55:53.520000Z,13.925529,-89.732796,2.05,1.1299,MLc,0.145,189,6,0.0317,0.0383,
eslv2026iq23i2bv,ohdd20262xwol4td,hypodd,ohyp2026kwv4dd5g,2024-02-12T02:55:28.399999Z,13.884528,-89.731323,7.523,2.2564,MLc,0.25,128,15,0.0243,0.0252,
eslv2026muae7dho,ohdd20265dphotdg,hypodd,ohyp20263tcz3rrv,2024-02-12T02:56:27.609999Z,13.882109,-89.752897,4.557,1.6036,MLc,0.209,180,9,0.0335,0.0235,
eslv2026gsebrgbw,ohdd2026iwclhys4,hypodd,ohyp2026fbwmktph,2024-02-12T06:26:19.679999Z,13.888686,-89.737004,7,0.7073,MLc,0.108,174,12,0.0183,0.0215,
eslv2026korec7us,ohdd202673utx2u3,hypodd,ohyp2026rk7aa5a2,2024-02-12T06:27:12.750000Z,13.78091,-89.760889,2.08,1.2016,MLc,0.445,204,8,0.0198,0.0285,
eslv2026eputc5au,ohdd2026wx5a4pkg,hypodd,ohyp2026tupyqs5q,2024-02-13T19:06:31.899999Z,13.88763,-89.734513,6.311,1.9502,MLc,0.111,164,10,0.017,0.0244,
eslv2026o4ymxgzx,ohdd2026jdqvpvft,hypodd,ohyp2026lkzessot,2024-02-15T08:04:52.079999Z,13.880103,-89.613444,4.038,1.2997,MLc,0.212,187,8,1.2851,1.2075,
eslv2026hnxc7tp5,ohdd2026lnceh47l,hypodd,ohyp2026gi7jt4jb,2024-02-16T02:55:48.619999Z,13.887014,-89.61936,2.43,1.3303,MLc,0.212,260,6,1.2463,1.4495,
eslv2026fct2ki5h,ohdd2026mvmpt67q,hypodd,ohyp20266ofz5njg,2024-02-19T03:14:10.019999Z,13.879798,-89.758333,7.699,1.654,MLc,0.207,289,6,0.0264,0.0289,
eslv2026glxwqyq3,ohdd2026d2lrsqcz,hypodd,ohyp2026s432e3jr,2024-02-19T06:11:00.680000Z,13.87989,-89.729842,10.553,1.289,MLc,0.165,262,8,0.0362,0.02,
eslv2026pfzlq4ec,ohdd2026jvsrmq5y,hypodd,ohyp20266hicqpyp,2024-02-21T03:48:30.329999Z,13.899313,-89.844694,18.07,1.7448,MLc,0.204,315,7,0.4285,0.4511,
eslv20264d7kjmyv,ohdd2026podhzfol,hypodd,ohyp2026yclpw367,2024-02-21T04:54:35.609999Z,13.893486,-89.835807,18.07,1.9371,MLc,0.204,312,7,0.436,0.4446,
eslv2026s3cliscc,ohdd2026oi5vfh5v,hypodd,ohyp2026u7bzexxq,2024-02-21T05:13:49.950000Z,13.878309,-89.778451,15.006,2.3593,MLc,0.183,299,8,0.0504,0.0506,
eslv2026qirdkpae,ohdd2026w3fnfjg3,hypodd,ohyp2026pimler6c,2024-02-21T06:47:43.920000Z,13.908856,-89.806836,14.56,1.749,MLc,0.025,294,7,0.0266,0.0262,
eslv2026hc7obyjc,ohdd2026nu6oejeu,hypodd,ohyp2026dfr4fov7,2024-02-26T07:43:09.000000Z,13.884931,-89.732096,8.395,0.8642,MLc,0.128,141,8,0.0218,0.0298,
eslv2026acdpjyet,ohdd20266lvsiveq,hypodd,ohyp2026zeth57nm,2024-02-28T00:46:40.659999Z,13.880358,-89.738721,8.735,1.6081,MLc,0.308,203,8,0.0524,0.0498,
eslv2026xd34kr7q,ohdd2026vemzvlcr,hypodd,ohyp2026rgcyaxbl,2024-03-02T15:08:54.340000Z,13.831029,-89.676839,6.704,1.9567,MLc,0.04,220,8,0.0933,0.0405,
eslv2026arghv6x3,ohdd2026557ykmzw,hypodd,ohyp20265mqtevcd,2024-03-03T02:28:53.659999Z,13.884112,-89.728841,9.037,1.7074,MLc,0.31,126,10,0.0304,0.0391,
eslv2026kw7tfmai,ohdd2026omy7ooya,hypodd,ohyp20267sdnbqui,2024-03-04T08:19:56.299999Z,13.861069,-89.725928,12.159,0.9894,MLc,0.275,191,9,0.0297,0.0403,
eslv2026rar4d2jk,ohdd2026hyifysew,hypodd,ohyp2026v2obv7d6,2024-03-04T08:27:57.799999Z,13.915061,-89.643205,12.69,1.5848,MLc,0.004,169,8,0.1019,0.067,
eslv2026mtek2yfh,ohdd2026mlm4czyn,hypodd,ohyp2026xgeto5eg,2024-03-04T08:48:54.469999Z,13.88419,-89.732544,8.715,0.9488,MLc,0.259,123,9,0.0296,0.0354,
eslv2026ymskb7hh,ohdd2026vyy6dq47,hypodd,ohyp2026e2ywnrb2,2024-03-04T08:49:56.210000Z,13.883462,-89.730509,10.649,1.0882,MLc,0.404,112,10,0.0425,0.0586,
eslv20265zc7nezx,ohdd2026fu67zkph,hypodd,ohyp2026nrbprdys,2024-03-04T09:05:52.229999Z,13.887531,-89.741016,8.185,1.2673,MLc,0.213,252,9,0.0234,0.0239,
eslv20266xzv6jf3,ohdd20267tbv6q3g,hypodd,ohyp2026qtzro4xn,2024-03-04T09:07:27.550000Z,13.882326,-89.73029,9.164,1.6286,MLc,0.254,120,10,0.031,0.0401,
eslv20266f6luc54,ohdd2026oxy4mnhk,hypodd,ohyp2026zkskyahc,2024-03-04T09:15:45.520000Z,13.875591,-89.772933,4.541,1.3196,MLc,0.196,303,8,0.0278,0.0461,
eslv2026i3e2ma3p,ohdd20266rjjbxmd,hypodd,ohyp2026bkizirlo,2024-03-04T12:34:32.960000Z,13.881839,-89.738713,4.363,1.7524,MLc,0.272,121,6,0.0429,0.0542,
eslv2026yvil3elo,ohdd2026c5yrcbqi,hypodd,ohyp2026c2ocel3p,2024-03-04T13:43:01.449999Z,13.884925,-89.768547,6.798,2.0068,MLc,0.339,283,6,0.0254,0.03,
eslv2026td2yuaws,ohdd2026stwt4nxf,hypodd,ohyp2026i3xygh6q,2024-03-05T05:25:08.070000Z,13.881938,-89.731022,8.501,1.2525,MLc,0.225,124,8,0.0279,0.0199,
eslv2026xrxlpt75,ohdd2026ip64azrh,hypodd,ohyp20263rddzuwu,2024-03-05T05:26:04.019999Z,13.886921,-89.730143,8.419,1.0534,MLc,0.238,115,9,0.0307,0.0289,
eslv20267nya5vyy,ohdd2026fpyfy7ly,hypodd,ohyp2026lo3nylvy,2024-03-08T09:32:29.600000Z,13.910014,-89.719897,4.169,1.6127,MLc,0.007,133,7,0.0518,0.0655,
eslv20266h3wa3v5,ohdd2026us27yk3o,hypodd,ohyp20266lci3wop,2024-03-09T06:47:44.670000Z,13.89071,-89.72854,7.741,1.0831,MLc,0.176,236,6,0.0258,0.033,
eslv2026gb5o2gro,ohdd2026usbymiyi,hypodd,ohyp2026adyfetxe,2024-03-10T03:23:39.539999Z,13.882986,-89.732048,7.92,1.7176,MLc,0.292,117,12,0.0278,0.038,
eslv20267j3s44on,ohdd20263yj43nd4,hypodd,ohyp2026sbv4k4wk,2024-03-10T08:56:38.829999Z,13.836436,-89.765112,7.696,1.2807,MLc,0.219,282,6,0.0316,0.0348,
eslv2026nvggmdqh,ohdd2026yxueww4x,hypodd,ohyp2026fwl33l5m,2024-03-11T05:38:31.609999Z,13.85107,-89.744881,10.543,1.349,MLc,0.053,272,12,0.0443,0.0389,
eslv2026d75qzhd4,ohdd2026pums2z3b,hypodd,ohyp2026x7kgdjke,2024-03-11T20:11:48.439999Z,13.994806,-89.700016,0.45,0.7902,MLc,0.053,336,6,0.0743,0.0616,
eslv20266n76l6gw,ohdd202675ss3xkj,hypodd,ohyp20264fkw2fna,2024-03-11T21:52:31.359999Z,13.8644,-89.728166,8.436,1.8476,MLc,0.252,294,6,0.0398,0.0378,
eslv2026vaixgmap,ohdd2026oanfmy3s,hypodd,ohyp2026o77hsqa3,2024-03-13T23:42:11.019999Z,13.882779,-89.787744,11.814,1.54,MLc,0.158,314,9,0.0364,0.0291,
eslv20262r5eahf6,ohdd20267vy5wnak,hypodd,ohyp2026llixbijd,2024-03-15T04:50:44.630000Z,13.925996,-89.722949,7.62,1.2089,MLc,0.141,145,8,0.0301,0.0494,
eslv2026gedkn64b,ohdd20263h7bwxlp,hypodd,ohyp20263oyjmtxh,2024-03-16T11:12:05.919999Z,13.913031,-89.724023,11.214,0.9509,MLc,0.001,243,9,0.0582,0.0362,
eslv2026j6zvnfma,ohdd2026a3v6vilj,hypodd,ohyp2026xw6uchzb,2024-03-16T11:28:16.589999Z,13.869504,-89.750578,5.05,0.2211,MLc,0.033,187,6,0.0284,0.0289,
eslv2026nu7kd4fa,ohdd2026grvwytda,hypodd,ohyp2026ilex6bdq,2024-03-16T12:14:14.529999Z,13.881846,-89.782715,5.242,1.9153,MLc,0.181,239,8,0.0595,0.0834,
eslv2026nftc6wsx,ohdd2026rtrudf3w,hypodd,ohyp2026jppqqdgk,2024-03-17T01:32:07.339999Z,13.9021,-89.732308,6.787,1.4921,MLc,0.416,124,11,0.0303,0.0357,
eslv2026uyd4drpn,ohdd2026ngucydfi,hypodd,ohyp2026yrindn6h,2024-03-17T03:05:22.539999Z,13.864027,-89.734904,7.186,1.4192,MLc,0.191,196,12,0.0279,0.0312,
eslv2026juipxvb3,ohdd2026w5qfh347,hypodd,ohyp2026vzkghoyb,2024-03-18T21:18:15.160000Z,13.886455,-89.745353,4.806,2.7321,MLc,0.112,175,11,0.0272,0.0285,
eslv2026xp6qtdrd,ohdd20265se7hce7,hypodd,ohyp2026vtqiue23,2024-03-18T21:25:20.359999Z,13.887051,-89.745142,4.908,2.214,MLc,0.136,140,10,0.0296,0.0258,
eslv2026jud5ofuz,ohdd2026efukvfyh,hypodd,ohyp2026zsuom5oq,2024-03-19T01:26:34.939999Z,13.887389,-89.747559,5.129,1.8096,MLc,0.104,178,9,0.0301,0.0277,
eslv2026pxt5pmce,ohdd2026ektunv7s,hypodd,ohyp2026srarz7dr,2024-03-19T20:16:35.079999Z,13.889019,-89.751213,5.694,1.4763,MLc,0.156,158,10,0.0293,0.0188,
eslv2026dpvzl3kr,ohdd2026zke7qfhb,hypodd,ohyp2026eriesz3q,2024-03-19T20:22:08.800000Z,13.880213,-89.754679,5.283,2.6666,MLc,0.112,177,15,0.0256,0.0323,
eslv2026rgra5kjc,ohdd2026zkcrg5la,hypodd,ohyp2026af6otc3q,2024-03-19T21:37:26.679999Z,13.888248,-89.750317,6.311,1.591,MLc,0.211,156,12,0.0408,0.0439,
eslv2026gqvutni2,ohdd20265cr76bod,hypodd,ohyp2026roba3a4l,2024-03-21T05:49:40.570000Z,13.863964,-89.7979,13.998,1.4445,MLc,0.047,273,11,0.0832,0.0863,
eslv2026mzykfbyh,ohdd2026ovpqljsn,hypodd,ohyp20262q7kqp5s,2024-03-21T15:05:54.810000Z,13.872158,-89.735726,6.18,1.4423,MLc,0.14,183,8,0.0274,0.027,
eslv202664qe6k27,ohdd2026z6lpk7jj,hypodd,ohyp2026p74v3lvo,2024-03-21T15:37:31.019999Z,13.841633,-89.746761,4.156,1.0852,MLc,0.078,176,6,0.029,0.039,
eslv2026r2pvlw5n,ohdd2026pk2krw6a,hypodd,ohyp2026x3z7xer2,2024-03-22T08:31:43.799999Z,13.875911,-89.802295,3.927,1.9103,MLc,0.273,274,13,0.0364,0.0324,
eslv2026bsspsfje,ohdd2026g34nmww7,hypodd,ohyp2026bjre6yq5,2024-03-24T23:35:16.320000Z,13.893017,-89.670565,2.862,1.2993,MLc,0.059,164,7,0.4964,0.4294,
eslv2026mfex54n3,ohdd2026fu6eiune,hypodd,ohyp2026hczlkizp,2024-03-27T12:07:38.020000Z,13.83485,-89.767855,6.526,1.4673,MLc,0.298,200,11,0.0406,0.0325,
eslv2026nwaogipq,ohdd20262c4cxgih,hypodd,ohyp2026mm4nlepu,2024-03-28T06:48:55.780000Z,13.865927,-89.760913,4.597,0.7476,MLc,0.189,254,6,0.0281,0.0223,
eslv202627eeodxw,ohdd2026x6cxxowl,hypodd,ohyp2026othzabxc,2024-03-29T14:20:50.170000Z,13.926471,-89.759432,1.607,0.6428,MLc,0.206,221,6,0.0324,0.0205,
eslv2026f7qqtvng,ohdd2026476bpya6,hypodd,ohyp2026esilagef,2024-03-30T10:12:37.399999Z,13.903696,-89.839372,6.265,0.5341,MLc,0.002,358,6,0.0405,0.0473,
eslv202642sf7ibl,ohdd2026omnfl7rz,hypodd,ohyp2026vhv2ijmt,2024-03-31T01:40:00.330000Z,13.883823,-89.732373,8.452,2.4838,MLc,0.248,98,17,0.0272,0.0273,
eslv2026yfktp4nr,ohdd202647dhj5sx,hypodd,ohyp2026mj2ijl6p,2024-03-31T05:02:10.820000Z,13.894726,-89.748975,6.893,0.3371,MLc,0.197,179,6,0.0306,0.0289,
eslv2026z2pk3io3,ohdd20263ecpc7oa,hypodd,ohyp2026vmfhmqmi,2024-03-31T06:31:03.450000Z,13.876314,-89.775684,4.955,0.9237,MLc,0.238,213,9,0.0367,0.0162,
eslv2026djdxb3ux,ohdd2026uvt5lsmp,hypodd,ohyp2026vuopzwvl,2024-04-01T09:14:51.719999Z,13.885087,-89.756437,8.757,0.8069,MLc,0.272,285,7,0.0982,0.0573,
eslv2026v6g66bk2,ohdd2026e2ilmk4z,hypodd,ohyp2026zlmrqvnr,2024-04-04T04:52:03.020000Z,13.865946,-89.668213,18.92,,,0.274,93,15,0.4918,0.2539,
eslv2026lem3fijp,ohdd2026lbkyufx2,hypodd,ohyp202645ddxjum,2024-04-04T22:06:18.280000Z,13.925753,-89.805396,10.488,0.3877,MLc,0.015,245,7,0.0158,0.0184,
eslv2026etarnszk,ohdd2026dl44ufea,hypodd,ohyp2026kfe5blul,2024-04-05T07:25:03.430000Z,13.870775,-89.758154,4.915,0.8014,MLc,0.169,240,9,0.0277,0.027,
eslv2026dffcmc7l,ohdd2026ypdamr54,hypodd,ohyp2026jk56amdx,2024-04-05T07:26:19.710000Z,13.886919,-89.750391,5.517,0.8972,MLc,0.11,162,7,0.0244,0.0223,
eslv2026pidi22e3,ohdd2026q3k7nz2s,hypodd,ohyp2026o7yccuen,2024-04-05T07:35:47.289999Z,13.885265,-89.758895,8.383,0.9277,MLc,0.088,154,8,0.0374,0.0446,
eslv2026ljhjh3qx,ohdd20265msc7ajv,hypodd,ohyp2026t5flovxu,2024-04-05T07:57:04.299999Z,13.887686,-89.749544,5.325,0.4991,MLc,0.12,162,10,0.0271,0.026,
eslv20264enzzp33,ohdd20266b3vhlye,hypodd,ohyp2026px6afbxq,2024-04-05T08:06:54.009999Z,13.887819,-89.749707,5.342,0.9181,MLc,0.098,163,8,0.0245,0.024,
eslv2026jzppojch,ohdd2026l6ih6d6g,hypodd,ohyp2026h32dv5rl,2024-04-07T03:08:43.579999Z,13.871201,-89.796281,3.845,1.8076,MLc,0.295,277,11,0.0234,0.0379,
eslv2026kg64w62o,ohdd2026fbai4wnw,hypodd,ohyp202635cqvhyk,2024-04-07T03:17:41.579999Z,13.864259,-89.79078,2.662,1.272,MLc,0.273,273,9,0.0906,0.1748,
eslv20267niz3n7r,ohdd2026njemg36d,hypodd,ohyp2026ob7hfbdk,2024-04-07T11:01:27.920000Z,13.926547,-89.768864,4.916,0.8916,MLc,0.296,316,6,0.0136,0.0129,
eslv2026rt354ty3,ohdd2026rlgjw4de,hypodd,ohyp2026bzzabjm2,2024-04-07T17:41:19.160000Z,13.899112,-89.776074,3.652,1.8048,MLc,0.046,307,7,0.0661,0.0516,
eslv2026ltxpsk77,ohdd2026vffgdata,hypodd,ohyp2026srmd7cmo,2024-04-08T08:30:08.480000Z,13.880068,-89.757625,4.976,0.5502,MLc,0.168,179,11,0.0285,0.0204,
eslv2026npin3dmt,ohdd2026wv3vow6p,hypodd,ohyp2026qll3lvkt,2024-04-08T09:45:16.699999Z,13.77619,-89.762817,3.421,1.1346,MLc,0.445,207,9,0.0195,0.0281,
eslv2026wm3d3tf7,ohdd20266aykimbn,hypodd,ohyp2026t4wstpnk,2024-04-09T07:02:20.109999Z,13.887868,-89.752808,6.319,0.9021,MLc,0.173,148,9,0.0356,0.0293,
eslv2026wvwkrmsz,ohdd2026ghmokk72,hypodd,ohyp2026tnm6z7be,2024-04-09T08:13:52.609999Z,13.935253,-89.786125,7.065,0.5611,MLc,0.104,352,6,0.04,0.0351,
eslv20262shzfqy6,ohdd2026ybhtyapp,hypodd,ohyp2026vqg6zue5,2024-04-10T05:47:09.869999Z,13.871558,-89.800863,4.755,1.2044,MLc,0.222,305,8,0.0214,0.0174,
eslv2026gazn3mtz,ohdd2026j5jbxt3e,hypodd,ohyp202647jnkvp3,2024-04-10T05:47:59.899999Z,13.871304,-89.800911,4.72,1.3887,MLc,0.262,305,8,0.023,0.0188,
eslv2026edlsfryo,ohdd2026voys2tgy,hypodd,ohyp2026w52ur5jy,2024-04-10T05:49:39.039999Z,13.875033,-89.789933,6.104,1.0944,MLc,0.245,305,9,0.0417,0.0373,
eslv2026w4cikchn,ohdd2026y5wxoldf,hypodd,ohyp20265m3ldwyr,2024-04-10T17:32:49.280000Z,13.890476,-89.751497,11.22,0.5329,MLc,0.076,239,6,0.0503,0.0364,
eslv2026f2hglohn,ohdd2026gp2ygbb4,hypodd,ohyp2026bfcv23rt,2024-04-11T02:09:33.000000Z,13.888762,-89.751921,6.592,1.4382,MLc,0.144,163,10,0.0411,0.0324,
eslv2026grraenb2,ohdd2026otki47xf,hypodd,ohyp2026ylrzjwkn,2024-04-11T05:36:08.689999Z,13.881628,-89.774373,5.655,1.3539,MLc,0.307,241,10,0.0437,0.0335,
eslv2026exa7uaqc,ohdd2026m5bpw57v,hypodd,ohyp2026qmhgwthw,2024-04-11T09:12:46.170000Z,13.857337,-89.742293,7.351,1.6436,MLc,0.245,204,10,0.0341,0.0286,
eslv2026x32tyvl3,ohdd2026ue5deaz6,hypodd,ohyp20263qq5u7wt,2024-04-11T09:43:50.640000Z,13.875644,-89.750212,4.867,1.5009,MLc,0.185,181,11,0.0326,0.0388,
eslv2026m5nsyf7y,ohdd2026fizm5pd2,hypodd,ohyp2026q7y5yniz,2024-04-14T11:24:03.490000Z,13.778125,-89.427824,10.385,1.544,MLc,0.116,138,6,0.5226,0.6212,
eslv2026ir5qt32r,ohdd2026fh3a3qmb,hypodd,ohyp2026brya4avg,2024-04-15T01:47:07.009999Z,13.872759,-89.730811,9.134,0.7093,MLc,0.219,154,7,0.0342,0.0318,
eslv2026d4aonflr,ohdd2026wskx2ufx,hypodd,ohyp2026grnxueaj,2024-04-15T01:48:54.770000Z,13.886152,-89.732731,8.604,0.9728,MLc,0.187,133,11,0.0254,0.0231,
eslv2026bvsfdrai,ohdd20262eeqk32x,hypodd,ohyp20262xsmttbb,2024-04-26T05:41:35.789999Z,13.871553,-89.80367,4.032,1.3284,MLc,0.422,306,10,0.0223,0.0307,
eslv2026s6jle24p,ohdd2026xpox2l2z,hypodd,ohyp2026x3sl4yax,2024-04-26T05:43:20.429999Z,13.87458,-89.799992,3.866,1.8981,MLc,0.292,280,14,0.0172,0.0222,
eslv2026ypu742bd,ohdd2026xuwl5lho,hypodd,ohyp2026dfp3f7jk,2024-04-26T05:44:13.390000Z,13.87386,-89.800049,3.777,1.4581,MLc,0.259,278,14,0.0225,0.0233,
eslv2026eyv6zrrb,ohdd2026bprrlxgr,hypodd,ohyp2026nnxi4cml,2024-04-26T05:51:04.179999Z,13.874408,-89.798633,3.958,1.4255,MLc,0.264,277,14,0.021,0.0216,
eslv2026hphsodvx,ohdd2026nsf2v6me,hypodd,ohyp20265b22ezvt,2024-04-26T07:42:37.450000Z,13.872431,-89.78728,2.959,1.0675,MLc,0.254,304,9,0.0203,0.024,
eslv2026rjzmxfir,ohdd2026in7j55nf,hypodd,ohyp202647wgzywd,2024-04-26T16:27:36.219999Z,13.911352,-89.781999,2.866,0.7607,MLc,0.034,280,6,0.0479,0.0267,
eslv2026xvjg7xh2,ohdd2026senjp2tp,hypodd,ohyp2026i3p6fdmo,2024-04-28T10:47:43.960000Z,13.8333,-89.815609,9.314,1.3554,MLc,0.264,278,6,0.3358,0.2756,
eslv2026ihglzpzt,ohdd2026ygw4fhjg,hypodd,ohyp2026y6bw5nld,2024-04-28T17:57:44.500000Z,13.874574,-89.803052,3.806,2.6831,MLc,0.26,278,15,0.0243,0.0239,
eslv2026k6ga364d,ohdd2026pbm5wgi3,hypodd,ohyp2026r6ipu37c,2024-04-28T23:19:50.200000Z,13.839027,-89.722078,5.574,0.3987,MLc,0.126,197,6,0.0354,0.0441,
eslv2026vwxc47hn,ohdd20263t57unyr,hypodd,ohyp2026la6p2cjh,2024-04-30T04:38:01.129999Z,13.837587,-89.76958,6.993,0.5612,MLc,0.425,261,7,0.0384,0.0409,
eslv2026lsov7qu5,ohdd2026hllnyxt7,hypodd,ohyp2026a2tm6u5a,2024-04-30T05:33:25.100000Z,13.886308,-89.746354,8.488,0.4848,MLc,0.111,152,8,0.0252,0.0247,
eslv2026lm5ldqeh,ohdd20265ajcf5jc,hypodd,ohyp2026zqmgyjhy,2024-04-30T07:51:41.850000Z,13.841777,-89.709587,8.105,0.0057,MLc,0.014,253,7,0.0566,0.0533,
eslv2026tgoe5usc,ohdd2026oaw6kzjn,hypodd,ohyp2026bsmx7hbb,2024-04-30T08:33:12.859999Z,13.869317,-89.729403,7.271,1.1075,MLc,0.416,150,11,0.0405,0.047,
eslv20263wlo5b44,ohdd2026rvfy7toa,hypodd,ohyp2026h63ru6x3,2024-04-30T19:38:48.200000Z,13.882532,-89.73151,7.947,1.2296,MLc,0.205,176,7,0.0205,0.0293,
eslv2026spqmluih,ohdd2026cc6r5nmo,hypodd,ohyp2026gsjmwyy6,2024-05-01T09:39:20.660000Z,13.86895,-89.728605,7.066,2.3233,MLc,0.207,149,16,0.0374,0.0312,
eslv2026eczf7g2a,ohdd2026zaezhcdx,hypodd,ohyp2026hwg7jvtr,2024-05-01T10:24:16.879999Z,13.808809,-89.745467,6.217,0.7209,MLc,0.211,202,7,0.0303,0.0736,
eslv20262uqz6lts,ohdd2026j2mm4syb,hypodd,ohyp2026dfmtjfhn,2024-05-01T14:18:20.050000Z,13.870517,-89.720215,6.983,1.2062,MLc,0.245,163,8,0.0371,0.0307,
eslv2026antaw24h,ohdd20263lrikyvw,hypodd,ohyp2026ffosno2q,2024-05-01T14:25:54.609999Z,13.841869,-89.746631,5.358,0.4101,MLc,0.031,249,6,0.0402,0.0419,
eslv2026wysisu3x,ohdd2026g5awvo4l,hypodd,ohyp2026us3rl4pm,2024-05-01T15:45:07.830000Z,13.83314,-89.751115,4.982,0.7987,MLc,0.182,197,8,0.0325,0.0736,
eslv2026gnssazlq,ohdd2026zfqq5rbq,hypodd,ohyp2026rtafo5tj,2024-05-01T16:11:44.229999Z,13.850595,-89.742017,5.793,1.5756,MLc,0.14,188,11,0.0209,0.03,
eslv2026erthiiag,ohdd2026tkrrt4qa,hypodd,ohyp2026r7ugnq6m,2024-05-01T16:30:13.279999Z,13.828074,-89.745955,6.44,0.777,MLc,0.153,211,6,0.0301,0.0499,
eslv2026g2gtadx7,ohdd20267khcjg6q,hypodd,ohyp20265bnmbvxy,2024-05-01T16:35:41.009999Z,13.856861,-89.739665,7.149,,,0.158,179,12,0.0215,0.0368,
eslv2026u7yn6ukb,ohdd20263kjhhn5r,hypodd,ohyp2026swxbwubl,2024-05-01T16:35:46.159999Z,13.843176,-89.755827,6.085,1.4694,MLc,0.14,179,6,0.0255,0.0163,
eslv20265ztm6edv,ohdd2026oisbvppu,hypodd,ohyp2026bvzwsb5h,2024-05-01T16:52:15.949999Z,13.848849,-89.742155,4.718,1.2043,MLc,0.145,186,8,0.0258,0.0328,
eslv20265s45pn6x,ohdd2026v2d2uzx3,hypodd,ohyp2026zkl3qkfc,2024-05-01T16:56:14.810000Z,13.858218,-89.736247,5.567,0.3348,MLc,0.168,225,6,0.0319,0.0315,
eslv2026awevovsw,ohdd2026fhvtt7ae,hypodd,ohyp202677ssrqct,2024-05-01T16:59:45.740000Z,13.862567,-89.742065,5.549,1.2308,MLc,0.146,156,10,0.0271,0.041,
eslv2026yxvavkqd,ohdd20262dzzq767,hypodd,ohyp2026k3qkw5s6,2024-05-01T17:01:08.759999Z,13.838927,-89.745394,4.607,1.2419,MLc,0.202,187,8,0.0189,0.0309,
eslv20264ler7i6w,ohdd2026hvqnysam,hypodd,ohyp2026yx5oxawc,2024-05-01T17:24:28.399999Z,13.851453,-89.742773,6.322,1.6563,MLc,0.141,182,13,0.0209,0.0225,
eslv2026anzc3aa7,ohdd2026qlhvqghk,hypodd,ohyp202626dco23n,2024-05-01T17:38:55.079999Z,13.855444,-89.741545,6.511,0.9094,MLc,0.22,220,6,0.0286,0.0277,
eslv20267ploxrv3,ohdd2026p4fmobub,hypodd,ohyp2026bvfvbp36,2024-05-01T17:45:45.159999Z,13.880943,-89.740487,7.879,1.3088,MLc,0.313,185,7,0.0339,0.0251,
eslv2026lfbf5lsj,ohdd2026r4zrjkzv,hypodd,ohyp20267lqjvioz,2024-05-01T18:15:28.519999Z,13.873304,-89.785295,3.525,1.5865,MLc,0.071,307,9,0.0507,0.0562,
eslv2026wiz6n35q,ohdd2026gp7h3are,hypodd,ohyp2026bicxlukg,2024-05-01T21:18:49.439999Z,13.855711,-89.740552,6.862,1.6393,MLc,0.266,183,11,0.0239,0.0293,
eslv2026mswdhjrf,ohdd2026zo4x7xs3,hypodd,ohyp2026xzcetknl,2024-05-02T03:32:05.900000Z,13.836419,-89.757056,3.775,0.5252,MLc,0.225,204,8,0.0422,0.0412,
eslv2026e7nqmpma,ohdd2026ywplcho2,hypodd,ohyp2026wrxmkuri,2024-05-02T08:11:49.799999Z,13.89942,-89.726367,6.669,0.4088,MLc,0.132,179,7,0.0302,0.0241,
eslv2026sezfzvik,ohdd2026m4m7wjia,hypodd,ohyp20266shsxnau,2024-05-02T08:49:38.000000Z,13.89641,-89.730868,6.476,0.5289,MLc,0.146,188,6,0.0234,0.0231,
eslv2026wk5kvlqb,ohdd2026zjfgo76c,hypodd,ohyp2026dsu4yq4r,2024-05-02T08:54:45.719999Z,13.926103,-89.718001,6.759,0.158,MLc,0.168,182,6,0.0235,0.0198,
eslv2026frdqcj7e,ohdd2026h23hicxc,hypodd,ohyp2026wbs2c6xy,2024-05-02T09:00:51.670000Z,13.851753,-89.743595,6.642,1.179,MLc,0.18,180,10,0.0213,0.0235,
eslv2026fpmysavu,ohdd2026674gjhzp,hypodd,ohyp20265qdvq2xk,2024-05-02T09:43:46.689999Z,13.899262,-89.730509,7.417,0.3266,MLc,0.09,178,6,0.0236,0.0245,
eslv2026zfomfcss,ohdd2026duvam4v5,hypodd,ohyp2026edmhyxir,2024-05-02T09:54:02.240000Z,13.873946,-89.719149,6.839,1.3934,MLc,0.311,201,12,0.0339,0.0291,
eslv2026lsbalp7n,ohdd2026hidhmc3d,hypodd,ohyp2026664kx2ej,2024-05-02T09:54:55.090000Z,13.869917,-89.731177,7.393,2.9612,MLc,0.229,157,15,0.026,0.0253,
eslv2026qvgltr6k,ohdd2026le4iew5g,hypodd,ohyp2026garapnnv,2024-05-02T09:57:08.480000Z,13.90302,-89.716284,6.991,0.4284,MLc,0.165,227,6,0.0438,0.0428,
eslv2026uq4vgge2,ohdd2026c6u23f4b,hypodd,ohyp2026rfydjj7q,2024-05-02T15:30:56.240000Z,13.883977,-89.79506,4.645,1.8514,MLc,0.001,290,12,5.615,2.9573,
eslv2026f2vehpwj,ohdd2026e3pzm2pu,hypodd,ohyp2026gga373qh,2024-05-02T17:40:41.799999Z,13.852924,-89.741756,6.637,1.9144,MLc,0.145,179,13,0.0203,0.0269,
eslv2026d4kwokpx,ohdd2026gx4h7doz,hypodd,ohyp2026oxwfzx3t,2024-05-02T17:45:29.019999Z,13.854153,-89.741528,6.754,,,0.133,179,14,0.0237,0.0247,
eslv2026tz2baz3n,ohdd2026wtrffbih,hypodd,ohyp2026pzouust4,2024-05-02T18:44:13.199999Z,13.854723,-89.741642,6.986,1.8365,MLc,0.192,177,11,0.0209,0.0216,
eslv2026rglqe2oo,ohdd2026qdrqngg4,hypodd,ohyp2026wf6f3rc6,2024-05-02T18:57:24.219999Z,13.843836,-89.744279,4.79,0.9437,MLc,0.189,190,7,0.0217,0.035,
eslv20267wvjvlfc,ohdd2026vjaafzac,hypodd,ohyp2026ryrcg5ot,2024-05-02T18:57:53.439999Z,13.821917,-89.752441,1.518,0.8177,MLc,0.113,241,6,0.0211,0.0524,
eslv2026ld46d5zb,ohdd2026sa5oxxss,hypodd,ohyp20263tmsl5c7,2024-05-02T19:08:12.419999Z,13.854899,-89.74117,6.917,2.9417,MLc,0.154,182,16,0.0212,0.0264,
eslv2026mhxus3qm,ohdd2026znzfl2fz,hypodd,ohyp2026psowp43h,2024-05-02T20:14:59.179999Z,13.885756,-89.735677,8.573,0.6653,MLc,0.171,211,6,0.0166,0.0299,
eslv2026vbqicfce,ohdd20262a5oqw5g,hypodd,ohyp2026chadjfh5,2024-05-02T22:33:22.440000Z,13.849495,-89.742057,6.634,1.2195,MLc,0.159,212,6,0.0212,0.0246,
eslv2026c3btacg2,ohdd2026zpzpzvbi,hypodd,ohyp20262souwirr,2024-05-02T22:44:35.439999Z,13.903982,-89.74834,4.623,0.6779,MLc,0.095,185,6,0.0568,0.0429,
eslv2026ozd5nqkm,ohdd2026uj2x4is5,hypodd,ohyp20266qelrpjn,2024-05-03T02:02:57.460000Z,13.854305,-89.734172,7.126,1.4253,MLc,0.182,235,9,0.0317,0.0282,
eslv2026i2jd2nz4,ohdd20263kblinqx,hypodd,ohyp2026sshogbf2,2024-05-03T09:20:37.079999Z,13.887151,-89.722884,2.468,0.1523,MLc,0.055,252,6,0.0317,0.0382,
eslv2026dwy645gk,ohdd2026jdcf465c,hypodd,ohyp2026ziaxuui4,2024-05-03T11:00:57.350000Z,13.876421,-89.766488,7.836,0.5196,MLc,0.278,221,8,0.0785,0.0597,
eslv2026fh67p5oh,ohdd2026zkxb6m3m,hypodd,ohyp20266f4t7obz,2024-05-03T14:09:17.420000Z,14.024349,-89.864307,7.093,0.289,MLc,0.118,304,6,0.0633,0.0869,
eslv2026phdnl54n,ohdd2026ddhkqlce,hypodd,ohyp2026bvwvenge,2024-05-03T18:47:27.359999Z,13.863675,-89.69401,6.593,0.4784,MLc,0.194,247,6,0.039,0.0344,
eslv2026b5wov5y4,ohdd2026ghfhy7jm,hypodd,ohyp2026qk22amzb,2024-05-04T01:00:57.560000Z,13.858275,-89.665658,2.236,0.6675,MLc,0.324,160,6,0.5748,0.5655,
eslv2026pcyfm4co,ohdd2026s3dpbj5o,hypodd,ohyp2026hj7eq25e,2024-05-04T08:36:42.009999Z,13.869301,-89.731868,7.457,1.0873,MLc,0.215,150,12,0.0295,0.0245,
eslv2026dtq4diel,ohdd2026ab3r4pba,hypodd,ohyp2026jpyrdwi2,2024-05-04T11:04:33.689999Z,13.830043,-89.751628,2.855,0.6247,MLc,0.22,225,6,0.0261,0.0325,
eslv2026y3accywk,ohdd2026njh5pmek,hypodd,ohyp20266zkxxsq6,2024-05-05T02:25:40.240000Z,13.894109,-89.684831,4.514,0.3065,MLc,0.23,244,7,0.0194,0.0262,
eslv2026hstqawdq,ohdd202652mtoend,hypodd,ohyp2026ns3w6zqj,2024-05-05T15:10:03.919999Z,13.878398,-89.688867,6.413,1.2008,MLc,0.173,139,10,0.0173,0.0269,
eslv2026megg6doi,ohdd2026ahhzzjpx,hypodd,ohyp2026ol6vkdnq,2024-05-05T15:30:13.330000Z,13.810817,-89.672298,9.294,1.2009,MLc,0.107,125,6,0.6037,0.5067,
eslv2026cutdhyuz,ohdd2026rqpcozk2,hypodd,ohyp2026ua6bv25u,2024-05-05T23:01:41.780000Z,13.879963,-89.773551,5.301,1.8134,MLc,0.163,214,13,0.0345,0.0259,
eslv20266yvl5nug,ohdd2026pjqbhgsu,hypodd,ohyp2026f5obcsbx,2024-05-05T23:55:52.799999Z,13.87882,-89.771916,5.442,1.5316,MLc,0.183,191,10,0.0384,0.0243,
eslv2026yikga54y,ohdd2026ezm57tkp,hypodd,ohyp20265mijmqci,2024-05-05T23:58:02.480000Z,13.874815,-89.768009,6.405,1.5352,MLc,0.246,300,6,0.0443,0.0408,
eslv2026lryheu62,ohdd2026zti5lidi,hypodd,ohyp20266uxw45fp,2024-05-06T00:00:25.789999Z,13.893071,-89.757406,4.349,1.509,MLc,0.177,170,8,0.0489,0.0381,
eslv20265dooxcqu,ohdd2026ryxtsgj2,hypodd,ohyp2026qplixduy,2024-05-06T00:01:20.870000Z,13.879524,-89.768245,4.818,1.4301,MLc,0.163,189,8,0.0389,0.0257,
eslv2026fitxycne,ohdd2026hqestqbi,hypodd,ohyp2026zbyq4r25,2024-05-06T00:02:25.679999Z,13.879749,-89.772835,5.266,1.693,MLc,0.199,220,11,0.0362,0.0289,
eslv2026nigdgx7a,ohdd2026trlh7ent,hypodd,ohyp2026tffdhgif,2024-05-06T00:34:55.490000Z,13.87958,-89.772152,5.153,1.6417,MLc,0.19,211,12,0.0353,0.0281,
eslv2026kge2ak3k,ohdd2026so5qqetz,hypodd,ohyp2026vh37a72p,2024-05-06T06:24:36.530000Z,13.899606,-89.727246,6.647,0.4021,MLc,0.353,205,6,0.0197,0.0291,
eslv20262s4uqkct,ohdd2026b3fffapa,hypodd,ohyp2026ek7ccjjb,2024-05-06T09:39:23.250000Z,13.92311,-89.771224,3.538,1.0215,MLc,0.382,269,6,0.0095,0.0154,
eslv2026slhmm5v3,ohdd2026k5xfgbek,hypodd,ohyp20267lm5e3vt,2024-05-06T09:41:19.539999Z,13.886943,-89.788029,5.725,0.9107,MLc,0.236,247,7,0.0545,0.0327,
eslv2026wq6lznsi,ohdd2026qjm5k2gt,hypodd,ohyp2026mhvzjaiv,2024-05-06T10:39:14.179999Z,13.985219,-89.767708,4.646,1.2013,MLc,0.349,271,8,0.0246,0.0399,
eslv2026wflpzdnt,ohdd2026lofqopnl,hypodd,ohyp2026piwg7mpm,2024-05-07T15:05:30.359999Z,13.984682,-89.759562,7.937,1.7891,MLc,0.211,256,8,0.0163,0.0243,
eslv20266zs56wxt,ohdd2026grhz46yg,hypodd,ohyp202674amxd5e,2024-05-08T08:58:14.910000Z,13.87287,-89.764518,3.898,1.2748,MLc,0.224,224,11,0.039,0.0291,
eslv2026wqj3kmnt,ohdd20264jetauoq,hypodd,ohyp20264epvgqq2,2024-05-09T00:26:13.939999Z,13.952392,-89.657072,0.562,0.9265,MLc,0.042,175,6,2.2761,1.4707,
eslv2026ebx46hlk,ohdd2026qhd7gn2j,hypodd,ohyp2026opa722d4,2024-05-09T08:26:34.899999Z,13.869283,-89.731234,7.316,1.3328,MLc,0.191,150,12,0.0304,0.0252,
eslv2026khmfo36y,ohdd2026ra6jfdwz,hypodd,ohyp20267onemdfa,2024-05-09T18:54:52.219999Z,13.869221,-89.731071,7.326,2.2392,MLc,0.229,151,14,0.0319,0.03,
eslv202654f7qblt,ohdd2026pmudjjvv,hypodd,ohyp2026mmn42gyx,2024-05-10T02:04:33.359999Z,13.879513,-89.690479,5.782,1.6719,MLc,0.297,121,13,0.018,0.0349,
eslv2026pfdmlq3y,ohdd20264g22rf4x,hypodd,ohyp2026iatkd3ax,2024-05-10T07:01:45.320000Z,13.92608,-89.737435,4.396,0.6999,MLc,0.22,165,7,0.0395,0.0311,
eslv2026tp37stfr,ohdd2026tyrg5erj,hypodd,ohyp2026hczux7w3,2024-05-10T10:16:13.539999Z,13.843372,-89.731388,6.151,0.6659,MLc,0.196,224,6,0.0398,0.0379,
eslv2026c4atsmkw,ohdd20267yhbfe4v,hypodd,ohyp2026apqyjguv,2024-05-11T11:02:37.570000Z,13.944908,-89.731429,2.601,0.4212,MLc,0.157,269,6,0.0304,0.0267,
eslv2026ruav7t4w,ohdd2026v2oplm6n,hypodd,ohyp20263hrmrlwm,2024-05-11T16:49:13.789999Z,13.878073,-89.882625,0.482,0.5235,MLc,0.223,305,7,1.1708,1.6062,
eslv2026ahnyvght,ohdd20265sltkvrk,hypodd,ohyp2026fwt2pzmi,2024-05-12T03:10:30.899999Z,13.803256,-89.760579,4.011,0.2606,MLc,0.141,205,6,0.0223,0.0292,
eslv2026ga5alp37,ohdd20262oow4i42,hypodd,ohyp2026uwfxn5hp,2024-05-12T11:47:01.389999Z,13.89127,-89.735775,5.476,0.9897,MLc,0.196,150,8,0.0143,0.0315,
eslv2026lhxfttvd,ohdd2026dxwxxh45,hypodd,ohyp20267bitxtgr,2024-05-13T16:26:12.410000Z,13.848224,-89.696216,11.073,2.5575,MLc,0.162,134,16,0.0095,0.0038,
eslv2026xe5ip4u7,ohdd202673iijqze,hypodd,ohyp2026f6zbcjqc,2024-05-13T21:54:47.299999Z,13.822046,-89.741227,4.337,1.2568,MLc,0.376,233,9,0.009,0.0161,
eslv2026gfdyu2n4,ohdd2026grt2lr2a,hypodd,ohyp2026dcr363cl,2024-05-14T13:05:36.820000Z,13.893248,-89.784367,3.56,1.7705,MLc,0.257,300,8,0.0529,0.029,
eslv2026kcdmnsqi,ohdd2026bgdidms6,hypodd,ohyp2026okwa67cm,2024-05-15T01:46:02.040000Z,13.869385,-89.75686,4.329,0.8736,MLc,0.215,178,6,0.0262,0.0232,
eslv2026w2aj2iwg,ohdd2026zsdi7y44,hypodd,ohyp2026djerqxoe,2024-05-15T01:47:58.280000Z,13.885454,-89.750692,6.237,1.5387,MLc,0.17,160,12,0.022,0.0274,
eslv20266iakpkoo,ohdd2026c2mkrnbr,hypodd,ohyp2026i2utwhyf,2024-05-15T01:50:27.519999Z,13.886185,-89.749455,6.216,1.761,MLc,0.163,164,14,0.0219,0.0219,
eslv2026g4yzvk2y,ohdd2026d75pa56h,hypodd,ohyp2026vnf3uwu6,2024-05-15T08:14:04.099999Z,13.86386,-89.77981,5.364,1.1911,MLc,0.234,276,6,0.0367,0.0326,
eslv2026z6jrtoya,ohdd2026xdrx5oq2,hypodd,ohyp2026ojqte4zc,2024-05-15T08:16:28.309999Z,13.879781,-89.772982,5.41,1.2774,MLc,0.247,235,10,0.0372,0.0306,
eslv2026tqtpvnil,ohdd2026cvzarico,hypodd,ohyp20262tybvtou,2024-05-15T08:17:08.869999Z,13.879718,-89.773185,5.616,1.3653,MLc,0.197,229,12,0.0362,0.0314,
eslv2026bk67ccub,ohdd2026vpkz7jjg,hypodd,ohyp2026euyvbh64,2024-05-15T08:17:21.809999Z,13.880793,-89.770898,5.607,1.3658,MLc,0.192,222,9,0.0349,0.0251,
eslv20265f2rec47,ohdd2026h2uoad72,hypodd,ohyp2026ghxqs53t,2024-05-15T08:19:21.649999Z,13.88004,-89.777214,5.897,0.7047,MLc,0.186,241,7,0.0357,0.0284,
eslv2026bvbxj3c6,ohdd2026nwzu4rwl,hypodd,ohyp2026qrjj2v2l,2024-05-15T08:19:44.670000Z,13.872227,-89.768213,6.989,1.0202,MLc,0.34,269,7,0.0692,0.0908,
eslv2026g6uyeqno,ohdd2026ghdi3t7y,hypodd,ohyp2026wlzbz3sg,2024-05-15T08:24:21.120000Z,13.879734,-89.771769,5.39,1.3507,MLc,0.182,243,11,0.0353,0.0252,
eslv2026rwxo4vam,ohdd2026tcwkamwt,hypodd,ohyp2026pvisuptn,2024-05-15T08:32:47.789999Z,13.841796,-89.773161,5.911,1.0594,MLc,0.407,272,6,0.0494,0.0343,
eslv2026opc5zuek,ohdd202642mlqpho,hypodd,ohyp20267jhjtu73,2024-05-15T09:41:38.880000Z,13.91822,-89.796061,2.572,2.3203,MLc,0.242,280,16,0.0203,0.0241,
eslv2026m3kkeyc3,ohdd2026ehe5p7mw,hypodd,ohyp2026eazc3gxn,2024-05-15T09:43:07.669999Z,13.909591,-89.814355,4.233,1.4766,MLc,0.282,287,8,0.0383,0.0417,
eslv2026q5dhe7ka,ohdd2026xnw6s4ev,hypodd,ohyp20265n7zg5pq,2024-05-15T09:44:24.739999Z,13.918232,-89.801237,2.459,1.7908,MLc,0.246,277,14,0.0206,0.0276,
eslv2026fmkl5qij,ohdd2026ubxeaauk,hypodd,ohyp2026mizzxwwm,2024-05-15T10:50:39.140000Z,13.876915,-89.6986,3.337,1.769,MLc,0.245,121,15,0.0241,0.0189,
eslv2026cf3xtw3u,ohdd2026kt2lgdjb,hypodd,ohyp2026qhfha4mx,2024-05-15T11:43:26.579999Z,13.871729,-89.711597,7.277,1.6934,MLc,0.244,127,14,0.0336,0.0314,
eslv2026dfzuxu2b,ohdd2026eo3qkkn7,hypodd,ohyp2026b3l4a53z,2024-05-15T11:53:37.570000Z,13.863672,-89.763802,4.17,1.7684,MLc,0.301,192,9,0.0239,0.0353,
eslv2026p6rslkfd,ohdd2026dk6gxhkn,hypodd,ohyp20266iobzurx,2024-05-15T11:54:40.079999Z,13.876262,-89.699772,3.312,1.2412,MLc,0.263,122,13,0.0256,0.0214,
eslv2026k3dmtj2z,ohdd2026zelydnxh,hypodd,ohyp20264sr7ubxm,2024-05-15T12:06:59.350000Z,13.880207,-89.774154,5.421,1.5132,MLc,0.201,235,10,0.0355,0.0259,
eslv2026etus6vul,ohdd2026rb5ng3w7,hypodd,ohyp2026iapmfpds,2024-05-15T12:09:02.740000Z,13.880284,-89.773161,5.397,1.4221,MLc,0.196,232,11,0.0362,0.0244,
eslv2026w4m5ikk6,ohdd2026uhqut6c6,hypodd,ohyp2026ck275hvl,2024-05-15T12:13:27.320000Z,13.879338,-89.771566,5.737,2.2558,MLc,0.194,240,12,0.0362,0.0292,
eslv2026hn7lxj7t,ohdd2026nsylqgkc,hypodd,ohyp2026jnnoam37,2024-05-15T12:16:07.519999Z,13.879613,-89.772355,5.431,2.2149,MLc,0.19,242,15,0.0353,0.0268,
eslv2026gy4pznpg,ohdd2026ljnvtn7i,hypodd,ohyp2026evcaccib,2024-05-15T12:22:12.460000Z,13.879759,-89.773853,5.369,1.6595,MLc,0.209,238,10,0.0346,0.027,
eslv2026fjoewn3h,ohdd2026h74vxdk5,hypodd,ohyp2026h3ewd6dz,2024-05-15T13:00:34.590000Z,13.874844,-89.708976,3.265,1.1731,MLc,0.191,125,9,0.0257,0.0274,
eslv2026kuwiamyo,ohdd2026tka4qegm,hypodd,ohyp2026f5j5v33r,2024-05-15T18:31:18.120000Z,13.873748,-89.709977,3.258,1.2585,MLc,0.254,124,10,0.024,0.0245,
eslv2026fsvqsrdj,ohdd2026bz5dfs6y,hypodd,ohyp20266mu5ngar,2024-05-18T05:29:06.870000Z,13.884173,-89.735994,6.605,1.2436,MLc,0.1,142,11,0.0184,0.0245,
eslv2026mfb3k5zd,ohdd2026a2b2w6rj,hypodd,ohyp2026pfyfbm33,2024-05-18T05:29:21.410000Z,13.882411,-89.737451,7.185,1.8062,MLc,0.111,150,11,0.0201,0.0258,
eslv2026fg3qz37e,ohdd2026qnaf5cx2,hypodd,ohyp2026emsbhtpe,2024-05-18T05:30:01.159999Z,13.938369,-89.712972,0.393,0.3999,MLc,0.2,266,6,0.0098,0.0255,
eslv2026tn22ozav,ohdd2026dcko2beg,hypodd,ohyp2026vyxrqjz5,2024-05-18T05:30:15.330000Z,13.883559,-89.73527,6.451,1.4756,MLc,0.102,144,13,0.0175,0.0226,
eslv20267wfm4y3z,ohdd20265zhgvcne,hypodd,ohyp2026zsuyv4ah,2024-05-18T05:31:26.339999Z,13.883398,-89.735872,6.675,1.2413,MLc,0.1,144,12,0.018,0.0224,
eslv20266qlts446,ohdd20263lvuyebk,hypodd,ohyp2026pwp2llso,2024-05-18T05:32:02.740000Z,13.883649,-89.736304,6.603,0.9984,MLc,0.098,144,11,0.023,0.0233,
eslv2026t4wtjmfa,ohdd20265e7c4ce5,hypodd,ohyp2026suk6bfw3,2024-05-18T05:37:10.880000Z,13.930553,-89.713005,2.659,0.6368,MLc,0.197,141,8,0.0181,0.0311,
eslv2026n5k7ng4l,ohdd2026a4ubsv6t,hypodd,ohyp2026aas3cm7g,2024-05-18T08:38:22.410000Z,13.860442,-89.662402,6.629,1.1338,MLc,0.212,95,14,0.0108,0.0141,
eslv20265h43u5k3,ohdd2026dk445pkc,hypodd,ohyp20262zrnjqw3,2024-05-18T12:26:06.610000Z,13.868084,-89.72985,7.448,2.0616,MLc,0.207,151,13,0.0306,0.0282,
eslv2026xahuv46m,ohdd2026pr6utj67,hypodd,ohyp2026hnmcwqhn,2024-05-18T15:47:03.359999Z,13.906608,-89.385799,6.396,1.6536,MLc,0.39,276,6,0.6852,1.1277,
eslv20262cp6g6qb,ohdd202653kdadla,hypodd,ohyp2026umobarbp,2024-05-19T05:22:28.160000Z,13.887025,-89.749674,6.425,1.6316,MLc,0.134,158,12,0.0222,0.021,
eslv2026xlxwlo76,ohdd2026daqtwexh,hypodd,ohyp20267dlo3gmb,2024-05-20T02:33:09.220000Z,14.03232,-89.795467,16.668,1.7428,MLc,0.215,289,12,0.0396,0.0291,
eslv2026pqmws3fe,ohdd20264gjqgj5t,hypodd,ohyp2026jo4fggq2,2024-05-20T10:22:42.710000Z,13.87766,-89.80013,4.371,1.2257,MLc,0.246,303,9,0.0439,0.0713,
eslv2026mpz2ox3e,ohdd2026jiy7pt4u,hypodd,ohyp2026qt3dhpiv,2024-05-21T03:12:31.879999Z,13.892587,-89.767594,1.247,1.3725,MLc,0.033,273,6,0.0271,0.0312,
eslv2026wk7khcji,ohdd2026mvnc532n,hypodd,ohyp2026wjdjylsv,2024-05-25T05:11:05.620000Z,13.848442,-89.811336,4.244,1.2413,MLc,0.043,315,10,0.0522,0.051,
eslv2026pckfvhqs,ohdd2026ly23qh7x,hypodd,ohyp2026vcdh6s3o,2024-05-26T07:34:33.450000Z,13.869197,-89.730802,7.136,1.2139,MLc,0.18,152,13,0.0306,0.0311,
eslv2026niipayne,ohdd20267xpsoyts,hypodd,ohyp20267sxllhvi,2024-05-28T13:21:02.069999Z,13.77117,-89.435286,14.596,0.8859,MLc,0.134,221,6,0.5879,0.4296,
eslv2026sgxxvlzb,ohdd2026ff5n2btm,hypodd,ohyp20266c4w222u,2024-05-28T14:46:03.000000Z,13.886907,-89.737492,7.056,1.7482,MLc,0.118,161,12,0.0207,0.0279,
eslv202626s2wp2j,ohdd2026u6yzms2i,hypodd,ohyp2026gp33obkq,2024-05-29T05:02:35.899999Z,13.912202,-89.749129,1.139,0.3968,MLc,0.138,234,8,0.0194,0.0151,
eslv2026dwzjevql,ohdd2026zp3bpyve,hypodd,ohyp2026iztjpvk4,2024-05-30T06:00:20.809999Z,13.888684,-89.754777,6.881,1.3397,MLc,0.32,151,7,0.0384,0.0346,
eslv2026xajlawsd,ohdd2026hshqjsoa,hypodd,ohyp2026nwdtwthu,2024-05-30T06:01:46.119999Z,13.889113,-89.75293,6.403,0.9281,MLc,0.23,148,8,0.0422,0.0381,
eslv20265hqtv27h,ohdd2026y5hausza,hypodd,ohyp2026laiwod3h,2024-06-02T08:01:46.600000Z,13.873049,-89.756413,4.414,0.9916,MLc,0.215,232,9,0.0256,0.0207,
eslv2026tyxchwhb,ohdd2026vq452lwg,hypodd,ohyp2026vmc5snb2,2024-06-02T08:08:24.960000Z,13.872991,-89.756722,4.383,1.4158,MLc,0.222,228,10,0.0261,0.022,
eslv20263qdomc4x,ohdd2026e4ejl74t,hypodd,ohyp2026mf4suq2f,2024-06-02T10:59:20.989999Z,13.884025,-89.755965,6.124,0.6418,MLc,0.197,225,6,0.0269,0.0232,
eslv2026zbtlnyqd,ohdd2026edvgdfvp,hypodd,ohyp2026uxhtjtxq,2024-06-02T16:44:18.210000Z,13.848033,-89.75957,7.964,2.2805,MLc,0.32,219,14,0.0433,0.05,
eslv2026jncj3oaq,ohdd2026jstk7fpy,hypodd,ohyp2026vwqu6aqk,2024-06-02T17:08:37.960000Z,13.847579,-89.760758,8.009,1.996,MLc,0.294,221,13,0.042,0.0414,
eslv2026nqw6dztc,ohdd2026glzv32jl,hypodd,ohyp20267xxuvryv,2024-06-02T18:47:33.240000Z,13.870923,-89.757552,4.388,2.1612,MLc,0.222,226,12,0.0257,0.0209,
eslv2026gyymni34,ohdd2026icgrwpco,hypodd,ohyp20262p3cqc45,2024-06-02T20:47:28.440000Z,13.845311,-89.767578,3.347,1.3714,MLc,0.195,208,7,0.0266,0.0356,
eslv2026zikls5xj,ohdd20266nsfwp5y,hypodd,ohyp2026z3uh7n5a,2024-06-03T05:08:36.789999Z,13.888298,-89.75988,6.168,1.0681,MLc,0.248,214,9,0.0271,0.0196,
eslv2026hs7mvyss,ohdd2026y2hkasoy,hypodd,ohyp20262bqjbfmo,2024-06-03T07:08:47.679999Z,13.887635,-89.754256,6.145,0.734,MLc,0.159,179,10,0.0242,0.0267,
eslv2026422xhst2,ohdd2026xkeqgeoa,hypodd,ohyp20267sctd4cp,2024-06-03T07:24:13.189999Z,13.916247,-89.723918,4.662,0.4984,MLc,0.199,178,6,0.0265,0.026,
eslv2026ivkcwpbc,ohdd2026vo5yc4ir,hypodd,ohyp2026krw2iroj,2024-06-03T08:42:01.790000Z,13.864244,-89.760531,4.26,0.8545,MLc,0.22,236,9,0.031,0.0255,
eslv2026upek7zj6,ohdd2026hk5ejk6m,hypodd,ohyp2026fki4c6hs,2024-06-03T10:05:49.009999Z,13.870684,-89.758236,4.48,1.5952,MLc,0.202,220,13,0.0248,0.0246,
eslv2026ksfwqd2p,ohdd2026oobigedd,hypodd,ohyp2026ssn7inec,2024-06-04T08:57:48.600000Z,13.878116,-89.75682,9.294,1.8922,MLc,0.268,276,10,0.0349,0.0564,
eslv20262febafwu,ohdd2026igztxv3l,hypodd,ohyp2026fpftjnvq,2024-06-05T20:03:52.500000Z,13.89485,-89.750944,2.797,1.6021,MLc,0.027,308,8,0.0639,0.0968,
eslv2026i5jjqe6r,ohdd2026qnzcnpis,hypodd,ohyp2026dtwauqnv,2024-06-06T05:00:58.299999Z,13.873418,-89.752653,4.015,0.4622,MLc,0.084,242,6,0.0354,0.0272,
eslv2026nullx3ti,ohdd2026ncyeficc,hypodd,ohyp2026avs6oq6m,2024-06-06T05:42:33.810000Z,13.829841,-89.766333,4.695,0.319,MLc,0.372,269,6,0.022,0.0227,
eslv2026lfeh2m4z,ohdd2026zobifdsn,hypodd,ohyp2026vitwine5,2024-06-07T03:02:12.470000Z,13.872549,-89.756323,4.597,1.0971,MLc,0.206,228,7,0.0255,0.0282,
eslv2026pktnyze7,ohdd20264i7kypdj,hypodd,ohyp20264yp4f45v,2024-06-07T20:08:17.920000Z,13.860886,-89.764038,3.932,1.7371,MLc,0.142,203,7,0.0323,0.0317,
eslv2026hcpogwaj,ohdd202676zbza7n,hypodd,ohyp2026hbldv2ut,2024-06-08T02:46:23.629999Z,13.947036,-89.834253,3.414,0.8392,MLc,0.297,350,6,0.1045,0.0827,
eslv2026eaumhmw3,ohdd2026xgjy6owm,hypodd,ohyp2026qzi6r642,2024-06-09T01:09:29.390000Z,14.008497,-89.788582,8.346,2.0815,MLc,0.279,284,15,0.0344,0.0427,
eslv2026icekckiq,ohdd2026dga3x3hh,hypodd,ohyp2026iklm53dn,2024-06-09T04:41:02.790000Z,13.875129,-89.758496,5.071,1.0389,MLc,0.222,216,11,0.0262,0.0234,
eslv2026ckqq37kw,ohdd2026ezps5bbz,hypodd,ohyp2026egazfobg,2024-06-09T05:30:06.889999Z,13.867504,-89.760278,4.841,0.406,MLc,0.205,232,7,0.035,0.0422,
eslv2026oxtjeu64,ohdd2026ext75vd4,hypodd,ohyp20262vwle3j7,2024-06-09T05:31:21.140000Z,13.886338,-89.752205,6.59,1.8216,MLc,0.188,176,14,0.022,0.0235,
eslv2026fsf4slhc,ohdd20262ncfiapx,hypodd,ohyp2026aytjflke,2024-06-09T05:36:12.080000Z,13.873082,-89.764445,5.749,0.6163,MLc,0.245,221,7,0.0329,0.0336,
eslv20262zrla7sk,ohdd20263cwt3alg,hypodd,ohyp2026nmjwufrr,2024-06-09T05:41:17.850000Z,13.847205,-89.789315,4.999,0.3658,MLc,0.268,247,6,0.0225,0.0416,
eslv2026mowurxx4,ohdd2026c7fplojj,hypodd,ohyp2026oqyt4ngk,2024-06-09T05:44:28.460000Z,13.884678,-89.743229,9.151,1.5723,MLc,0.231,170,13,0.0316,0.0305,
eslv2026mibpnbqe,ohdd2026o47leijo,hypodd,ohyp2026wu6dyhlz,2024-06-09T05:45:35.469999Z,13.885507,-89.752612,6.527,1.2086,MLc,0.201,175,10,0.023,0.0302,
eslv2026imzpruij,ohdd2026bmpihwz6,hypodd,ohyp2026tfpxzu3v,2024-06-09T05:51:18.410000Z,13.878338,-89.757235,5.473,1.1363,MLc,0.161,192,11,0.0263,0.0217,
eslv2026lhngqbgv,ohdd2026gbrjknjy,hypodd,ohyp2026lyj5drss,2024-06-09T05:54:53.270000Z,13.879349,-89.755632,5.422,0.8764,MLc,0.148,190,9,0.0264,0.0206,
eslv2026nyccjj6m,ohdd2026fzfotlep,hypodd,ohyp2026o2isk3k3,2024-06-09T05:57:56.490000Z,13.885881,-89.753955,6.606,1.4642,MLc,0.187,167,12,0.0197,0.0227,
eslv2026l6lavsdc,ohdd202657u6vwph,hypodd,ohyp2026pyhgwc2o,2024-06-09T06:03:10.470000Z,13.885233,-89.753695,6.622,1.3316,MLc,0.161,165,13,0.0203,0.0219,
eslv2026olbpbd3y,ohdd2026pmcw4ggi,hypodd,ohyp202622gohzia,2024-06-09T06:05:15.789999Z,13.872901,-89.757495,4.8,0.8895,MLc,0.161,201,10,0.0268,0.0178,
eslv2026nhzrev4t,ohdd2026fla4d42d,hypodd,ohyp20265jln4vo5,2024-06-09T06:15:17.129999Z,13.885272,-89.753239,6.569,1.6193,MLc,0.163,170,14,0.0211,0.0283,
eslv2026fkmnfm4p,ohdd2026brqm6d2u,hypodd,ohyp2026c7vaqbv3,2024-06-09T07:25:11.140000Z,13.866354,-89.760099,4.441,0.7433,MLc,0.237,224,10,0.0307,0.0228,
eslv2026zg2eoxqx,ohdd2026izzx5jen,hypodd,ohyp2026f2vmvr6z,2024-06-09T10:42:26.910000Z,13.871579,-89.804622,3.746,1.2582,MLc,0.313,303,10,0.04,0.0536,
eslv2026hyq6zwlt,ohdd2026lox2zhe6,hypodd,ohyp2026yi2zy363,2024-06-09T11:50:10.869999Z,13.871287,-89.752596,7.455,0.9199,MLc,0.186,143,9,0.042,0.0408,
eslv2026tf2u5tez,ohdd2026m7culoor,hypodd,ohyp2026ql4y4hyg,2024-06-10T22:43:10.240000Z,13.755451,-89.462524,13.914,1.1777,MLc,0.204,122,6,0.4018,0.4158,
eslv20262akzfpyt,ohdd2026zkdn2g5q,hypodd,ohyp2026bx5o7bdz,2024-06-14T01:40:12.460000Z,13.888587,-89.750285,6.046,2.2029,MLc,0.153,157,12,0.0381,0.0451,
eslv2026tfybf3ao,ohdd2026tpb52sgd,hypodd,ohyp2026afj6pits,2024-06-14T01:40:53.479999Z,13.887545,-89.750968,5.821,1.8229,MLc,0.164,156,10,0.0321,0.0287,
eslv2026ndngiyyc,ohdd2026lrzy6jah,hypodd,ohyp2026kf63l5o4,2024-06-14T01:43:10.609999Z,13.889112,-89.742041,4.823,1.3055,MLc,0.152,162,7,0.0376,0.0297,
eslv2026y6x6tmin,ohdd2026gyzygyi3,hypodd,ohyp2026ktltzliy,2024-06-14T01:46:39.090000Z,13.898232,-89.733724,5.587,1.3606,MLc,0.142,195,7,0.0352,0.0309,
eslv20262h4fnrhs,ohdd2026j4lyuqtf,hypodd,ohyp2026eezhfko7,2024-06-14T01:51:25.210000Z,13.88858,-89.751025,6.32,1.9763,MLc,0.142,156,10,0.0333,0.035,
eslv202643u3lu6c,ohdd20265wofddm7,hypodd,ohyp2026eaw32wlf,2024-06-14T02:00:28.780000Z,13.88737,-89.750391,5.72,1.6804,MLc,0.131,159,10,0.0286,0.0253,
eslv2026kz6m4xov,ohdd20262w2xddn5,hypodd,ohyp2026giqhto52,2024-06-17T01:07:53.140000Z,13.822758,-89.715015,5.663,1.8893,MLc,0.123,244,9,0.0181,0.0205,
eslv2026bjdxwbyo,ohdd2026vweemhct,hypodd,ohyp2026gsppjpgo,2024-06-17T01:15:34.840000Z,13.823578,-89.718262,5.675,2.9843,MLc,0.258,237,12,0.0175,0.0209,
eslv2026ij7rmdye,ohdd2026xt5qukxq,hypodd,ohyp2026iwhlygl3,2024-06-17T02:20:23.129999Z,13.823158,-89.718587,5.455,3.0715,MLc,0.177,239,12,0.016,0.0197,
eslv20262sppzpsl,ohdd2026ncktfjuz,hypodd,ohyp2026pcu24v47,2024-06-17T05:22:04.580000Z,13.826957,-89.711141,5.488,1.2543,MLc,0.133,267,6,0.0363,0.0247,
eslv20262u7pccuj,ohdd2026x5ute4gc,hypodd,ohyp2026u6e7fiji,2024-06-17T06:39:49.259999Z,13.797487,-89.534204,10.538,1.1965,MLc,0.032,151,7,0.2064,0.1416,
eslv20262yzevftx,ohdd20266kusky2y,hypodd,ohyp2026twkl55zx,2024-06-17T06:40:27.969999Z,13.79251,-89.536597,10.332,1.1184,MLc,0.032,146,7,0.2064,0.1433,
eslv20263k2qlv5t,ohdd2026ee4i7mk3,hypodd,ohyp2026donpgu5a,2024-06-23T09:09:07.969999Z,13.891743,-89.738615,9.395,1.1341,MLc,0.294,275,6,0.0414,0.0386,
eslv2026wmjseevl,ohdd2026uw2lucvc,hypodd,ohyp2026gmdd4myy,2024-06-23T09:14:56.670000Z,13.882439,-89.758236,8.63,1.2085,MLc,0.165,272,7,0.0497,0.037,
eslv2026v3uh42ry,ohdd2026u7abdlo2,hypodd,ohyp2026wijgksw5,2024-06-25T04:03:40.450000Z,13.88958,-89.748104,6.73,1.6513,MLc,0.189,245,12,0.0238,0.0259,
eslv2026gdpmwejo,ohdd2026iko7wcpw,hypodd,ohyp2026sptelou2,2024-06-25T04:15:57.030000Z,13.889428,-89.747135,7.128,1.7129,MLc,0.158,245,12,0.0232,0.0262,
eslv2026qsfqfokc,ohdd20265erdpqwm,hypodd,ohyp2026ckijcry2,2024-06-25T04:22:05.000000Z,13.889148,-89.748381,7.041,1.6866,MLc,0.21,231,12,0.0286,0.0264,
eslv2026iytnlnlq,ohdd2026wpwj5k77,hypodd,ohyp2026fswo5bti,2024-06-25T04:27:50.899999Z,13.884518,-89.747656,4.965,1.5563,MLc,0.23,274,10,0.0285,0.0306,
eslv2026fmh5ijtk,ohdd2026og6uii23,hypodd,ohyp2026x5itjgi4,2024-06-25T04:28:23.879999Z,13.88987,-89.746525,7.153,1.5582,MLc,0.175,253,12,0.0226,0.0284,
eslv2026wpc5tj7x,ohdd2026rj7qy2b3,hypodd,ohyp2026woalogtn,2024-06-25T04:37:14.960000Z,13.847642,-89.793848,1.255,1.1762,MLc,0.197,238,11,0.0901,0.1233,
eslv2026ghs3cfx6,ohdd20266plk3bdt,hypodd,ohyp2026ts3hul6e,2024-06-25T05:01:33.159999Z,13.88799,-89.747819,5.696,1.3291,MLc,0.185,249,12,0.0174,0.029,
eslv20263nzbjqfr,ohdd20265uflsxs2,hypodd,ohyp2026s3q3upk4,2024-06-25T05:17:58.210000Z,13.88875,-89.711654,7.688,1.0574,MLc,0.236,189,9,0.0339,0.0354,
eslv2026cfapquer,ohdd2026mrqizfp3,hypodd,ohyp2026spoimmdl,2024-06-25T05:38:40.429999Z,13.889603,-89.755168,7.296,1.441,MLc,0.44,279,7,0.025,0.0344,
eslv20264wz7xo23,ohdd2026lxgjq4ms,hypodd,ohyp2026jtvhybe6,2024-06-25T05:41:28.510000Z,13.890238,-89.747974,7.159,1.4157,MLc,0.168,237,12,0.0232,0.0276,
eslv20267w4ljr2j,ohdd2026wdnt4zaw,hypodd,ohyp20267rrlsbll,2024-06-25T05:42:10.199999Z,13.88872,-89.748787,7.023,1.2865,MLc,0.14,263,10,0.0301,0.0374,
eslv20266gpyzilr,ohdd2026pwn2a5c2,hypodd,ohyp2026gfohkv3z,2024-06-25T05:45:34.000000Z,13.8979,-89.764421,3.808,1.4685,MLc,0.151,240,9,0.0299,0.0385,
eslv2026cchx3yap,ohdd2026dh4cthdj,hypodd,ohyp2026skwtxcgn,2024-06-25T05:45:53.219999Z,13.889376,-89.75,6.824,1.4688,MLc,0.137,242,13,0.0228,0.0283,
eslv20264gwglzf7,ohdd20265e2lzrip,hypodd,ohyp2026ez7jj6hb,2024-06-25T05:50:30.170000Z,13.889767,-89.749837,7.2,0.9698,MLc,0.376,273,9,0.0277,0.0367,
eslv2026cdaxqef3,ohdd2026mx2nclr4,hypodd,ohyp2026zkutjb3s,2024-06-25T05:53:00.470000Z,13.889316,-89.747363,6.56,2.2038,MLc,0.176,246,13,0.0249,0.0245,
eslv2026dl3oyq3s,ohdd2026boym7vvv,hypodd,ohyp2026aklfrrbj,2024-06-25T06:06:08.099999Z,13.890335,-89.744067,7.472,0.9915,MLc,0.201,247,9,0.0308,0.0302,
eslv2026u7dhj4su,ohdd2026ikjueesj,hypodd,ohyp2026rweu7vkb,2024-06-25T06:20:09.710000Z,13.889688,-89.77404,3.261,1.3156,MLc,0.203,296,7,0.0481,0.0749,
eslv2026mlbsiqfe,ohdd2026nckg6wai,hypodd,ohyp20265atf5ssw,2024-06-25T06:20:31.609999Z,13.888721,-89.74991,6.743,2.2193,MLc,0.134,244,12,0.0227,0.0302,
eslv2026yyteukda,ohdd2026e2vq5d4i,hypodd,ohyp2026poshkpis,2024-06-25T06:22:12.300000Z,13.902745,-89.740413,10.286,1.5854,MLc,0.149,257,9,0.0553,0.0452,
eslv2026tgmmrxqr,ohdd2026wavyog4p,hypodd,ohyp2026syx27vg2,2024-06-25T06:22:50.200000Z,13.889737,-89.748934,6.805,1.954,MLc,0.178,243,12,0.0229,0.0254,
eslv2026lq243ovu,ohdd2026oetef7s6,hypodd,ohyp20266hulfw4o,2024-06-25T06:29:29.309999Z,13.894292,-89.748885,7.412,1.2212,MLc,0.287,245,12,0.0287,0.056,
eslv20263qumnej3,ohdd2026txgvx53o,hypodd,ohyp2026775a5mzm,2024-06-25T06:31:36.679999Z,13.886107,-89.773031,4.465,1.2257,MLc,0.204,284,9,0.0414,0.0483,
eslv2026e3xlp6gj,ohdd2026urkrssik,hypodd,ohyp2026fmt2y2pc,2024-06-25T06:38:02.970000Z,13.887378,-89.754281,6.306,1.0297,MLc,0.429,273,9,0.0321,0.039,
eslv2026iixdjr6g,ohdd2026alzivje6,hypodd,ohyp2026m6n3qlzz,2024-06-25T07:05:00.810000Z,13.889748,-89.74821,6.805,1.5327,MLc,0.125,246,12,0.0215,0.022,
eslv20263nag2n33,ohdd2026ddkh2npy,hypodd,ohyp2026uewnh5zy,2024-06-25T07:08:30.000000Z,13.890572,-89.744857,7.325,1.2393,MLc,0.199,246,12,0.0269,0.0272,
eslv20264c7pqxqg,ohdd2026jdogjfxv,hypodd,ohyp2026bgllkt2o,2024-06-25T07:10:23.660000Z,13.888152,-89.751253,5.379,1.2462,MLc,0.133,250,10,0.0227,0.0388,
eslv2026kbcyyjfz,ohdd2026s7euybkx,hypodd,ohyp2026h5skidqk,2024-06-25T07:39:33.649999Z,13.886258,-89.753532,7.43,1.271,MLc,0.335,267,10,0.0271,0.0434,
eslv20264cqs4wey,ohdd2026y4pefr4d,hypodd,ohyp2026mu65q7fw,2024-06-25T08:01:42.420000Z,13.890145,-89.749666,6.951,1.1705,MLc,0.336,284,8,0.0273,0.0451,
eslv2026cnbczu7k,ohdd2026qnlnaetn,hypodd,ohyp20263kjzfwmw,2024-06-25T08:29:30.460000Z,13.889372,-89.752694,7.273,1.2041,MLc,0.317,275,9,0.0356,0.0435,
eslv2026yfjkbhxw,ohdd2026mrcipllh,hypodd,ohyp2026iwp5scnt,2024-06-25T08:32:33.780000Z,13.890695,-89.746794,6.99,1.2777,MLc,0.148,238,11,0.0272,0.0297,
eslv2026a6ugg2zc,ohdd2026kwkc5p76,hypodd,ohyp2026hvwlgwkf,2024-06-25T09:05:29.460000Z,13.901348,-89.717928,3.231,1.0156,MLc,0.178,258,7,0.0406,0.0575,
eslv2026hidechjm,ohdd2026zygyti5l,hypodd,ohyp2026tq6yglif,2024-06-26T17:00:03.580000Z,13.950693,-89.691675,0.497,0.8676,MLc,0.305,192,6,1.8342,2.3262,
eslv2026aapk6jkl,ohdd2026ifpv4zpa,hypodd,ohyp2026tbienc5m,2024-06-27T06:00:04.250000Z,13.863248,-89.662842,3.681,1.3226,MLc,0.044,198,9,0.0739,0.0462,
eslv2026kdjfyk5g,ohdd2026frj7uvnr,hypodd,ohyp2026pse5f6up,2024-06-28T04:54:52.719999Z,13.768499,-89.46429,13.212,1.2725,MLc,0.217,127,12,0.3529,0.2944,
eslv2026rjcaks5k,ohdd2026q7n33syp,hypodd,ohyp2026pof4ycv2,2024-06-28T05:04:23.000000Z,13.774601,-89.457739,11.956,1.3446,MLc,0.378,131,10,0.2824,0.3416,
eslv2026ogz7xbgz,ohdd2026mzoa3kmo,hypodd,ohyp20264bht7lfv,2024-06-28T05:08:31.910000Z,13.77616,-89.453589,12.318,1.7873,MLc,0.186,132,12,0.183,0.169,
eslv202637bwto4a,ohdd2026rce2g57r,hypodd,ohyp2026qa6tsnsq,2024-06-28T05:28:31.699999Z,13.777074,-89.452205,11.947,1.6881,MLc,0.226,133,12,0.1808,0.2152,
eslv202644vxfbgk,ohdd2026gs2uhpca,hypodd,ohyp2026w72ndatk,2024-06-28T05:30:41.719999Z,13.771608,-89.454289,12.846,1.5683,MLc,0.271,126,10,0.2818,0.2913,
eslv2026sstfshkr,ohdd20267k4o7g7j,hypodd,ohyp2026qiw6h4te,2024-06-28T05:32:59.850000Z,13.780588,-89.445882,9.831,1.4022,MLc,0.244,134,7,0.2882,0.4456,
eslv2026wubuytzh,ohdd2026vfxhfzl7,hypodd,ohyp2026ogtdiiwx,2024-06-28T05:46:27.789999Z,13.779836,-89.448193,10.489,1.4289,MLc,0.241,250,8,0.174,0.2996,
eslv2026emnq3rkz,ohdd2026ji72lgq5,hypodd,ohyp20265x4s4yvx,2024-06-28T06:16:21.140000Z,13.77859,-89.450496,10.692,1.5045,MLc,0.33,133,13,0.3405,0.3726,
eslv2026bskqilwl,ohdd20266bmtmraa,hypodd,ohyp2026upohqsk7,2024-06-28T12:21:43.700000Z,13.96951,-89.750252,3.44,1.0743,MLc,0.197,309,6,0.0079,0.0167,
eslv2026c6fhyyem,ohdd2026mm73cftj,hypodd,ohyp2026hxe757ld,2024-06-30T07:20:54.679999Z,13.876017,-89.401237,11.132,1.2592,MLc,0.321,294,7,0.6374,0.9153,
eslv2026gmsosanb,ohdd2026ywrd6mbn,hypodd,ohyp2026572qrcuc,2024-06-30T20:35:07.240000Z,14.091367,-89.68645,15.527,1.4186,MLc,0.347,295,12,1.2473,1.0418,
eslv20265xbzpynf,ohdd20267x3nouvp,hypodd,ohyp2026segsotsz,2024-07-01T00:38:49.549999Z,13.737693,-89.662362,0.024,0.4964,MLc,0.425,230,6,1.938,2.3709,
eslv2026636oq6ox,ohdd2026utmw4pk7,hypodd,ohyp2026zq6nefqi,2024-07-03T17:38:52.939999Z,13.785579,-89.458138,13.001,1.9779,MLc,0.285,114,8,0.3549,0.27,
eslv2026434rcmqi,ohdd2026is6cfgov,hypodd,ohyp2026vn4wcbax,2024-07-05T11:15:50.420000Z,13.877846,-89.807528,4.301,1.656,MLc,0.36,261,14,0.0351,0.0365,
eslv2026fodr6lgs,ohdd20267o7sfje7,hypodd,ohyp2026orsbs7zx,2024-07-05T20:37:44.439999Z,13.91941,-89.697664,5.137,1.668,MLc,0.128,103,11,0.0678,0.0621,
eslv2026ty7zx6j5,ohdd20263h2icggb,hypodd,ohyp202633dxhbgl,2024-07-06T03:11:43.170000Z,13.832103,-89.778743,4.725,1.5279,MLc,0.23,183,13,0.0296,0.0321,
eslv2026ypiu7kmr,ohdd2026v6x5qxtg,hypodd,ohyp2026nqhjw7fa,2024-07-06T18:42:02.279999Z,13.894018,-89.706974,4.435,0.963,MLc,0.212,173,8,0.0357,0.0404,
eslv2026z7pcwpqg,ohdd2026qrgpn74f,hypodd,ohyp2026jkpjfuzc,2024-07-07T10:02:32.719999Z,13.776379,-89.467529,17.336,1.4962,MLc,0.338,135,15,0.29,0.3692,
eslv2026uiahwtob,ohdd202653llksdm,hypodd,ohyp202655q4rkm7,2024-07-07T15:21:25.640000Z,13.877976,-89.687728,0.095,0.1634,MLc,0.406,149,6,1.5439,1.4142,
eslv2026xiimsqdp,ohdd20267w7w7iyr,hypodd,ohyp20264zktu4jw,2024-07-09T15:13:30.750000Z,13.906691,-89.731901,2.952,0.3601,MLc,0.129,211,7,0.0212,0.0239,
eslv2026cde4unst,ohdd2026isvk75wn,hypodd,ohyp2026jh7yiyde,2024-07-10T02:31:54.649999Z,14.055138,-89.690291,9.488,0.9576,MLc,0.188,323,6,0.2829,0.2325,
eslv2026weqeqicn,ohdd2026yvaatdi2,hypodd,ohyp2026qlk6mw2h,2024-07-11T03:45:11.160000Z,13.89171,-89.391715,8.299,1.1561,MLc,0.238,305,9,0.4407,0.7176,
eslv2026sjzaqxiz,ohdd2026dypykv7l,hypodd,ohyp2026jnoa7y6n,2024-07-14T08:38:47.909999Z,13.859499,-89.739998,8.117,0.7092,MLc,0.28,198,6,0.0343,0.0338,
eslv2026netzismj,ohdd2026sdothlxw,hypodd,ohyp2026v3c5la5e,2024-07-14T09:34:58.049999Z,13.824858,-89.779272,3.99,0.8324,MLc,0.203,221,7,0.0203,0.0222,
eslv2026ur6lz4sj,ohdd2026tmycwhge,hypodd,ohyp2026nriegvtd,2024-07-16T11:23:38.750000Z,13.923844,-89.738558,9.889,1.2014,MLc,0.049,148,7,0.0916,0.0748,
eslv2026gww5qpyy,ohdd2026uz4letfl,hypodd,ohyp20263hwvdgcd,2024-07-16T17:02:24.579999Z,13.912968,-89.727401,4.483,1.5642,MLc,0.263,141,9,0.0316,0.0353,
eslv20262jh5ui7l,ohdd2026vcw7so3q,hypodd,ohyp2026yqv52bhf,2024-07-16T17:11:21.539999Z,13.894643,-89.737256,6.712,1.7452,MLc,0.268,136,11,0.0189,0.0214,
eslv2026evyommcg,ohdd2026fnvuklvh,hypodd,ohyp2026iya6idfs,2024-07-18T11:23:49.329999Z,13.863792,-89.712451,6.807,1.6726,MLc,0.249,132,14,0.0369,0.0219,
eslv2026dw5scf4y,ohdd2026bby44xmo,hypodd,ohyp20266bsu6lhp,2024-07-18T11:50:54.530000Z,13.904836,-89.679346,3.644,1.0761,MLc,0.21,237,7,0.0292,0.0271,
eslv2026yvqkom6l,ohdd2026cl3ohcmz,hypodd,ohyp20266jwidd7m,2024-07-21T09:36:47.100000Z,13.746864,-89.651742,0.495,0.768,MLc,0.371,255,6,1.8602,2.2137,
eslv2026bvew2z5s,ohdd20264i52cygo,hypodd,ohyp20263g2vgmnn,2024-07-21T20:51:56.359999Z,13.860037,-89.674935,0.502,0.2127,MLc,0.111,161,6,0.0322,0.0635,
eslv2026zhglej34,ohdd20263wrcuzvo,hypodd,ohyp2026q5crs6nr,2024-07-21T23:17:11.519999Z,13.942109,-89.642212,0.489,0.4164,MLc,0.042,258,6,1.5352,0.9911,
eslv2026woszho2h,ohdd2026zreuivon,hypodd,ohyp2026ulphr6u2,2024-07-22T23:55:58.780000Z,13.914391,-89.723494,6.465,1.291,MLc,0.202,180,8,0.0264,0.0306,
eslv20264juvygh2,ohdd2026icg5nogh,hypodd,ohyp2026y7kbd7t2,2024-07-23T07:47:51.009999Z,13.88927,-89.742627,7.399,1.1602,MLc,0.226,148,15,0.0229,0.023,
eslv2026y57isehp,ohdd2026ovfplroj,hypodd,ohyp2026c7mihw2f,2024-07-23T07:51:23.469999Z,13.886345,-89.75262,6.787,0.5178,MLc,0.186,163,6,0.0275,0.0309,
eslv2026gitto3yi,ohdd2026nrc2ftsa,hypodd,ohyp20263m3vpmce,2024-07-23T13:35:26.530000Z,13.892929,-89.748991,5.622,1.0795,MLc,0.245,209,7,0.0213,0.0282,
eslv2026o7enoab7,ohdd2026zfvo2hj7,hypodd,ohyp2026plj4ce5q,2024-07-25T15:52:43.329999Z,13.853482,-89.742782,6.738,2.1731,MLc,0.303,244,12,0.0283,0.0307,
eslv2026dixumf23,ohdd2026az63s23j,hypodd,ohyp2026x25ud7vr,2024-07-26T06:23:55.880000Z,13.852809,-89.746411,6.331,1.2456,MLc,0.214,236,10,0.0288,0.0354,
eslv2026jcj2enhl,ohdd2026mernupk5,hypodd,ohyp2026up7ojvvf,2024-07-26T07:36:37.170000Z,13.876369,-89.690503,7.004,1.4372,MLc,0.27,166,15,0.035,0.025,
eslv2026mq53jkmz,ohdd2026ttqjpwpx,hypodd,ohyp2026jaznfjqq,2024-07-26T09:51:48.539999Z,13.854415,-89.745247,6.88,1.513,MLc,0.156,233,14,0.0298,0.0347,
eslv2026xqyeb2u7,ohdd2026cvku2etn,hypodd,ohyp2026nop33moi,2024-07-26T12:09:27.239999Z,13.853745,-89.728239,11.156,1.3804,MLc,0.143,192,9,0.0322,0.034,
eslv2026iubuh2uj,ohdd2026v6impnqj,hypodd,ohyp2026poxgpm2i,2024-07-27T13:33:23.250000Z,13.87812,-89.677995,4.967,1.5514,MLc,0.347,195,9,0.0392,0.03,
eslv2026jd4md3nk,ohdd2026drizt7pk,hypodd,ohyp2026wjetwicj,2024-07-27T18:49:39.119999Z,13.909692,-89.714307,1.17,1.3686,MLc,0.136,359,6,0.0716,0.1062,
eslv2026kcmg3z7v,ohdd2026ehchfv6t,hypodd,ohyp2026eswjuldm,2024-07-28T08:08:00.670000Z,13.795766,-89.676628,7.013,1.1601,MLc,0.16,177,8,0.6951,0.7278,
eslv20267cksscay,ohdd2026cfkurfew,hypodd,ohyp2026qucz3twd,2024-07-29T07:48:14.199999Z,13.879457,-89.763363,4.632,0.9713,MLc,0.234,243,9,0.0338,0.0389,
eslv2026urla6cuy,ohdd20264p67dwvd,hypodd,ohyp2026ewhfzwzd,2024-07-30T10:25:35.829999Z,13.982384,-89.500708,0.479,1.2934,MLc,0.164,322,6,0.0044,0.0142,
eslv2026nb6ijexb,ohdd2026e6va5ll3,hypodd,ohyp2026mde6gpya,2024-08-01T04:04:06.290000Z,13.916065,-89.765243,8.452,1.3938,MLc,0.125,232,12,0.0459,0.042,
eslv2026beb4ajsd,ohdd2026hclzug2b,hypodd,ohyp2026t7nhzl47,2024-08-07T12:31:01.830000Z,13.910472,-89.773234,16.698,2.4668,MLc,0.068,276,14,0.054,0.0496,
eslv2026dypir34n,ohdd2026z65wufge,hypodd,ohyp2026tzdwa7tu,2024-08-07T18:53:05.280000Z,13.865828,-89.695923,7.973,1.8165,MLc,0.298,198,11,0.0322,0.0274,
eslv2026grczghbq,ohdd20266xlsnw7g,hypodd,ohyp2026cprppeky,2024-08-07T22:11:28.239999Z,13.875118,-89.719922,5.415,2.0897,MLc,0.158,217,10,0.0669,0.0723,
eslv20265dvuiwf7,ohdd2026bq2s2bnh,hypodd,ohyp20264b45cfad,2024-08-08T09:36:52.770000Z,13.873974,-89.716512,5.412,1.3024,MLc,0.168,215,9,0.0618,0.0623,
eslv2026h5nxaj4o,ohdd2026vgmnig2m,hypodd,ohyp2026vvbnksai,2024-08-09T03:42:09.960000Z,13.860213,-89.732918,4.431,-0.2016,MLc,0.143,188,6,0.0719,0.0846,
eslv2026jdxz4g6n,ohdd2026axcw27lp,hypodd,ohyp2026zpwne34t,2024-08-09T06:50:02.370000Z,13.853771,-89.70096,6.736,0.0771,MLc,0.237,227,6,0.0157,0.0241,
eslv20264sjo2v6i,ohdd2026mblktt7p,hypodd,ohyp2026g5px2cie,2024-08-09T09:49:28.359999Z,13.733887,-89.478182,15.588,1.1796,MLc,0.29,214,11,0.1883,0.3032,
eslv20264i6hsdd4,ohdd20264p3fww2q,hypodd,ohyp2026pr6cgnw2,2024-08-09T15:05:02.980000Z,13.876508,-89.80367,3.086,2.9725,MLc,0.317,259,15,0.0542,0.1155,
eslv20267das7lmt,ohdd2026m3qzwcnk,hypodd,ohyp2026gqqiwjy6,2024-08-09T15:11:02.419999Z,13.882802,-89.793644,11.389,2.297,MLc,0.129,258,13,0.0358,0.0309,
eslv2026ev37huqs,ohdd2026eurk3fok,hypodd,ohyp2026acuwbxr3,2024-08-09T15:12:11.919999Z,13.875808,-89.800911,4.069,2.1716,MLc,0.299,269,12,0.0368,0.0334,
eslv2026pskixsix,ohdd2026gskccljh,hypodd,ohyp2026lp5323jh,2024-08-10T09:37:39.479999Z,13.869809,-89.711711,6.612,1.2127,MLc,0.191,129,13,0.0307,0.0263,
eslv20267ro2cvrm,ohdd2026k7ib52jp,hypodd,ohyp2026dswbdy6u,2024-08-11T07:16:25.899999Z,13.871774,-89.712524,6.624,0.5068,MLc,0.227,151,10,0.0308,0.0319,
eslv2026n7mfiqfg,ohdd20267mpat2qw,hypodd,ohyp2026ngi2f7jb,2024-08-11T12:39:15.310000Z,13.871077,-89.711759,6.408,1.413,MLc,0.215,127,10,0.0311,0.0255,
eslv2026mrlkxi2t,ohdd2026e3u6naf3,hypodd,ohyp2026hy5wippg,2024-08-11T12:41:51.439999Z,13.870751,-89.711165,6.5,1.8028,MLc,0.176,129,16,0.0303,0.0231,
eslv2026juapxxib,ohdd2026barkldas,hypodd,ohyp2026pqfuvfqi,2024-08-11T13:52:01.120000Z,13.891139,-89.694539,5.248,0.5559,MLc,0.159,209,6,0.0409,0.0532,
eslv2026w2x6z3l2,ohdd2026fo7ckibf,hypodd,ohyp2026fbcugmsu,2024-08-11T15:05:51.439999Z,13.8588,-89.718685,5.342,0.464,MLc,0.236,179,6,0.0311,0.0309,
eslv2026jgn7ky43,ohdd2026hizow75c,hypodd,ohyp2026ma2kimpw,2024-08-12T04:43:33.469999Z,13.829893,-89.773747,5.034,1.7313,MLc,0.208,170,15,0.0163,0.0372,
eslv2026htjeirfb,ohdd20267pes3rlq,hypodd,ohyp2026ovnki2ik,2024-08-12T04:48:23.789999Z,13.829853,-89.774072,5.136,1.2396,MLc,0.202,161,13,0.0199,0.0417,
eslv2026krbd6kvq,ohdd2026c36k3s2u,hypodd,ohyp2026t7ylyqmm,2024-08-12T05:23:50.100000Z,13.831769,-89.774365,5.261,1.398,MLc,0.188,174,13,0.0194,0.03,
eslv2026bzc5gor2,ohdd20267mpuyvtp,hypodd,ohyp2026qpflz2qh,2024-08-12T05:24:49.149999Z,13.855089,-89.764388,4.527,0.841,MLc,0.219,165,6,0.0345,0.0214,
eslv2026xkn6ahhw,ohdd2026nsidalci,hypodd,ohyp2026neinbkrx,2024-08-12T05:41:07.360000Z,13.829831,-89.773893,5.017,1.7132,MLc,0.16,166,14,0.0197,0.0382,
eslv2026w3qvlgbl,ohdd2026ieg53v64,hypodd,ohyp20265h75uuo5,2024-08-12T07:13:15.679999Z,13.829862,-89.773966,5.011,1.5328,MLc,0.153,168,18,0.0215,0.0314,
eslv2026uzyqeeg5,ohdd20262ftxblcn,hypodd,ohyp2026sv2mmvc7,2024-08-12T07:19:51.979999Z,13.827625,-89.776164,4.744,1.1888,MLc,0.26,179,13,0.0204,0.0279,
eslv20266klyfs6f,ohdd2026zkmjp26p,hypodd,ohyp2026wkdtnbem,2024-08-12T07:35:52.810000Z,13.962232,-89.779712,10.283,0.5345,MLc,0.084,272,7,0.0632,0.0578,
eslv2026kzmlxqc4,ohdd20265xbkfdcg,hypodd,ohyp2026pydabeba,2024-08-12T09:04:22.640000Z,13.879162,-89.755713,6.819,0.6074,MLc,0.137,176,9,0.0295,0.0258,
eslv2026y43ibyn5,ohdd2026kxbrh7f4,hypodd,ohyp2026e75fn7eq,2024-08-12T09:39:37.869999Z,13.880157,-89.807658,4.459,1.6028,MLc,0.261,152,15,0.0269,0.0296,
eslv2026zsfiscep,ohdd2026wljzlaoh,hypodd,ohyp2026lb7s4mi6,2024-08-12T10:26:06.349999Z,13.83127,-89.774821,5.462,1.2039,MLc,0.19,190,10,0.0217,0.0381,
eslv2026ny454k7f,ohdd2026buggaity,hypodd,ohyp2026gdn2x7ii,2024-08-14T09:05:04.960000Z,13.848551,-89.813875,4.85,1.3711,MLc,0.229,146,16,0.0424,0.0412,
eslv2026wiostbgm,ohdd2026ithbwxx5,hypodd,ohyp2026oyrwjlp6,2024-08-18T03:58:53.189999Z,13.981415,-89.508594,0.5,1.1127,MLc,0.164,294,8,0.0044,0.0139,
eslv2026frjxbr2f,ohdd2026pjgheusi,hypodd,ohyp20267mhxx7dx,2024-08-18T08:00:52.039999Z,13.779909,-89.464168,12.406,1.1217,MLc,0.242,139,12,0.4341,0.2566,
eslv2026p3zcsw3v,ohdd2026xtvebhax,hypodd,ohyp2026w3louyji,2024-08-18T15:03:51.909999Z,13.907676,-89.721582,3.542,0.3108,MLc,0.089,169,6,0.0223,0.0197,
eslv2026sxvaaeod,ohdd2026fuayt2ym,hypodd,ohyp2026ipgvugki,2024-08-19T09:04:20.010000Z,14.117525,-89.716488,16.037,0.9285,MLc,0.243,255,13,0.5842,0.7608,
eslv2026oacv6bmo,ohdd20267qa44cjr,hypodd,ohyp2026ya4mqozm,2024-08-19T19:55:29.219999Z,13.883068,-89.731006,7.557,1.6592,MLc,0.448,134,8,0.0273,0.0229,
eslv2026u2aeuref,ohdd2026txuz7ybg,hypodd,ohyp2026yfs7wigq,2024-08-20T17:43:11.759999Z,13.863273,-89.732511,3.206,1.4783,MLc,0.32,159,7,0.0233,0.028,
eslv2026q6nspos4,ohdd2026nzgnsa4a,hypodd,ohyp2026rjb3v4fv,2024-08-22T14:27:00.800000Z,13.862885,-89.577157,9.547,1.763,MLc,0.009,147,8,1.5652,1.0773,
eslv20263ypvas6w,ohdd2026j4v6osx6,hypodd,ohyp20267wojonff,2024-08-23T10:31:56.750000Z,13.886978,-89.375838,0.422,1.1955,MLc,0.276,292,6,0.4454,1.8674,
eslv20264ajkvait,ohdd2026leq5jldb,hypodd,ohyp2026bhjgbw55,2024-08-23T15:30:29.640000Z,13.748226,-89.476571,15.263,1.4856,MLc,0.302,115,11,0.3748,0.4309,
eslv2026x2vqhtum,ohdd2026jhkdeq7v,hypodd,ohyp2026fz5hzhr6,2024-08-24T03:06:37.820000Z,14.076426,-89.755811,12.524,0.7446,MLc,0.118,233,8,0.3008,0.2978,
eslv2026si2bk2ax,ohdd20265mugfq3k,hypodd,ohyp2026xz32fyiy,2024-08-24T22:20:19.120000Z,13.832003,-89.770793,5.592,1.9373,MLc,0.188,202,17,0.0199,0.0298,
eslv2026qqvkhrwe,ohdd2026pocx5ghp,hypodd,ohyp2026hn4pxwqv,2024-08-26T04:06:56.570000Z,13.832013,-89.771232,5.845,1.3459,MLc,0.244,197,16,0.0205,0.0241,
eslv2026a775vb7e,ohdd2026ykrjv2a2,hypodd,ohyp202624gwbqka,2024-08-26T07:03:25.239999Z,13.887138,-89.73964,8.502,1.3053,MLc,0.203,118,17,0.0245,0.0318,
eslv2026oroeandy,ohdd2026hdp2ts7i,hypodd,ohyp2026f72ovgah,2024-08-26T10:52:54.250000Z,13.831777,-89.771257,6.169,1.8029,MLc,0.24,196,17,0.0163,0.0249,
eslv2026biq4qtph,ohdd2026rrwbwwdv,hypodd,ohyp2026rxp2ygja,2024-08-27T20:47:57.240000Z,13.832464,-89.769678,5.503,2.6454,MLc,0.254,200,19,0.0215,0.0314,
eslv2026tyw4kdbr,ohdd2026a556nowm,hypodd,ohyp20262c3ljgv7,2024-08-27T21:26:51.679999Z,14.087009,-89.735734,9.289,1.587,MLc,0.153,281,8,0.2782,0.3216,
eslv2026fkzdswr5,ohdd2026pg7pas3q,hypodd,ohyp2026lm55ylis,2024-08-28T21:56:23.000000Z,13.873108,-89.79703,4.737,1.7183,MLc,0.227,208,13,0.0338,0.0222,
eslv2026tknm5xac,ohdd2026a722f4v7,hypodd,ohyp2026i3fqsnll,2024-08-28T22:38:31.000000Z,13.836519,-89.696794,7.022,1.1585,MLc,0.127,186,7,0.0492,0.0528,
eslv2026bbu5lg72,ohdd20262hnfsl3q,hypodd,ohyp2026azyykefu,2024-08-28T22:45:27.399999Z,13.862488,-89.738184,3.943,1.6179,MLc,0.175,140,8,0.032,0.0277,
eslv20265vm55q45,ohdd2026hwvqdgah,hypodd,ohyp2026kt6ocmie,2024-08-28T23:54:38.679999Z,13.901395,-89.665552,2.26,0.854,MLc,0.002,136,9,0.0509,0.0657,
eslv2026wmlhdixd,ohdd2026pifg5bdi,hypodd,ohyp20264zwevgn7,2024-08-29T02:17:48.390000Z,13.874308,-89.762557,0.128,0.1553,MLc,0.186,221,9,0.0185,0.0212,
eslv2026zb7txvdr,ohdd2026h5f4axc5,hypodd,ohyp2026gnzbw6qa,2024-08-29T15:22:51.609999Z,13.932384,-89.839958,5.142,1.4177,MLc,0.014,259,8,0.0325,0.0431,
eslv2026zya74n6d,ohdd2026kqdjnz4h,hypodd,ohyp2026gr4wzgxv,2024-08-31T00:22:02.319999Z,13.862148,-89.696248,5.444,0.3807,MLc,0.167,227,6,0.036,0.0275,
eslv2026gau7qicc,ohdd2026upn3snn6,hypodd,ohyp2026qq2mmzfj,2024-08-31T11:37:42.140000Z,13.892033,-89.737939,6.531,,,0.152,139,10,0.0238,0.0207,
eslv2026yvoxyzqu,ohdd2026c6vnit6y,hypodd,ohyp2026ulvrmd3c,2024-08-31T21:08:57.420000Z,14.062436,-89.794596,19.037,0.841,MLc,0.417,246,6,0.0159,0.0098,
eslv2026zvvimluq,ohdd2026k3w6uw3h,hypodd,ohyp20262a56pqiy,2024-09-01T09:42:29.260000Z,14.112887,-89.723551,13.584,1.6214,MLc,0.214,236,19,0.3469,0.3547,
eslv20264xu4luhh,ohdd20266ljcvup5,hypodd,ohyp2026hqvugdun,2024-09-01T09:49:16.519999Z,14.085064,-89.74174,12.219,0.6416,MLc,0.125,244,6,0.1907,0.2217,
eslv2026e5u5neqi,ohdd2026e4kvphqe,hypodd,ohyp2026b2w2hwt3,2024-09-01T11:17:21.719999Z,13.825931,-89.776758,4.486,1.0894,MLc,0.197,216,9,0.0197,0.021,
eslv2026gbeb7aqg,ohdd2026hxlidfsb,hypodd,ohyp2026khqfdkr5,2024-09-02T22:45:16.440000Z,13.826633,-89.760319,11.747,0.9453,MLc,0.371,185,9,0.0425,0.0372,
eslv20264bgxa6l5,ohdd202627pciz2z,hypodd,ohyp2026jvwf3qiv,2024-09-03T01:22:20.789999Z,13.876588,-89.806649,4.19,2.3067,MLc,0.265,149,19,0.0264,0.021,
eslv2026okbjylnp,ohdd2026w2pzc6ik,hypodd,ohyp2026pecbd6bg,2024-09-06T00:24:12.539999Z,13.794161,-89.708675,4.942,0.7174,MLc,0.197,198,6,0.0666,0.0585,
eslv2026hj4xxn4x,ohdd2026g3bq6oxo,hypodd,ohyp2026rk2plllz,2024-09-06T23:37:17.699999Z,13.98172,-89.753044,6.208,1.896,MLc,0.211,130,17,0.0177,0.0213,
eslv2026qljln7gz,ohdd2026glf6au4w,hypodd,ohyp2026fr7fqg6z,2024-09-07T01:34:22.879999Z,13.851051,-89.734937,6.089,1.0246,MLc,0.008,237,9,0.0404,0.0521,
eslv2026hfqbnx3g,ohdd2026pf3hb3rq,hypodd,ohyp20265xuw2s32,2024-09-07T01:51:12.869999Z,13.899555,-89.744458,5.015,1.0977,MLc,0.165,189,9,0.0318,0.0371,
eslv20264jxafk6n,ohdd20267hyvfx43,hypodd,ohyp2026cjhhjamu,2024-09-07T02:06:40.850000Z,13.832898,-89.762492,2.262,1.0711,MLc,0.215,197,8,0.0139,0.0208,
eslv2026qzk3xymn,ohdd2026ah7hf336,hypodd,ohyp2026kauig35s,2024-09-07T04:45:56.780000Z,13.978583,-89.755892,6.976,0.9215,MLc,0.279,131,13,0.0186,0.0292,
eslv20263wz6uwqq,ohdd2026f7hzovnp,hypodd,ohyp2026ayv44jnt,2024-09-08T02:59:43.920000Z,13.829811,-89.774642,5.043,2.0169,MLc,0.211,171,21,0.0227,0.0301,
eslv2026bgfbbkq5,ohdd2026arfdvtb4,hypodd,ohyp2026mamr2bqq,2024-09-08T07:16:08.339999Z,13.877236,-89.807186,4.115,1.5126,MLc,0.277,123,19,0.0193,0.0194,
eslv2026e74b4gme,ohdd2026veya7csp,hypodd,ohyp2026dwznz4d2,2024-09-08T07:22:40.280000Z,13.877437,-89.806453,4.139,2.7088,MLc,0.224,125,21,0.022,0.0196,
eslv2026woqe52bb,ohdd2026pyjmkeca,hypodd,ohyp2026qfvsx7l4,2024-09-09T13:19:52.049999Z,13.997571,-89.682739,0.485,0.5609,MLc,0.29,299,6,0.0774,0.1836,
eslv2026i7g3zfg4,ohdd2026yht7dapr,hypodd,ohyp2026qczqj77r,2024-09-10T02:28:23.010000Z,13.963135,-89.785034,7.034,1.1572,MLc,0.028,165,9,0.2373,0.2352,
eslv20264gwnnux5,ohdd2026vy2mrrfw,hypodd,ohyp2026q45s6w2g,2024-09-10T13:32:37.500000Z,13.939616,-89.981925,15.119,1.6822,MLc,0.383,287,8,0.0273,0.0297,
eslv20265dyw2zwt,ohdd2026fvaqpnp2,hypodd,ohyp2026crb5lik7,2024-09-12T18:37:06.799999Z,14.083235,-89.72937,7.284,2.4595,MLc,0.14,215,19,0.2377,0.3108,
eslv2026hiifso6y,ohdd2026idkzwsqg,hypodd,ohyp20263ifqk5az,2024-09-12T19:45:28.780000Z,14.079553,-89.732113,7.363,1.5095,MLc,0.11,236,10,0.189,0.3709,
eslv2026hytuv4tm,ohdd2026vhyijw77,hypodd,ohyp2026aja5uqqr,2024-09-12T23:24:35.280000Z,14.049226,-89.825098,8.272,1.9865,MLc,0.113,164,16,0.0278,0.0253,
eslv2026ng2cr4ny,ohdd2026vj7xou4m,hypodd,ohyp2026dgo63unb,2024-09-13T06:19:41.439999Z,14.064445,-89.724992,10.617,2.1657,MLc,0.197,270,19,0.3382,0.2333,
eslv2026efkoflgh,ohdd20265pik4l4i,hypodd,ohyp2026wvnlglx7,2024-09-13T07:03:02.180000Z,14.079192,-89.732511,7.365,1.0808,MLc,0.103,235,8,0.1467,0.3282,
eslv2026ub5l2v3n,ohdd2026hgdqp55f,hypodd,ohyp2026ga5g4xgg,2024-09-13T18:14:06.139999Z,13.802119,-89.654272,6.878,1.8471,MLc,0.159,216,6,0.7214,0.4505,
eslv2026v6aqiqcn,ohdd2026nxwiw4av,hypodd,ohyp2026lk3pm5pn,2024-09-13T22:15:01.879999Z,13.910971,-89.728654,6.537,0.6177,MLc,0.283,132,6,0.0315,0.0234,
eslv2026x5p5ekw2,ohdd2026zy27kxtg,hypodd,ohyp2026biltsiaj,2024-09-14T05:02:51.100000Z,13.886756,-89.751082,6.537,1.3926,MLc,0.167,158,10,0.0273,0.0286,
eslv2026xdvtibdb,ohdd2026qxxjjwqq,hypodd,ohyp2026qm44mn25,2024-09-15T08:09:24.219999Z,13.881046,-89.680981,5.565,0.2943,MLc,0.181,227,6,0.0277,0.0373,
eslv20267jqtmoig,ohdd2026piayojwa,hypodd,ohyp20262g3pqbyw,2024-09-16T01:36:23.350000Z,13.829578,-89.810791,0.496,0.9807,MLc,0.246,259,7,0.5647,0.7787,
eslv2026azuxwsmb,ohdd2026ekhbzyqs,hypodd,ohyp2026ezrcwv4d,2024-09-17T11:57:33.159999Z,13.810771,-89.681991,8.737,1.0287,MLc,0.101,137,7,0.2079,0.3099,
eslv2026hg2c43sl,ohdd2026ixzktgdf,hypodd,ohyp2026q7xjdkir,2024-09-17T13:26:18.460000Z,13.808219,-89.688403,7.816,1.195,MLc,0.089,147,8,0.3056,0.3044,
eslv20265pvq5x66,ohdd2026mk5tywou,hypodd,ohyp2026qocc4pwh,2024-09-17T14:05:45.039999Z,13.809156,-89.687085,8.122,1.4825,MLc,0.098,145,10,0.4093,0.1918,
eslv2026y5hppt3h,ohdd2026bkag442z,hypodd,ohyp2026dvjluwft,2024-09-17T14:35:09.140000Z,13.878818,-89.772526,5.191,1.8918,MLc,0.199,205,12,0.0377,0.0342,
eslv2026nurc4rl6,ohdd2026egz7krm7,hypodd,ohyp2026lraigfys,2024-09-17T20:08:39.320000Z,13.928072,-89.675911,4.829,0.3501,MLc,0.036,125,6,0.0317,0.0322,
eslv2026nl5szdir,ohdd2026xywguwcz,hypodd,ohyp2026xaorgjqo,2024-09-18T18:22:00.980000Z,13.939801,-89.667513,0.747,0.4617,MLc,0.257,180,6,1.032,1.6054,
eslv2026p76y5a2l,ohdd2026a3yny7up,hypodd,ohyp2026joogm7wy,2024-09-19T07:02:48.130000Z,13.863716,-89.814502,4.265,1.1973,MLc,0.311,210,11,0.0507,0.0357,
eslv2026qy5fclet,ohdd2026gfx2ont7,hypodd,ohyp2026jtxpk3ve,2024-09-19T07:49:28.820000Z,14.021092,-89.849992,7.246,2.171,MLc,0.206,188,15,0.0225,0.0286,
eslv2026l2rvy3xt,ohdd20267lj42ouk,hypodd,ohyp2026pyuvpvtl,2024-09-19T07:49:57.880000Z,14.037745,-89.826595,6.643,2.1589,MLc,0.197,187,9,0.0367,0.0424,
eslv2026zwelm2bq,ohdd2026pvcyksjc,hypodd,ohyp20264h667leg,2024-09-19T07:50:03.629999Z,14.021804,-89.849007,7.223,2.4011,MLc,0.268,186,17,0.032,0.0392,
eslv2026onoum3cw,ohdd2026prxrtggf,hypodd,ohyp2026xqf7thmx,2024-09-19T07:50:58.539999Z,14.021499,-89.852132,7.605,1.4825,MLc,0.196,202,9,0.0313,0.0341,
eslv20264dbgnv3q,ohdd20263ift3qha,hypodd,ohyp2026ltuxitro,2024-09-20T00:40:13.980000Z,13.832371,-89.770931,6.004,1.5656,MLc,0.224,197,14,0.0182,0.0274,
eslv2026s2nfn734,ohdd2026v7nfzdyl,hypodd,ohyp2026z2etatfj,2024-09-20T00:41:06.440000Z,13.831975,-89.770736,5.707,1.2373,MLc,0.217,200,14,0.0179,0.0267,
eslv2026cpbhn743,ohdd2026muj2phs4,hypodd,ohyp2026owfog4zz,2024-09-20T08:50:30.690000Z,14.050307,-89.827572,9.092,1.3809,MLc,0.146,166,14,0.0341,0.0264,
eslv2026uzkluuwe,ohdd2026xypxkblw,hypodd,ohyp20264t2kzeih,2024-09-20T11:34:59.640000Z,14.047624,-89.831014,8.832,1.5259,MLc,0.164,175,10,0.0399,0.0275,
eslv2026ydbvzvao,ohdd2026nsx47muq,hypodd,ohyp2026dobr5lxw,2024-09-20T13:09:23.519999Z,13.861349,-89.781836,4.415,1.574,MLc,0.263,233,11,0.0405,0.0399,
eslv2026sbyuyo2d,ohdd20265xkiryi4,hypodd,ohyp2026x7x3zips,2024-09-20T13:31:06.240000Z,13.876263,-89.799528,4.22,2.2938,MLc,0.244,210,16,0.0309,0.0302,
eslv2026fzdx4qiy,ohdd20265utfuhjv,hypodd,ohyp2026eyyybgqw,2024-09-21T06:14:33.170000Z,13.863686,-89.735767,7.768,0.5196,MLc,0.176,226,7,0.0257,0.023,
eslv2026srznfxre,ohdd20267vmvc342,hypodd,ohyp2026vmarhdf4,2024-09-21T06:16:53.929999Z,13.907778,-89.729801,7.141,0.5111,MLc,0.222,191,6,0.0479,0.0538,
eslv2026yky3bzgi,ohdd2026637hpic7,hypodd,ohyp2026wjglljb6,2024-09-21T08:32:49.840000Z,13.853734,-89.741032,6.68,1.2479,MLc,0.164,180,8,0.0237,0.0234,
eslv20263m4ye7ut,ohdd2026wv4hkoya,hypodd,ohyp2026ucjosrxa,2024-09-21T08:33:38.490000Z,13.85513,-89.73986,6.836,0.9692,MLc,0.192,169,10,0.0259,0.0326,
eslv20263kyvixca,ohdd2026ww4o57no,hypodd,ohyp2026wsaj4mi3,2024-09-22T10:32:07.769999Z,13.945747,-89.974162,16.141,2.6044,MLc,0.497,271,14,0.0209,0.0257,
eslv20262drloiio,ohdd2026sstm2qyy,hypodd,ohyp2026vbxtxxfy,2024-09-22T12:10:49.409999Z,13.884468,-89.735514,6.844,1.4134,MLc,0.163,156,10,0.0221,0.0254,
eslv20266uy5g45j,ohdd2026rgpqppzy,hypodd,ohyp2026svqzbfrq,2024-09-23T02:39:19.469999Z,13.829205,-89.727824,16.1,0.5218,MLc,0.126,124,8,0.0047,0.0052,
eslv2026jilmksrw,ohdd2026re3ktg2l,hypodd,ohyp20262qvkavzj,2024-09-23T07:53:28.820000Z,13.838524,-89.818107,0.484,0.4645,MLc,0.246,274,6,0.5341,0.774,
eslv20265wx7dlf5,ohdd2026koblr26u,hypodd,ohyp2026hnrl2scs,2024-09-23T14:18:15.369999Z,13.869325,-89.758244,4.154,0.7232,MLc,0.201,178,7,0.0256,0.0333,
eslv2026klumbxyu,ohdd2026vgn6uthb,hypodd,ohyp2026gkewbtxc,2024-09-24T04:28:39.750000Z,14.060684,-89.758374,8.681,0.6697,MLc,0.099,226,7,0.3681,0.4364,
eslv2026dlyxnfr7,ohdd2026p2zgvfy6,hypodd,ohyp2026bvlnzva5,2024-09-25T08:01:41.530000Z,13.877576,-89.76818,5.817,0.3985,MLc,0.147,168,7,0.0276,0.0301,
eslv2026lpwbxvd2,ohdd20262yjtlot5,hypodd,ohyp2026iphkceki,2024-09-28T14:30:58.840000Z,13.909849,-89.642188,1.17,1.6551,MLc,0.161,150,6,1.6648,2.3308,
eslv2026b7pysw4y,ohdd2026xzwiqhl3,hypodd,ohyp2026a7woft4y,2024-09-29T09:09:04.799999Z,13.933637,-89.746875,7.858,0.3349,MLc,0.325,193,6,0.0336,0.0385,
eslv2026frsoamk2,ohdd2026n56noend,hypodd,ohyp2026gbhp3n3z,2024-09-29T09:18:17.870000Z,13.9334,-89.746444,7.341,1.0562,MLc,0.223,202,6,0.0309,0.0348,
eslv2026hzoxxd74,ohdd2026xusgkrlp,hypodd,ohyp2026t4u5qcyh,2024-09-30T17:22:07.440000Z,13.886454,-89.578402,5.995,0.9436,MLc,0.173,219,9,0.4427,0.37,
eslv2026cmzqeq3s,ohdd2026iryjt5cp,hypodd,ohyp2026k6gk55iy,2024-10-01T05:33:34.200000Z,13.898881,-89.696761,8.888,0.8538,MLc,0.224,143,10,0.0344,0.0342,
eslv2026db4nnueg,ohdd2026jyopdwu6,hypodd,ohyp20267zq4gajj,2024-10-01T16:45:19.329999Z,13.875705,-89.765658,5.353,1.1006,MLc,0.265,179,7,0.0353,0.0359,
eslv2026fha7aeam,ohdd20265wdr7t37,hypodd,ohyp2026jz7cual7,2024-10-04T05:52:47.009999Z,13.883786,-89.366903,9.277,0.7226,MLc,0.11,286,9,0.2924,0.3796,
eslv2026oqzio7qy,ohdd2026i6wjkfh6,hypodd,ohyp20264altqfyf,2024-10-04T07:10:23.600000Z,13.879814,-89.363289,8.304,1.0538,MLc,0.11,301,8,0.2851,0.4242,
eslv2026ijuidwhp,ohdd2026vdz7g2nn,hypodd,ohyp2026a6f5w5k6,2024-10-05T20:55:33.159999Z,13.879492,-89.697616,8.231,0.2029,MLc,0.277,175,8,0.0378,0.0283,
eslv2026sydkxg2g,ohdd202647hf2ime,hypodd,ohyp2026lvfpiagd,2024-10-06T16:00:12.439999Z,13.87999,-89.773674,5.49,1.7905,MLc,0.158,114,17,0.0351,0.0237,
eslv2026hmydtito,ohdd20267c75ivhs,hypodd,ohyp20265cguxblh,2024-10-06T16:06:42.780000Z,13.879654,-89.772274,5.644,1.4398,MLc,0.183,113,10,0.0352,0.0227,
eslv20264xo32m22,ohdd2026eunh7n72,hypodd,ohyp2026e7f2pju2,2024-10-06T16:38:00.100000Z,13.857482,-89.701603,4.01,0.3593,MLc,0.12,179,6,0.0566,0.054,
eslv20264k74vfsc,ohdd2026xct6ly6p,hypodd,ohyp2026wapkgpma,2024-10-06T16:51:55.109999Z,13.880035,-89.773454,6.081,1.7001,MLc,0.198,195,11,0.0361,0.0243,
eslv20263paazupl,ohdd2026xioaarmb,hypodd,ohyp2026ja34bevi,2024-10-08T13:04:09.400000Z,13.868449,-89.739486,2.663,1.0211,MLc,0.152,203,7,0.0248,0.0388,
eslv2026qvk3zvgo,ohdd2026zlpnx4dj,hypodd,ohyp2026rg35obys,2024-10-08T13:05:39.450000Z,13.884991,-89.741398,7.097,1.0803,MLc,0.13,135,12,0.0266,0.0224,
eslv2026aoghxmno,ohdd2026icostuhw,hypodd,ohyp2026imitbton,2024-10-08T13:07:09.810000Z,13.889824,-89.739543,6.71,1.1328,MLc,0.169,126,10,0.0135,0.0244,
eslv2026kqpqqiy4,ohdd2026o24bdnez,hypodd,ohyp2026ysdfvg3a,2024-10-10T15:16:46.490000Z,13.936036,-89.72334,3.682,0.8238,MLc,0.24,268,6,0.0538,0.0564,
eslv20263tf3h4vs,ohdd2026x57wrqlt,hypodd,ohyp2026ctjeohy5,2024-10-11T19:58:16.640000Z,13.840135,-89.76359,4.012,1.231,MLc,0.103,205,7,0.0335,0.029,
eslv2026qxf3jpwa,ohdd2026b6wui57b,hypodd,ohyp20265mdwq32a,2024-10-13T19:51:03.379999Z,13.787979,-89.654427,6.253,1.3156,MLc,0.159,173,7,0.7131,0.4805,
eslv2026tccfts4v,ohdd202662xw62bz,hypodd,ohyp2026i4jmfl7y,2024-10-14T12:49:55.009999Z,13.884559,-89.420264,9.009,3.1933,MLc,0.098,220,17,0.4948,0.6797,
eslv2026tbldxm3n,ohdd20265pwc2fhp,hypodd,ohyp2026brk5r2kb,2024-10-14T13:58:19.289999Z,13.88682,-89.408561,10.481,1.8103,MLc,0.305,275,6,0.3044,0.4962,
eslv2026i32f4vgv,ohdd2026jzrvojej,hypodd,ohyp2026bgzuxjnw,2024-10-15T01:29:06.110000Z,13.753489,-89.660555,2.066,0.6329,MLc,0.284,128,7,1.6461,2.1854,
eslv20262pxje5ff,ohdd2026wytpis7q,hypodd,ohyp20266be2uxf5,2024-10-16T05:18:00.730000Z,13.870983,-89.440055,7.603,1.5784,MLc,0.167,200,19,0.1285,0.1465,
eslv2026qawigmhs,ohdd20264vglvswe,hypodd,ohyp2026djoxa2og,2024-10-16T13:34:09.189999Z,13.898211,-89.405436,10.637,3.7509,MLc,0.174,207,23,0.1874,0.4959,
eslv2026z4xoxcu2,ohdd2026f3zpqddv,hypodd,ohyp2026hpnvtis4,2024-10-16T13:49:56.039999Z,13.874309,-89.44397,6.417,1.4526,MLc,0.158,230,12,0.138,0.2073,
eslv2026izow6t6z,ohdd2026litlm5v6,hypodd,ohyp2026u5ed5c5m,2024-10-16T13:54:15.080000Z,13.844248,-89.423877,12.92,1.4027,MLc,0.379,225,9,0.4308,0.5294,
eslv2026d4wtb3yt,ohdd20263gie7ip3,hypodd,ohyp2026qtepiyjb,2024-10-16T14:56:14.800000Z,13.908956,-89.406087,6.716,1.6293,MLc,0.219,250,17,0.4773,1.1481,
eslv2026nmf6w6d6,ohdd2026vkn4vub3,hypodd,ohyp2026wsm4mcmw,2024-10-17T03:26:55.600000Z,13.890485,-89.414591,9.803,1.4228,MLc,0.201,229,17,0.3646,0.4774,
eslv20263yzv3nhs,ohdd2026vqwxxblj,hypodd,ohyp2026fx2uptb7,2024-10-17T03:29:01.229999Z,13.889693,-89.784302,10.434,1.2006,MLc,0.212,151,11,0.0521,0.0407,
eslv2026new73h5y,ohdd2026kt755pbk,hypodd,ohyp202627x4g7ei,2024-10-17T03:29:43.899999Z,13.895125,-89.745223,4.868,1.1764,MLc,0.176,188,8,0.026,0.0273,
eslv20267mdmxjs6,ohdd2026vr6u7b5k,hypodd,ohyp2026mzwr3wwm,2024-10-17T03:50:42.689999Z,13.876148,-89.389128,9.533,0.7672,MLc,0.232,269,8,0.5531,0.7143,
eslv2026tw4yubob,ohdd2026ri6i6xqw,hypodd,ohyp20267nuuuhkf,2024-10-17T07:10:00.720000Z,13.765599,-89.406405,11.358,0.8498,MLc,0.326,185,9,0.2374,0.531,
eslv2026acsavlmq,ohdd20267p3zixen,hypodd,ohyp2026tbwjdkyy,2024-10-17T07:14:02.710000Z,13.881115,-89.386523,9.334,1.3047,MLc,0.177,305,8,0.5087,0.6101,
eslv2026346z6mzr,ohdd2026eac6ioy2,hypodd,ohyp2026xsoi2an6,2024-10-17T07:34:55.070000Z,13.908323,-89.402482,4.693,0.762,MLc,0.281,267,9,0.5718,0.305,
eslv20267m54sdma,ohdd2026fsnb4usq,hypodd,ohyp2026a7yhywn2,2024-10-17T11:16:11.560000Z,13.896716,-89.768766,6.651,1.9401,MLc,0.396,287,9,0.0748,0.0566,
eslv2026hq5vzybl,ohdd2026w5nzgwpn,hypodd,ohyp2026yzctml26,2024-10-18T08:00:51.009999Z,13.90661,-89.398193,10.168,1.0036,MLc,0.158,268,14,0.4048,0.641,
eslv2026htnhlgpz,ohdd20265sw3frrn,hypodd,ohyp2026z74p7j4l,2024-10-18T08:41:40.810000Z,13.905188,-89.730273,7.924,0.6536,MLc,0.186,149,8,0.0191,0.0286,
eslv20265z2t3m6v,ohdd20263mhwyrml,hypodd,ohyp2026sim26yd3,2024-10-19T08:35:02.899999Z,13.908644,-89.402653,9.957,1.8424,MLc,0.132,246,17,0.3152,0.4179,
eslv2026rti7qsyi,ohdd2026u5w5qodc,hypodd,ohyp2026ayaxebe4,2024-10-21T09:10:04.070000Z,13.90769,-89.408634,10.771,2.6011,MLc,0.114,241,19,0.3686,0.6375,
eslv2026iho6rnup,ohdd2026tl2jub2c,hypodd,ohyp2026vxatrzuy,2024-10-22T08:59:17.199999Z,13.881235,-89.390747,10.295,1.0634,MLc,0.221,248,16,0.5772,1.0363,
eslv2026ouotjuzt,ohdd2026gzn6xzj4,hypodd,ohyp2026kg3aqlzg,2024-10-22T09:54:07.139999Z,13.905378,-89.41119,8.202,1.7608,MLc,0.166,237,18,0.3785,0.6024,
eslv2026lm3unwo2,ohdd2026ue5p2oqv,hypodd,ohyp20267xmiwnpt,2024-10-22T11:37:10.580000Z,13.840578,-89.641642,1.338,0.5318,MLc,0.408,160,6,3.2545,1.8198,
eslv2026atvpghnj,ohdd20264oxz3ru2,hypodd,ohyp2026shr4uytb,2024-10-22T21:42:27.600000Z,13.890398,-89.79043,8.128,2.5073,MLc,0.324,192,14,0.0585,0.077,
eslv2026m4ivuxci,ohdd202627dy2sxt,hypodd,ohyp2026jrdcfwrd,2024-10-22T21:44:21.219999Z,13.876889,-89.779769,4.73,2.17,MLc,0.058,199,13,0.0378,0.0317,
eslv20264zknqcdw,ohdd202633lvt3a5,hypodd,ohyp2026ilwdwj6d,2024-10-23T16:22:24.289999Z,13.882021,-89.381266,0.554,1.8742,MLc,0.276,290,6,0.4506,1.6811,
eslv2026uul2hgpu,ohdd2026psx2flfa,hypodd,ohyp2026dpx5d4r2,2024-10-24T15:54:49.119999Z,14.084887,-89.835938,6.303,2.5117,MLc,0.173,218,20,0.0376,0.0386,
eslv20267yuy4zgu,ohdd20266jyhswj4,hypodd,ohyp2026ynnmwkpr,2024-10-24T17:21:36.539999Z,14.085261,-89.843953,6.661,1.1026,MLc,0.089,204,7,0.0338,0.0157,
eslv2026d24apb6y,ohdd2026jc3ir7pd,hypodd,ohyp2026cdxuprm3,2024-10-25T03:39:29.920000Z,14.083915,-89.83916,6.592,2.4269,MLc,0.129,216,22,0.0252,0.0335,
eslv2026qv6uwur2,ohdd2026y6jxwiv7,hypodd,ohyp2026q2ugrckr,2024-10-25T15:38:40.390000Z,13.896441,-89.60835,0.472,1.2678,MLc,0.165,181,6,2.3276,4.7091,
eslv2026q2amndnn,ohdd2026m3so7rph,hypodd,ohyp2026iymojc2y,2024-10-26T07:26:41.130000Z,14.08252,-89.843343,6.071,1.0587,MLc,0.104,194,6,0.0378,0.0292,
eslv2026m5fro2w2,ohdd2026ovxtlhzi,hypodd,ohyp2026cg62gogb,2024-10-28T06:08:58.340000Z,13.873558,-89.775521,5.094,1.0442,MLc,0.272,164,6,0.0365,0.0255,
eslv2026a6yhlkce,ohdd2026a3sl24me,hypodd,ohyp2026ycmk3rbs,2024-10-28T06:09:33.060000Z,13.880921,-89.772257,5.652,1.0015,MLc,0.178,123,11,0.0355,0.0221,
eslv2026y2lzb3zj,ohdd20264x2rvlyx,hypodd,ohyp2026pnx35oul,2024-10-28T06:27:16.219999Z,13.915411,-89.800879,2.515,0.771,MLc,0.348,111,10,0.0184,0.0322,
eslv2026kd7xje7r,ohdd20266bevuw7g,hypodd,ohyp20266v237h4v,2024-10-28T07:19:01.919999Z,13.899268,-89.773161,9.56,0.349,MLc,0.257,203,10,0.0738,0.0648,
eslv2026ko7ymdd4,ohdd2026t4av3b2d,hypodd,ohyp2026bu76yyz7,2024-10-28T07:24:33.799999Z,13.882633,-89.736108,7.249,0.9916,MLc,0.129,147,16,0.0179,0.0215,
eslv2026ibw2tk4v,ohdd2026jxexlksu,hypodd,ohyp2026i322lsok,2024-10-28T21:38:44.560000Z,13.88882,-89.751383,5.285,1.2455,MLc,0.146,187,7,0.0259,0.0321,
eslv20264oyieeia,ohdd2026nxtd6ayj,hypodd,ohyp2026ztoi4qh6,2024-10-31T03:23:41.039999Z,13.906554,-89.743978,6.548,,,0.252,188,7,0.0351,0.055,
eslv2026jvxlrqfo,ohdd2026o2ko5yfm,hypodd,ohyp2026qzjefy4p,2024-10-31T03:23:46.119999Z,13.889808,-89.740804,6.815,1.053,MLc,0.113,104,19,0.0192,0.0248,
eslv2026s2uvclgn,ohdd20267flrljqo,hypodd,ohyp2026wjewp7m7,2024-10-31T03:27:21.320000Z,13.89042,-89.741268,7.079,1.2343,MLc,0.114,156,8,0.0203,0.0248,
eslv2026bvy6sxpy,ohdd2026pwbg723f,hypodd,ohyp2026v54rakpx,2024-10-31T06:11:34.340000Z,13.942867,-89.741064,3.45,0.896,MLc,0.047,266,8,0.0205,0.048,
eslv2026l4kfa2hd,ohdd2026arpbdesr,hypodd,ohyp2026sfa4pfdo,2024-10-31T10:36:42.469999Z,14.04816,-89.826042,8.729,1.4141,MLc,0.169,170,9,0.0346,0.027,
eslv2026cyzx5wrp,ohdd2026kwsshevz,hypodd,ohyp2026q5cujfwl,2024-10-31T13:12:21.429999Z,13.921048,-89.698625,3.742,1.2046,MLc,0.084,232,6,0.0343,0.0462,
eslv2026iwfv4z3h,ohdd2026wd3eoxug,hypodd,ohyp2026hessta5y,2024-10-31T17:59:20.960000Z,14.082819,-89.842692,6.35,1.8149,MLc,0.108,211,11,0.0238,0.0217,
eslv2026xi72wz7r,ohdd2026zvndejtx,hypodd,ohyp2026fsljfswk,2024-11-02T19:59:56.060000Z,13.830927,-89.700838,4.201,3.1187,MLc,0.061,150,8,0.0397,0.048,
eslv2026pkq2mpvd,ohdd2026bod2tckh,hypodd,ohyp20265h23yqqq,2024-11-03T04:40:04.589999Z,14.060865,-89.753768,10.174,0.8693,MLc,0.148,217,8,0.2591,0.3622,
eslv2026yqwkpacj,ohdd2026ivjkz7n5,hypodd,ohyp202646sfnbb6,2024-11-03T20:12:27.640000Z,13.84128,-89.767928,3.263,0.9482,MLc,0.292,248,6,0.0499,0.0676,
eslv2026zau5ps4o,ohdd2026oubrowv7,hypodd,ohyp2026gz64j5io,2024-11-06T00:52:15.660000Z,13.876363,-89.777759,13.212,-0.3314,MLc,0.012,252,6,0.0367,0.0338,
eslv20263y7aapbx,ohdd2026lfmwohab,hypodd,ohyp2026hspvlrra,2024-11-06T22:33:35.060000Z,13.901225,-89.749406,3.785,0.8952,MLc,0.099,172,7,0.0318,0.0328,
eslv2026vbm22j3j,ohdd2026w65wf4yw,hypodd,ohyp2026ketaxzcj,2024-11-07T09:04:23.280000Z,13.831262,-89.737817,4.579,0.2494,MLc,0.361,239,9,0.0089,0.0146,
eslv202647oa23ag,ohdd2026pwagi2nr,hypodd,ohyp2026sdjklhjd,2024-11-07T16:54:31.940000Z,13.86896,-89.732764,5.091,1.8354,MLc,0.212,195,7,0.044,0.046,
eslv2026ahcabf3c,ohdd2026tqundpys,hypodd,ohyp2026zfhfsokc,2024-11-09T00:54:57.320000Z,13.898582,-89.666943,2.868,1.0425,MLc,0.059,171,8,0.5336,0.436,
eslv2026uiq7loak,ohdd2026jj6dvkxg,hypodd,ohyp2026bakmo4nt,2024-11-10T06:44:59.570000Z,13.730745,-89.475806,16.872,0.9494,MLc,0.291,214,11,0.3119,0.3611,
eslv2026bbflpwtj,ohdd2026rkoujvlr,hypodd,ohyp2026didron6r,2024-11-10T07:25:59.149999Z,13.787229,-89.430151,14.658,1.627,MLc,0.132,123,18,0.3309,0.4389,
eslv2026xywxwlmu,ohdd2026ykansc75,hypodd,ohyp20265fziirgz,2024-11-10T07:32:09.289999Z,13.773339,-89.448828,12.574,1.0969,MLc,0.314,130,12,0.3915,0.4165,
eslv2026uyvrig5s,ohdd20264xtlz6tu,hypodd,ohyp2026j57zdlev,2024-11-12T09:59:28.079999Z,13.847026,-89.699365,10.753,0.4131,MLc,0.214,175,6,0.0091,0.0035,
eslv2026m3glvv3l,ohdd20264xiddv7s,hypodd,ohyp20264jmug2t3,2024-11-12T20:52:26.600000Z,13.906954,-89.398755,8.609,2.6225,MLc,0.15,248,18,0.3917,0.4196,
eslv2026n3dl3jiq,ohdd2026hjl2i625,hypodd,ohyp2026wpaouvan,2024-11-14T00:58:00.600000Z,13.876485,-89.807992,4.103,1.4507,MLc,0.284,235,8,0.0285,0.0244,
eslv2026stgjzhcc,ohdd2026uah5myeb,hypodd,ohyp20263y2no7w4,2024-11-14T04:09:04.389999Z,13.890074,-89.743099,7.106,0.6859,MLc,0.17,177,7,0.0207,0.0175,
eslv2026zbg4no5v,ohdd2026hnnzgr33,hypodd,ohyp2026q5kzeitp,2024-11-14T04:10:46.229999Z,13.884717,-89.740283,6.591,1.1777,MLc,0.161,154,10,0.0243,0.0328,
eslv2026i4v2u2os,ohdd202654mrf7oc,hypodd,ohyp2026j7i3ywzz,2024-11-14T04:15:31.679999Z,13.887497,-89.743441,6.603,2.5108,MLc,0.274,158,14,0.026,0.0468,
eslv2026y2vtumew,ohdd2026l2yzpnsh,hypodd,ohyp2026batpaskl,2024-11-14T04:49:09.750000Z,13.885894,-89.74126,7.15,0.8292,MLc,0.227,183,7,0.0312,0.033,
eslv2026i3x7pioe,ohdd20262vbz6x6i,hypodd,ohyp2026pyekifiv,2024-11-14T13:57:27.089999Z,13.888483,-89.750179,5.779,1.5831,MLc,0.148,167,6,0.0309,0.0325,
eslv2026xfzrkzxf,ohdd2026iwkrvj3w,hypodd,ohyp20262fam7buk,2024-11-14T13:57:55.189999Z,13.885794,-89.752132,6.104,1.8405,MLc,0.159,156,13,0.0252,0.025,
eslv2026myg67ofn,ohdd2026imj24ew6,hypodd,ohyp2026tye5w5q6,2024-11-14T14:01:23.859999Z,13.885955,-89.752116,5.91,1.6002,MLc,0.143,159,12,0.0235,0.0187,
eslv2026s6yg34rm,ohdd20266qs4rj7p,hypodd,ohyp2026kgqddz6e,2024-11-14T14:02:23.899999Z,13.883089,-89.760848,6.7,1.5134,MLc,0.205,144,9,0.035,0.0307,
eslv20264ellibtw,ohdd2026du4fplng,hypodd,ohyp2026u3e5g5ms,2024-11-14T14:04:36.549999Z,13.860096,-89.767985,12.492,1.6454,MLc,0.086,159,6,0.0693,0.0356,
eslv2026ll2i5h67,ohdd20264zd2vb7h,hypodd,ohyp2026zk7yma2a,2024-11-15T10:49:48.859999Z,13.874952,-89.440503,8.008,2.311,MLc,0.151,202,16,0.133,0.2023,
eslv2026eee6ulbr,ohdd20266o4w4dbk,hypodd,ohyp2026rx6ocb22,2024-11-18T02:47:10.849999Z,14.020795,-89.70459,1.413,1.3502,MLc,0.139,312,6,0.9107,2.2743,
eslv2026gzvy6yjd,ohdd2026ctwfggli,hypodd,ohyp202625pmn32i,2024-11-18T06:04:35.100000Z,13.870235,-89.707837,6.061,0.8706,MLc,0.173,133,9,0.0374,0.0344,
eslv2026wub6bs75,ohdd2026m2i3zx7z,hypodd,ohyp2026l2lqadvg,2024-11-21T10:49:24.089999Z,13.879211,-89.899674,0.498,0.3907,MLc,0.223,324,6,1.17,1.6017,
eslv2026p3gdeiux,ohdd2026re5k65h6,hypodd,ohyp2026qbdth5ar,2024-11-23T06:28:46.380000Z,13.883653,-89.707869,13.847,0.8037,MLc,0.109,147,6,0.0353,0.0251,
eslv2026p375pguc,ohdd2026iokjuvyr,hypodd,ohyp2026bsbxqpv6,2024-11-26T11:34:36.140000Z,13.914273,-89.780404,4.233,1.0348,MLc,0.015,289,7,0.0789,0.041,
eslv202674yudcz5,ohdd2026zdnsfuml,hypodd,ohyp2026dmr44g5p,2024-11-27T08:21:30.489999Z,13.883114,-89.755119,5.85,1.2015,MLc,0.136,170,9,0.0238,0.0199,
eslv2026usi52nus,ohdd2026pvzexyfz,hypodd,ohyp2026oeuhxvyo,2024-11-29T14:22:56.219999Z,13.886947,-89.587508,7.249,1.3176,MLc,0.173,213,6,0.5174,0.3291,
eslv2026zgw4bnqt,ohdd20266y3jgfej,hypodd,ohyp2026iv6wb6kt,2024-11-29T19:52:31.320000Z,13.939434,-89.958708,13.174,4.1044,MLc,0.155,265,19,0.0706,0.1143,
eslv2026kghjci6b,ohdd2026ri5o42tl,hypodd,ohyp20267d5oy2a7,2024-11-29T20:06:28.859999Z,13.943952,-89.959993,10.262,2.2383,MLc,0.257,266,13,0.1088,0.1961,
eslv2026ucgdp2cu,ohdd20266afdvaps,hypodd,ohyp2026lnc5bilc,2024-11-29T20:25:09.380000Z,13.942641,-89.957747,9.325,2.2016,MLc,0.258,281,11,0.1378,0.2257,
eslv20264lhajxiu,ohdd2026gr5iylmu,hypodd,ohyp2026ulh5lvp2,2024-11-29T20:51:26.079999Z,13.942648,-89.958089,0.202,0.9944,MLc,0.399,282,6,0.5245,1.9025,
eslv2026pqmb2cly,ohdd20262bd54gru,hypodd,ohyp20264leenrxr,2024-11-30T01:42:53.670000Z,13.881042,-89.763493,5.562,1.3329,MLc,0.201,296,7,0.0348,0.0264,
eslv20266dkwwv55,ohdd2026iodxlhnf,hypodd,ohyp2026o7mlkfbl,2024-11-30T07:46:16.460000Z,13.94653,-89.956258,12.279,2.0796,MLc,0.241,265,11,0.1008,0.1313,
eslv2026apy24nce,ohdd2026pho6cfs6,hypodd,ohyp2026pddhb6ls,2024-11-30T15:33:14.689999Z,13.94081,-89.956909,13.129,3.387,MLc,0.192,265,17,0.0679,0.1316,
eslv2026izyycnt6,ohdd2026is663sb6,hypodd,ohyp2026fgkmqpeo,2024-12-02T03:16:24.050000Z,13.884671,-89.736108,7.711,1.1037,MLc,0.136,170,11,0.0217,0.0228,
eslv2026m63fiw4l,ohdd2026debpdvyz,hypodd,ohyp2026fp67bagr,2024-12-02T03:27:44.549999Z,13.884432,-89.736564,8.1,1.2912,MLc,0.126,139,15,0.0204,0.0182,
eslv2026f73qjwju,ohdd2026p34bqwnd,hypodd,ohyp2026s2zp74bb,2024-12-02T03:47:47.719999Z,13.884001,-89.736613,8.201,1.4639,MLc,0.141,114,14,0.0186,0.0211,
eslv2026xowmhnmu,ohdd2026tjqdm33o,hypodd,ohyp2026bbtv6zmk,2024-12-02T04:19:20.370000Z,13.886978,-89.733626,7.269,1.3726,MLc,0.307,130,14,0.0355,0.0355,
eslv2026ksskjtxp,ohdd2026er4vavh3,hypodd,ohyp20262vxjjmtx,2024-12-05T05:12:09.320000Z,13.837122,-89.634342,0.032,0.4401,MLc,0.408,141,7,2.9828,1.8269,
eslv2026venveolf,ohdd2026rx3m5qyx,hypodd,ohyp2026rluxrcko,2024-12-06T00:08:09.279999Z,13.869917,-89.435417,7.537,1.8185,MLc,0.334,237,6,0.1613,0.1917,
eslv202672zh46g4,ohdd2026wu4bdx7t,hypodd,ohyp20266f2auq2g,2024-12-08T18:31:29.679999Z,14.052732,-89.861035,9.207,1.9746,MLc,0.183,244,6,0.0225,0.0183,
eslv2026gpty4vt7,ohdd2026czshylfn,hypodd,ohyp2026dtk6rlof,2024-12-08T23:10:07.480000Z,14.050494,-89.843823,2.803,1.9696,MLc,0.163,243,7,0.0308,0.0324,
eslv2026uczox3et,ohdd2026nk6xqnxo,hypodd,ohyp2026mh7rqiin,2024-12-09T13:21:56.420000Z,13.735003,-89.665397,0.14,0.7032,MLc,0.145,244,6,1.3234,2.0991,
eslv2026wqyycpym,ohdd2026df4fbuh2,hypodd,ohyp2026eivyx7v2,2024-12-11T07:42:37.179999Z,14.052977,-89.861279,9.221,1.4325,MLc,0.182,239,9,0.0231,0.017,
eslv2026sz7uo35q,ohdd2026c5urskn2,hypodd,ohyp2026skukcbls,2024-12-11T20:45:26.660000Z,14.081307,-89.82146,8.405,1.9985,MLc,0.173,194,10,0.0409,0.0327,
eslv2026vol6wqqc,ohdd2026z6me6dsk,hypodd,ohyp2026nbj54dl2,2024-12-14T05:55:43.979999Z,13.862615,-89.584945,8.423,1.3028,MLc,0.009,155,8,1.6033,1.0977,
eslv2026eapc7nqb,ohdd2026z55ovxpa,hypodd,ohyp2026jsrv2ne4,2024-12-14T06:19:31.269999Z,14.078748,-89.81722,6.187,1.1986,MLc,0.124,207,6,0.0332,0.0315,
eslv2026li7a5oyt,ohdd2026wevdmmgy,hypodd,ohyp2026tfrlsd32,2024-12-14T06:55:43.890000Z,14.029838,-89.943758,6.471,0.7479,MLc,0.038,270,6,0.0242,0.0349,
eslv2026up453jah,ohdd2026killj2sq,hypodd,ohyp2026sgbfymct,2024-12-14T20:54:46.679999Z,13.875982,-89.750041,7.006,1.4035,MLc,0.324,130,12,0.0396,0.0224,
eslv20267q6nu2a2,ohdd2026s2cmfisq,hypodd,ohyp2026j4ggkymj,2024-12-15T07:26:02.830000Z,13.872795,-89.504574,0.513,1.3105,MLc,0.225,303,7,0.0274,0.0669,
eslv2026pzehkg4r,ohdd2026jduaebz2,hypodd,ohyp2026swu27gwj,2024-12-15T07:49:20.949999Z,13.875728,-89.804248,4.052,1.9903,MLc,0.292,118,19,0.0241,0.0295,
eslv2026yan6lrgn,ohdd20264zupta4e,hypodd,ohyp2026b3schjzn,2024-12-15T09:31:59.259999Z,13.878442,-89.769425,5.286,1.0966,MLc,0.202,122,10,0.0347,0.0227,
eslv2026zxnmsfcg,ohdd2026weip4jx4,hypodd,ohyp2026trq2u4l2,2024-12-15T09:37:31.579999Z,13.877871,-89.770671,5.228,1.3905,MLc,0.225,123,12,0.0349,0.0248,
eslv2026kldnog5d,ohdd2026djyvcynj,hypodd,ohyp2026ncxhti7r,2024-12-16T03:41:11.359999Z,14.062502,-89.848145,9.662,1.944,MLc,0.218,164,14,0.0459,0.0319,
eslv2026icudwuqc,ohdd2026l4px2ufb,hypodd,ohyp20266ji53efq,2024-12-16T04:08:19.730000Z,14.08996,-89.758057,14.296,0.7303,MLc,0.103,214,6,0.1992,0.0912,
eslv20267qjq52v2,ohdd2026ffc7ijej,hypodd,ohyp2026k7i467j6,2024-12-16T04:52:33.049999Z,14.055184,-89.859937,9.376,1.0786,MLc,0.19,185,9,0.0164,0.0127,
eslv2026loakpte5,ohdd2026dwysuzai,hypodd,ohyp2026hji56wgq,2024-12-16T17:20:21.899999Z,14.081314,-89.824829,8.392,1.5396,MLc,0.264,200,9,0.0496,0.047,
eslv2026wxhph2z2,ohdd2026vhyrg2ov,hypodd,ohyp2026h63jbzjx,2024-12-17T02:42:34.140000Z,14.083722,-89.821232,8.61,1.7655,MLc,0.286,198,10,0.0396,0.0241,
eslv2026zy3bmh55,ohdd202643eonqep,hypodd,ohyp20267jcjqqfl,2024-12-17T02:44:24.600000Z,14.060747,-89.844507,9.424,1.2103,MLc,0.276,198,7,0.0165,0.0162,
eslv20266lwo5wdl,ohdd20265ej4lwqk,hypodd,ohyp2026q3acwwnt,2024-12-17T20:56:26.879999Z,13.893948,-89.749561,3.964,0.4048,MLc,0.185,158,6,0.0301,0.0338,
eslv20263qutwnnp,ohdd2026thoynrjc,hypodd,ohyp2026klpmi5qj,2024-12-18T11:08:39.759999Z,14.054459,-89.860718,9.323,1.3715,MLc,0.168,199,9,0.0242,0.0151,
eslv2026ejjeicc2,ohdd2026hcybr3kb,hypodd,ohyp2026v55hqgs2,2024-12-18T16:10:53.490000Z,13.922134,-89.888599,13.252,0.2402,MLc,0.125,212,6,0.0271,0.031,
eslv2026qedxuica,ohdd2026g2u3dofp,hypodd,ohyp2026okypsb54,2024-12-19T02:01:31.160000Z,13.924927,-89.670093,0.493,0.2838,MLc,0.454,181,6,1.1273,1.9455,
eslv20266dqml65c,ohdd2026whvh546k,hypodd,ohyp2026y7wmv2b5,2024-12-20T06:46:07.839999Z,13.859293,-89.708577,7.528,2.0765,MLc,0.196,92,19,0.0307,0.0188,
eslv2026dszgytxe,ohdd2026nre3pvyf,hypodd,ohyp2026fhit6yrt,2024-12-20T06:48:53.700000Z,13.859984,-89.708317,7.437,1.6335,MLc,0.2,139,19,0.0309,0.0161,
eslv2026zwds45ck,ohdd20267ty4cclj,hypodd,ohyp2026pfjybehi,2024-12-20T16:47:54.079999Z,13.95613,-89.834831,15.47,1.605,MLc,0.134,158,8,0.0402,0.026,
eslv2026oemhsq2a,ohdd2026g26ax5w2,hypodd,ohyp2026zp4ey6ju,2024-12-21T15:19:22.760000Z,13.897623,-89.746281,11.456,1.5548,MLc,0.19,132,9,0.0349,0.0289,
eslv2026naanahte,ohdd2026rbvmyf53,hypodd,ohyp2026ssmsl3zp,2024-12-21T15:36:07.519999Z,13.826359,-89.708146,7.004,1.2129,MLc,0.17,150,6,0.02,0.0238,
eslv2026dcivzq3w,ohdd2026cwejoagj,hypodd,ohyp2026py7wwl2v,2024-12-22T03:45:21.289999Z,13.773177,-89.423486,13.24,1.2127,MLc,0.325,147,10,0.5914,0.3801,
eslv2026jbflu6vy,ohdd2026ohp6mc6a,hypodd,ohyp2026l6vbgno2,2024-12-22T17:33:56.280000Z,13.900288,-89.687695,7.718,1.5512,MLc,0.179,118,13,0.0357,0.034,
eslv2026saj235rf,ohdd2026y3uheoop,hypodd,ohyp2026fqb7agwf,2024-12-23T04:56:03.020000Z,13.908787,-89.783276,1.448,0.5962,MLc,0.041,297,7,0.0333,0.0296,
eslv2026umybvry6,ohdd2026hsfc5rik,hypodd,ohyp2026dzlt3kcn,2024-12-25T07:22:25.550000Z,13.919159,-89.723901,4.275,1.2307,MLc,0.253,175,6,0.043,0.0612,
eslv2026l7w3j7fn,ohdd2026hdhz2xna,hypodd,ohyp2026nkeuhiho,2024-12-25T07:22:30.879999Z,13.893224,-89.748258,8.351,1.0073,MLc,0.167,144,9,0.0307,0.0236,
eslv20266gp4ymu4,ohdd2026dbfoegtp,hypodd,ohyp2026cwxhxjvd,2024-12-25T08:04:40.509999Z,13.83109,-89.816951,1.101,1.2621,MLc,0.289,156,14,0.0398,0.0936,
eslv2026uki47jaz,ohdd2026xbt224qe,hypodd,ohyp2026q5ovrota,2024-12-25T08:06:25.519999Z,13.913671,-89.727799,5.099,1.0972,MLc,0.146,167,7,0.0408,0.0487,
eslv2026jo5qrtyn,ohdd2026vlevy7bb,hypodd,ohyp2026deop3wms,2024-12-27T19:23:29.640000Z,13.850314,-89.668245,0.509,1.1057,MLc,0.324,183,6,0.498,0.6512,
eslv2026tr3tmw6n,ohdd2026ddorql5r,hypodd,ohyp2026i3h5il6e,2024-12-28T06:46:57.689999Z,13.871287,-89.760783,4.989,1.133,MLc,0.354,166,10,0.0322,0.0341,
eslv2026kainttxh,ohdd20263w6b7cey,hypodd,ohyp2026vfjirny6,2024-12-30T02:46:05.639999Z,13.860588,-89.707406,7.779,1.6569,MLc,0.12,120,12,0.0322,0.0217,
eslv2026rm6lkgcn,ohdd2026uomaskct,hypodd,ohyp2026wvmxnawa,2024-12-30T05:17:25.309999Z,13.944443,-89.715218,9.795,0.9034,MLc,0.072,176,9,0.0151,0.0171,
eslv2026vjczkgy4,ohdd2026jpmlvqo4,hypodd,ohyp2026hbwi7usu,2024-12-30T06:01:49.259999Z,13.916214,-89.706405,8.972,1.4141,MLc,0.152,148,14,0.0317,0.0303,
eslv2026sl2nw7dz,ohdd2026ej4tvd7k,hypodd,ohyp20266s3lzoqf,2024-12-31T09:31:54.380000Z,13.946232,-89.783057,12.712,1.6077,MLc,0.113,149,6,0.0809,0.0878,
eslv2026ykmnkl3e,ohdd2026aknfnm6l,hypodd,ohyp2026fkwl2h6k,2025-01-01T20:09:27.339999Z,13.887292,-89.795736,2.174,1.284,MLc,0.234,155,11,0.0293,0.0207,
eslv20266izsy5z3,ohdd20262s23unkb,hypodd,ohyp20265fztpkog,2025-01-01T20:10:30.039999Z,13.888673,-89.793701,1.703,2.8836,MLc,0.22,145,16,0.0201,0.0212,
eslv2026czbrgkjf,ohdd2026n2lazsxw,hypodd,ohyp20264rgscgsr,2025-01-01T20:12:40.380000Z,13.876915,-89.804606,4.079,1.9102,MLc,0.261,123,16,0.0241,0.0236,
eslv2026xgi2w5xj,ohdd2026jrylcgym,hypodd,ohyp2026ar2ypsjf,2025-01-02T17:58:20.539999Z,14.012927,-89.908008,2.776,0.5167,MLc,0.079,252,6,0.0256,0.0358,
eslv2026t5xddbij,ohdd2026trmlbpo7,hypodd,ohyp20263o5egskx,2025-01-03T21:35:58.679999Z,13.904515,-89.599748,0.624,1.6356,MLc,0.194,140,6,3.8074,4.3695,
eslv2026mkuor6z2,ohdd20263whgmpn7,hypodd,ohyp2026o7j3dg5s,2025-01-05T22:07:58.119999Z,13.83724,-89.427547,12.442,2.5658,MLc,0.372,215,11,0.4335,0.7251,
eslv2026elv4bfab,ohdd2026o6tnlfmz,hypodd,ohyp2026ro7ppx6b,2025-01-05T23:30:55.060000Z,13.850477,-89.748714,4.694,1.1751,MLc,0.292,226,6,0.0344,0.0443,
eslv2026pqx2qkqr,ohdd2026m63kzszu,hypodd,ohyp2026hd4yiesv,2025-01-06T06:20:33.750000Z,13.763693,-89.610815,6.588,1.3583,MLc,0.035,175,8,0.0004,0.0003,
eslv2026ldr5qvri,ohdd20265e53pvbx,hypodd,ohyp2026byjpwxbf,2025-01-07T21:45:09.279999Z,13.768434,-89.711377,0.353,1.2298,MLc,0.369,180,6,0.0758,0.159,
eslv2026sixpu7cn,ohdd2026olulc5al,hypodd,ohyp2026juelgb7r,2025-01-10T01:10:37.100000Z,13.820566,-89.610848,1.55,1.1367,MLc,0.442,184,6,2.0153,3.2804,
eslv2026dicbvbuh,ohdd2026saughhay,hypodd,ohyp2026vtsiubgw,2025-01-10T03:30:03.189999Z,13.767809,-89.605688,7.911,1.1108,MLc,0.035,187,7,0.0004,0.0003,
eslv2026wsyevrjw,ohdd2026zd7tc5il,hypodd,ohyp2026pwpt6gx7,2025-01-10T06:44:45.369999Z,13.86425,-89.706771,7.941,0.6696,MLc,0.192,152,6,0.0345,0.0285,
eslv2026avytv2ms,ohdd2026aq5x3yd4,hypodd,ohyp202657ax6scs,2025-01-10T10:40:47.579999Z,13.868891,-89.815405,2.04,1.8962,MLc,0.243,264,6,0.0236,0.0382,
eslv202656mkii7w,ohdd2026moipdnap,hypodd,ohyp2026hnx4z3br,2025-01-11T04:27:27.399999Z,13.9561,-89.840723,5.846,1.5365,MLc,0.173,225,7,0.0329,0.0411,
eslv2026f6ay5uh6,ohdd2026ak3nllfz,hypodd,ohyp2026uiyzv6qy,2025-01-11T04:34:14.119999Z,13.957685,-89.836198,5.173,1.9171,MLc,0.19,217,10,0.0289,0.0359,
eslv2026r47c24hc,ohdd2026xgn7ti2r,hypodd,ohyp20265lvxazrp,2025-01-11T04:34:45.649999Z,13.949511,-89.844971,6.659,1.7125,MLc,0.194,212,9,0.0359,0.0363,
eslv2026365qh6lm,ohdd2026guppx3tq,hypodd,ohyp20264ri6cizr,2025-01-11T05:19:03.069999Z,13.952672,-89.852319,3.911,1.0857,MLc,0.176,221,6,0.0218,0.0228,
eslv2026uxtctvf4,ohdd2026z2uapo4f,hypodd,ohyp2026pmrfdo2d,2025-01-11T08:04:54.280000Z,13.954967,-89.843473,4.815,1.2747,MLc,0.209,212,9,0.0261,0.0204,
eslv2026zv3ferpp,ohdd2026dosizk7w,hypodd,ohyp20267bjwdsqb,2025-01-11T08:23:25.000000Z,13.95623,-89.839673,5.567,1.3007,MLc,0.166,224,7,0.024,0.0329,
eslv2026prvohru4,ohdd20262oqmekci,hypodd,ohyp2026plqwwnrx,2025-01-11T08:33:29.629999Z,13.954384,-89.839844,6.167,1.007,MLc,0.221,222,6,0.0261,0.033,
eslv2026g2dd4jnz,ohdd2026vzyx7c4i,hypodd,ohyp20266hl7sruq,2025-01-11T09:02:13.320000Z,13.960424,-89.823153,8.699,1.6234,MLc,0.213,213,8,0.0374,0.0429,
eslv2026kctp42wr,ohdd2026cfxhknnr,hypodd,ohyp2026ldlpsmce,2025-01-12T09:16:20.929999Z,13.876325,-89.754574,5.075,1.7444,MLc,0.169,146,10,0.0366,0.029,
eslv2026xmim3d4m,ohdd20267jxtvcic,hypodd,ohyp2026jedgs3tm,2025-01-13T04:47:22.660000Z,13.859822,-89.709644,7.556,1.4323,MLc,0.131,139,10,0.0316,0.0198,
eslv2026naarvqcv,ohdd2026dmqx6tfl,hypodd,ohyp2026osfpyjo5,2025-01-13T04:52:42.640000Z,13.958996,-89.84314,4.871,0.9936,MLc,0.232,213,7,0.0429,0.0305,
eslv2026ru3hs544,ohdd2026i252roe5,hypodd,ohyp2026iequpu2r,2025-01-13T05:03:21.339999Z,13.859588,-89.711287,7.846,1.1787,MLc,0.186,156,8,0.0313,0.0217,
eslv2026eqy27nrg,ohdd2026fi4zrq54,hypodd,ohyp2026q4aggvrc,2025-01-13T06:27:28.480000Z,13.861286,-89.708358,7.47,0.9854,MLc,0.173,142,10,0.0312,0.0218,
eslv2026avbrn3o6,ohdd2026mpy5hfgf,hypodd,ohyp2026h337usn2,2025-01-13T07:38:28.109999Z,13.859628,-89.709953,7.108,1.0478,MLc,0.175,139,10,0.0299,0.0295,
eslv20265jfldhl5,ohdd2026jnh7pziy,hypodd,ohyp2026o4x7x4cn,2025-01-13T11:42:47.000000Z,13.94645,-89.858472,4.738,1.521,MLc,0.237,241,7,0.0291,0.0664,
eslv2026ll7t3jtk,ohdd2026aeitqflg,hypodd,ohyp2026ogfuvezb,2025-01-16T11:46:55.420000Z,13.766639,-89.697412,0.155,0.8831,MLc,0.482,190,6,0.0294,0.0643,
eslv2026nwtisbge,ohdd20262rten6na,hypodd,ohyp2026ilx7fzw7,2025-01-17T01:48:21.239999Z,13.831429,-89.773926,6.051,1.3053,MLc,0.152,210,6,0.0241,0.0282,
eslv2026inbpzqwk,ohdd2026vj5fd2a4,hypodd,ohyp2026ttmw54io,2025-01-17T23:52:35.060000Z,13.944759,-89.960726,11.17,1.4621,MLc,0.283,267,6,0.1047,0.1469,
eslv20267jbdnfaw,ohdd20264ve2cfgq,hypodd,ohyp2026tprmymvi,2025-01-18T18:41:14.640000Z,13.884534,-89.737337,8.211,3.3428,MLc,0.124,141,17,0.0228,0.0196,
eslv2026helgsotr,ohdd2026es6o3q5n,hypodd,ohyp202624oncduu,2025-01-18T18:46:17.079999Z,13.88425,-89.732397,7.263,1.3519,MLc,0.138,142,11,0.0261,0.0403,
eslv2026prnemcyu,ohdd2026n5dm3h6v,hypodd,ohyp2026dw2afyxj,2025-01-18T18:47:34.960000Z,13.88507,-89.736092,8.018,1.6514,MLc,0.133,143,11,0.0202,0.0196,
eslv2026eqvcsqqe,ohdd2026jq5gdwc5,hypodd,ohyp2026edvqobsf,2025-01-18T18:48:29.480000Z,13.883969,-89.737166,7.711,1.7115,MLc,0.173,155,12,0.0278,0.0421,
eslv2026usv7s6dt,ohdd2026x2xlrxmd,hypodd,ohyp2026ty7crvzn,2025-01-18T18:49:39.179999Z,13.88497,-89.735026,8.497,1.5254,MLc,0.143,142,11,0.021,0.0235,
eslv20263uoliqeo,ohdd2026zuzn33in,hypodd,ohyp2026xhayed7z,2025-01-18T18:51:16.480000Z,13.88618,-89.735685,7.969,1.0141,MLc,0.168,164,6,0.0258,0.0248,
eslv2026hleg4hje,ohdd2026nk4mnbkv,hypodd,ohyp2026ctmo2thb,2025-01-18T18:55:20.199999Z,13.883827,-89.734342,7.899,1.3307,MLc,0.128,149,9,0.021,0.0168,
eslv2026ptjlygbo,ohdd2026pofenozn,hypodd,ohyp2026mjmvzxfw,2025-01-18T18:59:39.740000Z,13.889068,-89.733586,7.862,1.599,MLc,0.147,148,10,0.0268,0.0212,
eslv2026lr3iptwx,ohdd202676wnwxcr,hypodd,ohyp2026a23gmpnd,2025-01-18T19:00:32.039999Z,13.887196,-89.726066,6.891,1.1455,MLc,0.233,111,9,0.0525,0.0692,
eslv2026ddnfgomg,ohdd2026bt74dve6,hypodd,ohyp2026hv4yctwl,2025-01-18T19:02:36.799999Z,13.883941,-89.735661,8.095,1.6195,MLc,0.125,141,14,0.0236,0.0253,
eslv202676ypjy5q,ohdd2026l7wahffh,hypodd,ohyp2026w5wj2yrx,2025-01-18T19:10:26.300000Z,13.885313,-89.737476,8.06,1.0918,MLc,0.133,157,8,0.0165,0.0204,
eslv20264ggzlohs,ohdd2026a7u7cjbl,hypodd,ohyp2026jjrb2fym,2025-01-18T19:10:57.600000Z,13.884641,-89.736247,8.35,1.7939,MLc,0.099,145,13,0.0221,0.0186,
eslv2026zbyqb2qi,ohdd2026czg2gt4h,hypodd,ohyp2026ad2hlhzm,2025-01-18T19:13:50.719999Z,13.885086,-89.737093,7.979,1.0695,MLc,0.142,161,9,0.0195,0.0198,
eslv2026uxzravmg,ohdd2026ug7nd33b,hypodd,ohyp2026scauywnw,2025-01-18T19:21:29.160000Z,13.886539,-89.731624,6.46,1.4959,MLc,0.177,136,11,0.0236,0.027,
eslv20267lmr5d6m,ohdd2026p24pvgb3,hypodd,ohyp2026b47wvc22,2025-01-18T19:54:48.399999Z,13.885633,-89.736304,7.947,1.063,MLc,0.145,166,7,0.0181,0.021,
eslv2026sauovao4,ohdd2026gl7ankdi,hypodd,ohyp2026v6p6tv6f,2025-01-18T20:07:03.480000Z,13.884753,-89.735197,8.161,1.6897,MLc,0.111,145,12,0.0221,0.0211,
eslv202653s2weng,ohdd2026d466fnvj,hypodd,ohyp20266jrl2sal,2025-01-18T20:08:40.039999Z,13.884302,-89.732642,6.332,1.1016,MLc,0.109,175,7,0.0259,0.0268,
eslv2026kg23gfym,ohdd2026wt2osqdy,hypodd,ohyp2026ewemmlji,2025-01-18T20:10:09.900000Z,13.892927,-89.724585,6.426,1.4212,MLc,0.363,225,6,0.0445,0.0544,
eslv2026tvqexsqg,ohdd20262oekwr6t,hypodd,ohyp2026ji7kb7fq,2025-01-18T20:12:49.240000Z,13.88479,-89.736157,7.935,1.9263,MLc,0.121,147,14,0.0197,0.019,
eslv2026bfnf5yzc,ohdd2026jgv7uxu2,hypodd,ohyp2026mdk7wgxe,2025-01-18T20:18:46.679999Z,13.87114,-89.741195,8.144,1.4691,MLc,0.181,176,7,0.0372,0.033,
eslv2026mgtoyd6z,ohdd20263jrj4t4y,hypodd,ohyp20265tjugjtz,2025-01-18T20:20:52.240000Z,13.88593,-89.733813,7.46,1.3389,MLc,0.137,153,10,0.0145,0.0186,
eslv2026ynzfavgw,ohdd2026u34otaj5,hypodd,ohyp2026giorbl4d,2025-01-18T20:24:35.200000Z,13.884933,-89.731616,8.2,1.0333,MLc,0.198,163,7,0.0215,0.022,
eslv2026paigtjsc,ohdd2026aggh7sr2,hypodd,ohyp2026ddnbetsk,2025-01-18T20:37:27.079999Z,13.883802,-89.735685,7.742,1.5614,MLc,0.113,143,10,0.0211,0.0184,
eslv2026wum2vval,ohdd2026k3hcxl3i,hypodd,ohyp2026s4i5wsfx,2025-01-18T20:40:18.039999Z,13.905737,-89.727091,6.115,0.9563,MLc,0.177,193,6,0.0188,0.0255,
eslv20267mxamifu,ohdd2026cnjw7qmo,hypodd,ohyp2026ldznscbl,2025-01-18T20:42:06.200000Z,13.884467,-89.736076,6.826,1.3525,MLc,0.156,139,9,0.0181,0.0181,
eslv2026hnkjkwmw,ohdd2026j6uv6emv,hypodd,ohyp2026cztgt7rt,2025-01-18T20:42:41.000000Z,13.886105,-89.73492,6.591,1.5256,MLc,0.218,146,13,0.0201,0.0219,
eslv2026sdaz7chg,ohdd20264q4qrawt,hypodd,ohyp2026pv3s5qsp,2025-01-18T20:44:17.239999Z,13.884459,-89.73457,7.945,1.2279,MLc,0.126,154,13,0.0176,0.027,
eslv2026sf6qyzk4,ohdd2026cqgdtfii,hypodd,ohyp20262rstjfqg,2025-01-18T20:59:12.480000Z,13.885743,-89.735254,8.12,1.3633,MLc,0.113,143,13,0.0237,0.0222,
eslv2026jnududbl,ohdd2026yd7an44s,hypodd,ohyp2026dlj4vk3q,2025-01-18T21:01:23.519999Z,13.884659,-89.736182,7.901,2.2029,MLc,0.129,142,14,0.0201,0.0196,
eslv2026gqorjuhj,ohdd20263vvurzvl,hypodd,ohyp2026kzut7hkn,2025-01-18T21:14:08.080000Z,13.770492,-89.70485,1.714,0.9707,MLc,0.365,196,7,0.1067,0.1293,
eslv2026ylwhxxnh,ohdd2026hmwdhmxk,hypodd,ohyp20263kt525s6,2025-01-18T21:16:09.660000Z,13.885175,-89.734375,7.038,1.2973,MLc,0.14,138,13,0.0166,0.0197,
eslv20263gjsnjhf,ohdd2026gey4fats,hypodd,ohyp2026elhkucrm,2025-01-18T21:35:47.479999Z,13.883656,-89.736434,8.413,1.3532,MLc,0.165,148,10,0.0219,0.0202,
eslv2026356m5suc,ohdd20262gf7vgt6,hypodd,ohyp2026qft5togp,2025-01-18T21:41:30.780000Z,13.885486,-89.735018,7.857,1.5342,MLc,0.115,150,11,0.0169,0.0233,
eslv2026vegfc34n,ohdd2026ckj6wgep,hypodd,ohyp2026hyaatdu6,2025-01-18T22:07:03.439999Z,13.840299,-89.751799,5.979,0.7147,MLc,0.095,181,6,0.0271,0.042,
eslv202662if6kge,ohdd2026wvfdqdcn,hypodd,ohyp2026rcknm2m4,2025-01-18T22:08:27.300000Z,13.87607,-89.734871,4.859,0.9782,MLc,0.245,165,6,0.0312,0.0299,
eslv2026z72a3fua,ohdd2026ziaio725,hypodd,ohyp2026ndr3auhj,2025-01-18T22:14:21.579999Z,13.884686,-89.736833,7.632,1.5153,MLc,0.141,148,12,0.019,0.0228,
eslv2026auppzatv,ohdd2026j57gkg3m,hypodd,ohyp20266hblh6d7,2025-01-18T22:14:47.960000Z,13.874149,-89.728247,1.881,1.0798,MLc,0.118,162,9,0.0538,0.1016,
eslv2026kzzrvopa,ohdd2026pmpxgisf,hypodd,ohyp20266b2hgsu4,2025-01-18T23:40:48.759999Z,13.924328,-89.715405,5.03,0.9543,MLc,0.139,215,6,0.0321,0.0331,
eslv20262xukkijr,ohdd2026nfoecagc,hypodd,ohyp2026ti7zdxvg,2025-01-19T00:00:40.560000Z,13.88395,-89.736646,8.441,1.5222,MLc,0.109,142,13,0.0213,0.0207,
eslv2026zexjfivg,ohdd20264x5wsof5,hypodd,ohyp2026lksuhmsh,2025-01-19T00:35:26.739999Z,13.885105,-89.738981,8.19,1.4916,MLc,0.156,147,11,0.025,0.0244,
eslv2026ok4lc6ph,ohdd2026lv4hu5v4,hypodd,ohyp2026eefuxxfx,2025-01-19T00:40:14.779999Z,13.884441,-89.735946,8.013,0.732,MLc,0.114,156,7,0.0253,0.0187,
eslv20266vfppkhd,ohdd2026utupqlgz,hypodd,ohyp2026rnrhmzyq,2025-01-19T01:26:31.000000Z,13.829105,-89.773145,4.88,1.2519,MLc,0.164,231,8,0.0394,0.0269,
eslv2026d6tqugx2,ohdd2026bs7wsfai,hypodd,ohyp2026ti5sz4lb,2025-01-19T02:11:08.949999Z,13.883056,-89.73125,6.194,0.7376,MLc,0.118,175,7,0.0224,0.0327,
eslv2026t7mjbd2d,ohdd2026l4ql537i,hypodd,ohyp2026t2vgojfy,2025-01-19T02:28:04.849999Z,13.862901,-89.734106,3.828,1.3851,MLc,0.11,149,10,0.019,0.039,
eslv2026shtpu5qy,ohdd2026sdicwlbo,hypodd,ohyp2026isefxrds,2025-01-19T02:33:03.180000Z,13.889043,-89.734237,7.829,0.7534,MLc,0.184,165,7,0.0249,0.0209,
eslv2026tzq5bjja,ohdd2026sxlcvigo,hypodd,ohyp20263pymgdi6,2025-01-19T04:56:07.750000Z,13.906381,-89.696395,7.815,0.9413,MLc,0.145,163,8,0.034,0.0374,
eslv20266lrxyoh3,ohdd2026czhxen32,hypodd,ohyp2026un4piihx,2025-01-19T11:15:31.199999Z,13.881619,-89.730916,7.535,0.6752,MLc,0.371,218,7,0.0346,0.0326,
eslv2026bukuzinq,ohdd2026zqx3wsxb,hypodd,ohyp20262oeoj24e,2025-01-19T13:46:48.310000Z,13.890803,-89.709188,7.898,0.7733,MLc,0.247,217,8,0.0499,0.0537,
eslv20267r5ffsaq,ohdd2026yhpcarjc,hypodd,ohyp2026vsfadc2v,2025-01-19T18:42:26.320000Z,13.878852,-89.787948,8.824,1.0583,MLc,0.127,263,10,0.0735,0.0484,
eslv20263qjxxglh,ohdd2026jg72iqnn,hypodd,ohyp2026bfjjmhs7,2025-01-20T12:12:58.299999Z,13.906516,-89.718075,7.265,1.2588,MLc,0.141,161,6,0.054,0.0527,
eslv2026mbkzrdvj,ohdd20263dnn7cxp,hypodd,ohyp202653tapfsq,2025-01-20T14:54:15.449999Z,13.831537,-89.769588,5.154,1.5243,MLc,0.131,205,13,0.0114,0.0301,
eslv20265gnm5wxd,ohdd2026csxans7f,hypodd,ohyp2026ygvzdnzr,2025-01-20T18:43:09.740000Z,13.884965,-89.734985,8.245,1.3512,MLc,0.135,144,13,0.0206,0.0211,
eslv2026jjywdeba,ohdd2026j4iwvb24,hypodd,ohyp2026e75taujn,2025-01-21T14:36:51.840000Z,13.883922,-89.801335,2.833,1.9908,MLc,0.355,275,10,0.0237,0.0338,
eslv2026bfrhllb6,ohdd20263dysvped,hypodd,ohyp2026bm3nanf7,2025-01-21T14:37:56.079999Z,13.876165,-89.804264,2.362,2.3713,MLc,0.234,264,13,0.0187,0.0174,
eslv2026yzac3xxa,ohdd20267l5nrdi5,hypodd,ohyp2026avxjr3uc,2025-01-22T01:46:32.810000Z,13.903399,-89.41259,9.134,1.5423,MLc,0.191,236,15,0.2924,0.4077,
eslv20264awtbppv,ohdd2026q6sjealx,hypodd,ohyp2026jzladpos,2025-01-23T05:52:33.740000Z,13.961956,-89.745418,6.449,0.2797,MLc,0.134,248,6,0.0207,0.0302,
eslv20263cy6msa4,ohdd2026osd6yf6o,hypodd,ohyp2026txwegfpr,2025-01-24T04:42:41.549999Z,13.883351,-89.776489,5.44,1.069,MLc,0.341,216,6,0.0359,0.0261,
eslv20263elissbt,ohdd2026teqklcc6,hypodd,ohyp20267f7j6l6b,2025-01-24T04:53:13.359999Z,13.87967,-89.752661,4.92,1.3097,MLc,0.222,175,10,0.0318,0.0452,
eslv2026h5vxgejf,ohdd2026li4b3npw,hypodd,ohyp2026vxw7ks6i,2025-01-24T12:41:40.329999Z,13.884937,-89.736108,8.246,2.0386,MLc,0.158,86,18,0.0227,0.0229,
eslv2026djvvedgw,ohdd20265lcpqg4v,hypodd,ohyp20262euywzq3,2025-01-24T20:40:26.579999Z,13.823166,-89.745158,2.859,1.1316,MLc,0.271,222,6,0.0091,0.0177,
eslv2026q4myqeiw,ohdd2026zopjwcll,hypodd,ohyp2026eenbj3re,2025-01-27T01:34:02.009999Z,13.894293,-89.690592,7.623,1.2153,MLc,0.042,318,7,0.0321,0.0394,
eslv2026gmrt6qwn,ohdd2026yturtrjf,hypodd,ohyp2026qapdhfhk,2025-01-28T21:23:11.599999Z,13.902367,-89.735742,6.947,0.0578,MLc,0.168,271,6,0.0577,0.0442,
eslv2026u35g3pc5,ohdd20265fkqcy64,hypodd,ohyp20262attthsp,2025-01-29T08:08:14.699999Z,13.853642,-89.740283,6.125,1.479,MLc,0.162,177,12,0.0247,0.0287,
eslv2026ufwu3qmj,ohdd20266r6vtuee,hypodd,ohyp2026gjxzuaio,2025-01-29T14:15:13.119999Z,13.89847,-89.733862,5.686,1.0102,MLc,0.176,153,8,0.0214,0.0327,
eslv2026tlkyzr5p,ohdd2026rlu6np66,hypodd,ohyp20262jycodwd,2025-01-29T14:24:46.759999Z,13.843456,-89.743221,5.574,1.1668,MLc,0.159,166,8,0.0418,0.0565,
eslv2026a7vjvby5,ohdd2026cg3fhzwn,hypodd,ohyp2026jypr724p,2025-01-31T08:05:57.159999Z,13.84454,-89.627035,0.515,0.9923,MLc,0.224,271,6,0.2522,0.2136,
eslv2026yfqfalbt,ohdd2026ypotymxk,hypodd,ohyp2026frgjn5it,2025-01-31T17:57:36.439999Z,14.010211,-89.790658,7.82,1.553,MLc,0.229,143,9,0.0284,0.036,
eslv2026rkqhjzbb,ohdd2026tnaygqab,hypodd,ohyp2026ai6cbrbc,2025-01-31T19:01:46.579999Z,14.009289,-89.791862,4.682,,,0.408,144,6,0.0615,0.0516,
eslv2026ngv4wjb7,ohdd20262biniygq,hypodd,ohyp20265pjuqzum,2025-02-01T12:09:11.160000Z,13.89641,-89.408203,10.942,1.8395,MLc,0.168,236,18,0.1879,0.2716,
eslv2026zibenp5p,ohdd2026zkyhezma,hypodd,ohyp2026m2cklwo7,2025-02-02T00:16:53.390000Z,13.889343,-89.753434,7.219,1.4931,MLc,0.295,152,6,0.0471,0.0342,
eslv20266qxcr4sk,ohdd2026avtkizga,hypodd,ohyp2026rhsga2ar,2025-02-02T00:19:41.399999Z,13.925405,-89.74589,12.961,1.4659,MLc,0.132,149,7,0.0054,0.0079,
eslv2026cil763v6,ohdd2026habxmzdv,hypodd,ohyp2026fcsep3gm,2025-02-02T00:21:35.780000Z,13.8941,-89.734115,6.04,1.3787,MLc,0.106,130,10,0.0223,0.0245,
eslv2026gukqdx4e,ohdd2026t3us4xw5,hypodd,ohyp2026nfqsy5kw,2025-02-02T00:25:40.060000Z,13.893269,-89.73562,6.221,1.332,MLc,0.132,123,11,0.0221,0.033,
eslv2026qdabyzfd,ohdd20264qbvaszz,hypodd,ohyp2026wkrwx7b2,2025-02-02T00:37:18.739999Z,13.893772,-89.739063,6.666,1.2262,MLc,0.169,124,8,0.0221,0.0244,
eslv2026es47njoq,ohdd2026cosfazfk,hypodd,ohyp2026e4vpes6r,2025-02-02T00:37:39.689999Z,13.889181,-89.737207,6.351,1.6131,MLc,0.134,128,12,0.0162,0.0217,
eslv20265nsfuqqg,ohdd2026pkrat4ac,hypodd,ohyp2026fe6awgdn,2025-02-02T00:39:07.719999Z,13.889098,-89.737305,6.483,1.6254,MLc,0.106,129,14,0.016,0.0188,
eslv20262fpntjbq,ohdd2026hmm72mkm,hypodd,ohyp20266hkqfeuu,2025-02-02T00:39:49.020000Z,13.889016,-89.736157,6.284,1.7672,MLc,0.107,129,11,0.0172,0.0207,
eslv2026ldycrxo7,ohdd2026lifvizji,hypodd,ohyp2026e7zcsf5m,2025-02-02T00:39:57.750000Z,13.8927,-89.737679,6.361,1.8876,MLc,0.25,120,12,0.0217,0.033,
eslv2026poitt55q,ohdd2026nw5m2r23,hypodd,ohyp2026hlm33sdz,2025-02-02T00:41:53.179999Z,13.890965,-89.7396,7.032,,,0.108,124,10,0.0182,0.0246,
eslv2026rypv4io4,ohdd2026vqhlg7rr,hypodd,ohyp2026yvkcow6y,2025-02-02T00:42:46.079999Z,13.889148,-89.737931,6.461,1.6028,MLc,0.102,128,14,0.0155,0.0195,
eslv2026aefiwbht,ohdd2026niuibx7j,hypodd,ohyp2026djg2743p,2025-02-02T00:43:14.980000Z,13.889582,-89.739722,6.482,1.4239,MLc,0.144,131,10,0.0181,0.0244,
eslv2026bsmeq4km,ohdd2026h542ojgb,hypodd,ohyp20266eownx2o,2025-02-02T00:46:07.960000Z,13.889902,-89.739754,7.008,1.3688,MLc,0.128,129,12,0.017,0.02,
eslv2026iu72fe4k,ohdd2026jp36lqhw,hypodd,ohyp2026eh3e3uqf,2025-02-02T00:46:40.479999Z,13.891329,-89.732926,5.22,1.511,MLc,0.149,133,9,0.0234,0.0346,
eslv2026u2e25lsy,ohdd2026mosc5lgu,hypodd,ohyp2026zqonretl,2025-02-02T00:46:56.350000Z,13.890074,-89.738078,6.422,1.9602,MLc,0.112,128,15,0.0146,0.0205,
eslv2026qrxakjen,ohdd2026v35c3gaj,hypodd,ohyp2026pa76xjif,2025-02-02T00:47:23.230000Z,13.921065,-89.722762,7.84,2.049,MLc,0.115,140,14,0.0253,0.0224,
eslv2026u3zzlmoh,ohdd2026tl4oyyp2,hypodd,ohyp2026d3emjvsi,2025-02-02T00:48:25.890000Z,13.89405,-89.737004,6.284,1.5742,MLc,0.19,131,7,0.0277,0.0271,
eslv2026xjchxdhr,ohdd2026hpng4pst,hypodd,ohyp2026w6tu5fcb,2025-02-02T00:50:47.770000Z,13.895675,-89.731901,5.863,2.0782,MLc,0.13,149,7,0.0322,0.0339,
eslv2026hij66qnf,ohdd2026vvht7nel,hypodd,ohyp2026xfuwe5g3,2025-02-02T00:51:04.629999Z,13.890134,-89.741488,7.202,2.1053,MLc,0.139,136,10,0.0197,0.0195,
eslv2026azhytkst,ohdd20267zij7xae,hypodd,ohyp2026ynbajerw,2025-02-02T00:51:34.789999Z,13.891575,-89.737565,6.375,1.8276,MLc,0.105,127,11,0.0151,0.0229,
eslv2026ihe2plgb,ohdd20265kzegqi7,hypodd,ohyp20263txupzut,2025-02-02T00:52:16.980000Z,13.874997,-89.748804,11.676,2.3315,MLc,0.077,127,11,0.0323,0.0243,
eslv20263ap3zcvo,ohdd2026ywsvrlhi,hypodd,ohyp2026hmhzb2ng,2025-02-02T00:52:41.000000Z,13.891143,-89.739046,6.489,1.8773,MLc,0.117,126,11,0.0159,0.0262,
eslv2026ssaykb5z,ohdd2026sjnlvp7w,hypodd,ohyp2026bc7igbwm,2025-02-02T00:53:12.259999Z,13.890484,-89.737549,6.8,3.132,MLc,0.159,125,18,0.0215,0.028,
eslv2026sov5ow54,ohdd20267qupchew,hypodd,ohyp2026gfbv6kfy,2025-02-02T00:53:37.479999Z,13.891395,-89.736287,6.444,2.6767,MLc,0.162,136,12,0.0198,0.0259,
eslv20266qs3ztz6,ohdd202676pcfw5e,hypodd,ohyp2026ay6egnqo,2025-02-02T00:53:49.289999Z,13.88757,-89.746379,8.129,1.9681,MLc,0.133,163,7,0.0427,0.0437,
eslv2026ljksqq6n,ohdd2026uq7mgind,hypodd,ohyp2026gcvbhtvv,2025-02-02T00:55:17.820000Z,13.890793,-89.738713,6.269,2.4907,MLc,0.104,124,12,0.0168,0.0224,
eslv2026m37bnp3v,ohdd20264rcifdqx,hypodd,ohyp2026tzsgx4un,2025-02-02T00:57:11.320000Z,13.889289,-89.737476,6.46,2.5238,MLc,0.081,130,16,0.0149,0.0187,
eslv2026zxfndjfo,ohdd2026kmxgqf5y,hypodd,ohyp2026ikzfbcgw,2025-02-02T00:58:21.170000Z,13.891348,-89.738818,6.419,1.0203,MLc,0.118,158,8,0.0211,0.0189,
eslv2026bjxzxast,ohdd2026mesnkimn,hypodd,ohyp20267hyofiii,2025-02-02T00:59:23.320000Z,13.924365,-89.766219,7.363,1.2275,MLc,0.157,239,7,0.0251,0.0301,
eslv2026ztnebequ,ohdd20265jktu7z3,hypodd,ohyp20262rgvnrjq,2025-02-02T00:59:51.060000Z,13.889906,-89.738883,6.642,1.7581,MLc,0.11,129,9,0.0194,0.0203,
eslv2026li4ht5kg,ohdd2026kgwnhhfb,hypodd,ohyp20263rzr2pcs,2025-02-02T01:00:54.350000Z,13.885138,-89.732039,5.703,1.3724,MLc,0.176,130,7,0.0262,0.0322,
eslv2026n7ncotkh,ohdd2026lvieagkc,hypodd,ohyp2026v53ffrvf,2025-02-02T01:01:39.750000Z,13.892459,-89.74034,7.338,1.2915,MLc,0.142,149,7,0.024,0.0357,
eslv2026xiidjki2,ohdd2026iqjfdrt4,hypodd,ohyp2026yawtss7f,2025-02-02T01:01:59.820000Z,13.888758,-89.73772,6.59,1.9446,MLc,0.088,128,15,0.0187,0.0204,
eslv2026bgxratp6,ohdd2026ampz53jh,hypodd,ohyp20267smt4e3b,2025-02-02T01:02:25.980000Z,13.889058,-89.737329,6.568,2.4177,MLc,0.08,130,14,0.0156,0.019,
eslv2026p7evex2l,ohdd20265yknq7iw,hypodd,ohyp2026g5vojxrq,2025-02-02T01:04:01.500000Z,13.852936,-89.791423,11.275,2.0366,MLc,0.127,283,6,0.0297,0.0258,
eslv2026oyfzmcqw,ohdd2026olhq2q5l,hypodd,ohyp20265qujzio4,2025-02-02T01:04:14.310000Z,13.890508,-89.738338,6.427,1.3347,MLc,0.275,132,12,0.0165,0.02,
eslv20265oqh4mel,ohdd2026lx5atfk4,hypodd,ohyp2026mgmhdwzp,2025-02-02T01:05:11.949999Z,13.889846,-89.736898,6.046,2.6397,MLc,0.125,120,16,0.0208,0.0308,
eslv2026ydpb6c5c,ohdd2026kzxz7mzw,hypodd,ohyp2026qriqntan,2025-02-02T01:05:32.100000Z,13.884799,-89.749756,5.992,1.8891,MLc,0.271,158,11,0.0283,0.0361,
eslv2026jhk2w4pe,ohdd2026t5yh64v2,hypodd,ohyp2026nsjahyh5,2025-02-02T01:06:31.609999Z,13.888711,-89.738729,6.757,1.2994,MLc,0.101,130,11,0.0179,0.0225,
eslv2026cfi7izcd,ohdd2026qdrvufy3,hypodd,ohyp2026jwuq2kaz,2025-02-02T01:07:08.599999Z,13.888463,-89.738753,6.737,1.3605,MLc,0.107,128,15,0.0173,0.0231,
eslv2026wcipqbrp,ohdd2026dhlzs5tm,hypodd,ohyp20263l7u6moj,2025-02-02T01:07:52.530000Z,13.885448,-89.733846,6.276,1.8458,MLc,0.178,123,14,0.0162,0.0327,
eslv2026ehiv3rzf,ohdd2026lxticjpq,hypodd,ohyp2026oibro2bw,2025-02-02T01:09:31.010000Z,13.888106,-89.739412,6.802,1.6999,MLc,0.097,127,15,0.0185,0.0178,
eslv2026iuy5je3g,ohdd2026qceyihg6,hypodd,ohyp2026dgtqxmkg,2025-02-02T01:09:56.350000Z,13.89039,-89.737199,5.992,1.5311,MLc,0.119,121,8,0.0187,0.0256,
eslv2026ptazgj65,ohdd20267rx4axjq,hypodd,ohyp2026b5ah3ukt,2025-02-02T01:11:27.800000Z,13.903243,-89.740373,9.719,1.4268,MLc,0.28,124,8,0.0612,0.056,
eslv2026qe5l3aj5,ohdd2026tpzqjnv5,hypodd,ohyp2026qxukzxri,2025-02-02T01:11:42.490000Z,13.899621,-89.756136,20.08,1.8465,MLc,0.136,132,11,0.0439,0.0331,
eslv2026grsnkgjj,ohdd2026mf66kehv,hypodd,ohyp20267n3o472t,2025-02-02T01:12:36.590000Z,13.89135,-89.738403,6.092,1.8064,MLc,0.094,123,14,0.0144,0.0236,
eslv2026c7vww52g,ohdd2026n4ilcz2a,hypodd,ohyp20264v62mfle,2025-02-02T01:14:02.940000Z,13.889396,-89.736751,6.173,1.4036,MLc,0.197,117,13,0.0161,0.023,
eslv2026qkd3zlzn,ohdd20266a5ncukf,hypodd,ohyp20264mjmowgd,2025-02-02T01:15:33.750000Z,13.88928,-89.738696,6.572,2.5191,MLc,0.095,132,16,0.0149,0.0191,
eslv2026nvayaq37,ohdd20267c2uv73e,hypodd,ohyp2026g4epj5bf,2025-02-02T01:17:23.309999Z,13.890228,-89.737256,6.388,1.4229,MLc,0.088,128,12,0.0163,0.0209,
eslv2026q5beywq2,ohdd2026xem4vzf2,hypodd,ohyp20263xizlcws,2025-02-02T01:17:50.799999Z,13.888622,-89.738379,6.716,1.3679,MLc,0.102,133,8,0.0177,0.0147,
eslv2026d46b74tx,ohdd2026y5pbu7hk,hypodd,ohyp2026m3fxxntp,2025-02-02T01:18:38.460000Z,13.892785,-89.737533,6.078,1.3384,MLc,0.136,122,11,0.0181,0.0283,
eslv2026pqnaau5k,ohdd2026iiu7cgkf,hypodd,ohyp2026nsietfbp,2025-02-02T01:19:09.240000Z,13.889287,-89.736491,6.328,1.9172,MLc,0.131,131,14,0.0161,0.0231,
eslv2026wpfewbeb,ohdd20265x7rytp5,hypodd,ohyp20265erm77sj,2025-02-02T01:20:57.000000Z,13.889096,-89.739071,6.781,1.8773,MLc,0.101,128,14,0.0168,0.0227,
eslv20264dkvw5z7,ohdd2026isus5qci,hypodd,ohyp2026gcecoleq,2025-02-02T01:21:36.299999Z,13.890045,-89.73916,6.538,1.6549,MLc,0.109,135,15,0.0163,0.0188,
eslv202664ntf5vu,ohdd20263qqtdtjf,hypodd,ohyp2026nzh2k3aa,2025-02-02T01:21:50.859999Z,13.890544,-89.7389,6.969,2.3288,MLc,0.1,122,9,0.017,0.0259,
eslv2026vqydk7lm,ohdd2026mo7v7a4h,hypodd,ohyp2026nfgqcj7z,2025-02-02T01:22:18.480000Z,13.890655,-89.738607,6.186,1.4874,MLc,0.146,141,12,0.0243,0.0265,
eslv2026rihhjbm7,ohdd2026cmhikvm2,hypodd,ohyp2026elqvtshq,2025-02-02T01:25:49.210000Z,13.889812,-89.739412,6.497,1.3666,MLc,0.121,117,9,0.0264,0.0241,
eslv202652kl2eku,ohdd2026fkucrcdm,hypodd,ohyp2026c6vn5a4g,2025-02-02T01:27:31.649999Z,13.890766,-89.737809,6.115,1.6101,MLc,0.123,119,12,0.0153,0.0242,
eslv2026ogumpo4k,ohdd2026nvhpjyml,hypodd,ohyp2026ib7vaqzi,2025-02-02T01:27:50.979999Z,13.891062,-89.740771,6.573,1.7943,MLc,0.126,149,7,0.0239,0.0202,
eslv2026vgzpxiub,ohdd2026zxyuc7f5,hypodd,ohyp2026tbvossh3,2025-02-02T01:28:18.850000Z,13.889161,-89.738289,6.365,1.2892,MLc,0.094,123,12,0.0144,0.0173,
eslv20267nql4bk6,ohdd20263adbze3o,hypodd,ohyp2026b6x6yadk,2025-02-02T01:30:20.089999Z,13.889591,-89.741162,6.906,1.6555,MLc,0.146,129,14,0.018,0.0182,
eslv2026qutx3lqe,ohdd2026fm3kaz4k,hypodd,ohyp2026vt5s44ok,2025-02-02T01:31:22.350000Z,13.890959,-89.739242,6.335,2.0846,MLc,0.088,123,14,0.0155,0.0236,
eslv2026oaxwfnpb,ohdd2026fek6qy4o,hypodd,ohyp2026nwbhbm2b,2025-02-02T01:32:44.450000Z,13.890163,-89.744141,7.175,1.0385,MLc,0.146,120,12,0.0242,0.019,
eslv2026kw6qjryy,ohdd2026xru3m3og,hypodd,ohyp2026spze67p3,2025-02-02T01:34:03.640000Z,13.898726,-89.738721,6.426,1.4964,MLc,0.175,160,6,0.022,0.0295,
eslv2026ohxndlsc,ohdd2026wzrugjbr,hypodd,ohyp2026ca5uckzq,2025-02-02T01:35:22.320000Z,13.889295,-89.741951,6.945,1.9413,MLc,0.14,130,15,0.0193,0.0173,
eslv2026ducnxw45,ohdd2026jzvwopjd,hypodd,ohyp2026v7vfnuq5,2025-02-02T01:36:32.630000Z,13.89096,-89.737085,6.035,1.81,MLc,0.109,125,14,0.0155,0.023,
eslv2026sosd3mli,ohdd2026gxlv6mfj,hypodd,ohyp2026l6cbtjub,2025-02-02T01:38:10.849999Z,13.891481,-89.737354,6.227,2.4824,MLc,0.125,113,16,0.0189,0.0263,
eslv2026qrsphrlb,ohdd20263chi3e6l,hypodd,ohyp2026wel46wec,2025-02-02T01:38:36.280000Z,13.829702,-89.706592,12.072,1.5652,MLc,0.001,158,7,0.0398,0.0328,
eslv2026tetgpqpv,ohdd2026o4mk7vua,hypodd,ohyp2026mbdkqtbf,2025-02-02T01:39:35.750000Z,13.923126,-89.756543,5.769,1.1409,MLc,0.258,126,7,0.0234,0.0317,
eslv2026amutc4pt,ohdd2026llklhr26,hypodd,ohyp2026fibqrcfo,2025-02-02T01:40:06.019999Z,13.924981,-89.717228,4.466,1.1597,MLc,0.166,150,7,0.0291,0.0291,
eslv2026d4hysire,ohdd2026xbnvni7h,hypodd,ohyp2026rvhr2h2t,2025-02-02T01:44:13.830000Z,13.891241,-89.738729,6.41,1.6096,MLc,0.107,122,10,0.0147,0.0247,
eslv202677dat225,ohdd2026flhxiatq,hypodd,ohyp2026ea4clmhd,2025-02-02T01:53:52.460000Z,13.89068,-89.74104,6.845,1.1712,MLc,0.119,135,12,0.0211,0.0243,
eslv20266gy4eluz,ohdd20263w6w5yyv,hypodd,ohyp2026n3gqiwjw,2025-02-02T01:56:22.539999Z,13.893946,-89.736458,5.884,1.2213,MLc,0.133,146,7,0.0179,0.0271,
eslv2026eehce6bk,ohdd2026c2ync6tv,hypodd,ohyp2026mkthqp7z,2025-02-02T02:02:18.789999Z,13.929535,-89.733618,6.932,1.1513,MLc,0.098,153,7,0.0198,0.0268,
eslv2026yhmeaohx,ohdd20263cxvnozp,hypodd,ohyp2026wjoce5us,2025-02-02T02:03:50.240000Z,13.887106,-89.749333,6.547,1.1961,MLc,0.186,163,13,0.0395,0.0343,
eslv2026ytcw5rfo,ohdd2026p2kc3evb,hypodd,ohyp2026iyanwkhx,2025-02-02T02:06:14.900000Z,13.894533,-89.737492,5.848,1.5242,MLc,0.106,239,7,0.0187,0.031,
eslv2026vuwxf4tu,ohdd2026yuiwvraa,hypodd,ohyp2026nc325vug,2025-02-02T02:07:16.469999Z,13.915173,-89.725244,5.253,1.5404,MLc,0.197,131,7,0.0233,0.0345,
eslv2026qktzihqw,ohdd2026ici6pv5m,hypodd,ohyp20266ray3wvu,2025-02-02T02:07:55.140000Z,13.891908,-89.737524,6.038,2.2219,MLc,0.095,120,15,0.0145,0.0258,
eslv2026lgmu7hpb,ohdd20263xh37heh,hypodd,ohyp2026jxoevkg2,2025-02-02T02:09:10.070000Z,13.893113,-89.737622,5.941,1.663,MLc,0.114,119,12,0.0149,0.0278,
eslv2026ue67izh6,ohdd2026yhwkhkck,hypodd,ohyp2026nn2dqqyc,2025-02-02T02:10:23.899999Z,13.8928,-89.737354,6.521,1.0228,MLc,0.146,120,10,0.0195,0.028,
eslv2026eqkculg2,ohdd2026g3sy7wme,hypodd,ohyp2026cnzawg2d,2025-02-02T02:21:21.600000Z,13.886606,-89.73151,5.829,1.0948,MLc,0.149,131,8,0.0241,0.0286,
eslv2026n7znvo24,ohdd2026druxtzeh,hypodd,ohyp2026ffw62knb,2025-02-02T02:25:46.539999Z,13.907661,-89.740788,4.692,1.0741,MLc,0.22,88,11,0.0264,0.0232,
eslv2026zjbgezc4,ohdd2026dqbonyli,hypodd,ohyp2026xyqvbizq,2025-02-02T02:28:17.660000Z,13.914366,-89.746981,4.053,1.0138,MLc,0.171,142,7,0.0287,0.0256,
eslv2026243js2go,ohdd2026cop4xb7v,hypodd,ohyp2026fw646qzd,2025-02-02T02:35:27.989999Z,13.891224,-89.737663,6.106,,,0.11,117,10,0.0143,0.0245,
eslv2026eqazmfys,ohdd20267mb7oki7,hypodd,ohyp2026xsbj64iq,2025-02-02T02:37:29.850000Z,13.888345,-89.734676,6.074,1.1867,MLc,0.091,131,10,0.0182,0.0295,
eslv2026lrhoyaty,ohdd2026iqmhfi26,hypodd,ohyp2026aussllwl,2025-02-02T02:41:49.659999Z,13.888547,-89.735295,6.531,2.7114,MLc,0.121,123,16,0.019,0.0235,
eslv2026ymtymtxi,ohdd2026wy7hr3eh,hypodd,ohyp2026n7mknqtc,2025-02-02T02:42:07.519999Z,13.889642,-89.737069,6.671,2.0261,MLc,0.128,127,8,0.0191,0.0199,
eslv2026jq2spgrc,ohdd2026idcgxyjc,hypodd,ohyp2026j7aliogu,2025-02-02T02:42:18.100000Z,13.891557,-89.724902,6.227,1.7563,MLc,0.152,146,7,0.0318,0.0396,
eslv2026pdls4zwq,ohdd2026ypwxzawr,hypodd,ohyp20265keg4pal,2025-02-02T02:44:08.050000Z,13.888852,-89.736019,6.402,1.5971,MLc,0.097,128,14,0.0197,0.0271,
eslv2026odwejs35,ohdd20263mjcd6y4,hypodd,ohyp2026erw475qa,2025-02-02T02:44:25.600000Z,13.885219,-89.735669,7.335,1.8905,MLc,0.201,138,15,0.0194,0.0297,
eslv20263qdmxftj,ohdd2026tcsn5rdc,hypodd,ohyp2026sy5zfznb,2025-02-02T02:45:14.160000Z,13.889168,-89.736434,6.294,1.301,MLc,0.088,129,9,0.0164,0.0198,
eslv2026cyodzxi6,ohdd2026huvtm3g4,hypodd,ohyp20264ag76kjy,2025-02-02T02:45:31.600000Z,13.890711,-89.742098,7.346,1.3886,MLc,0.12,141,9,0.0192,0.0197,
eslv2026yde6xfyh,ohdd20264imzgg3d,hypodd,ohyp2026lpdiuz55,2025-02-02T02:46:34.390000Z,13.888701,-89.737207,6.53,1.2009,MLc,0.104,129,10,0.016,0.0194,
eslv2026mamhhztk,ohdd20263v55wg77,hypodd,ohyp2026ktu3or2y,2025-02-02T02:47:48.649999Z,13.890236,-89.736743,6.109,1.3252,MLc,0.097,130,13,0.0164,0.0237,
eslv2026xvzt7di4,ohdd20265k6s72r5,hypodd,ohyp2026x3znhlnm,2025-02-02T02:50:42.950000Z,13.890921,-89.737622,5.924,1.5031,MLc,0.122,118,15,0.015,0.0276,
eslv2026d7rwtae7,ohdd20263nyeq3ev,hypodd,ohyp20266zqyeqho,2025-02-02T02:51:31.510000Z,13.907424,-89.742057,4.914,1.027,MLc,0.161,225,6,0.0279,0.0214,
eslv2026puyo4w3o,ohdd2026tb4o76wn,hypodd,ohyp2026uxv5xcop,2025-02-02T02:51:48.189999Z,13.876167,-89.757772,7.145,1.2226,MLc,0.142,146,7,0.036,0.0477,
eslv2026xgkzvpkk,ohdd2026bflktxwm,hypodd,ohyp20267vnfmoof,2025-02-02T02:52:15.890000Z,13.889737,-89.732935,5.733,1.1971,MLc,0.135,136,7,0.0232,0.0329,
eslv2026orqivfnk,ohdd2026vb5za53q,hypodd,ohyp20262bflevqa,2025-02-02T02:53:31.480000Z,13.889931,-89.738005,6.39,1.8292,MLc,0.081,129,9,0.0142,0.0214,
eslv2026wfdzqrs3,ohdd2026ebqpelt2,hypodd,ohyp2026a3ffstqa,2025-02-02T02:56:26.289999Z,13.890609,-89.73855,6.355,1.615,MLc,0.172,124,15,0.0161,0.0199,
eslv2026gfurq2gh,ohdd20262wc5hfb5,hypodd,ohyp2026byb4m5le,2025-02-02T02:56:55.979999Z,13.889497,-89.739193,6.77,1.3825,MLc,0.112,132,14,0.0187,0.0231,
eslv2026t7g3uwv3,ohdd20264sp2xsys,hypodd,ohyp2026wfskisy5,2025-02-02T02:59:24.300000Z,13.891263,-89.739071,6.705,1.1133,MLc,0.167,156,7,0.0216,0.0277,
eslv2026iyrwcyx4,ohdd2026uaqkev6f,hypodd,ohyp2026cnp4jp7e,2025-02-02T03:02:46.369999Z,13.890555,-89.738501,6.363,1.4798,MLc,0.102,132,15,0.0155,0.0214,
eslv2026jhhmm5ng,ohdd2026lumlsayg,hypodd,ohyp2026ckcjnrrz,2025-02-02T03:03:55.270000Z,13.941192,-89.71189,0.488,0.9812,MLc,0.277,259,6,0.6871,1.0183,
eslv20267zfoqrm3,ohdd2026cl2tohnd,hypodd,ohyp2026chztp34r,2025-02-02T03:10:34.079999Z,13.888999,-89.731657,6.67,1.0647,MLc,0.142,147,7,0.0249,0.0244,
eslv2026voboluim,ohdd2026yzdxc3iv,hypodd,ohyp2026x4cz2ye3,2025-02-02T03:12:36.179999Z,13.933479,-89.715454,3.402,0.9297,MLc,0.237,110,9,0.0229,0.0311,
eslv2026hx5pvmzh,ohdd2026oso7zqal,hypodd,ohyp2026j24xcc5s,2025-02-02T03:13:44.579999Z,13.886148,-89.741536,6.309,0.7509,MLc,0.133,118,9,0.0197,0.025,
eslv2026c76oy6zu,ohdd20265woq4x7h,hypodd,ohyp2026hsyqsqdb,2025-02-02T03:15:07.599999Z,13.888889,-89.738753,6.671,1.1914,MLc,0.104,134,12,0.0166,0.0241,
eslv2026h4sh2p7t,ohdd2026em33w77d,hypodd,ohyp2026ng2rsfoi,2025-02-02T03:17:45.479999Z,13.893845,-89.737012,5.836,1.1969,MLc,0.15,137,9,0.0204,0.0289,
eslv202663u7yabq,ohdd2026ge7abde6,hypodd,ohyp2026mign2crh,2025-02-02T03:28:45.740000Z,13.889083,-89.736654,6.722,1.5077,MLc,0.091,128,15,0.0153,0.0192,
eslv2026qogtjrek,ohdd2026y4q4rgjn,hypodd,ohyp2026crbo5gee,2025-02-02T03:37:27.719999Z,13.891177,-89.738818,6.407,1.377,MLc,0.087,126,11,0.0177,0.0304,
eslv2026tk4vzpvz,ohdd20262e7zmjqj,hypodd,ohyp2026ukocbsnj,2025-02-02T03:45:38.119999Z,13.891653,-89.737484,6.516,1.1266,MLc,0.139,122,8,0.0171,0.0288,
eslv202656srchz2,ohdd20267n4jsfb5,hypodd,ohyp2026424ko45q,2025-02-02T03:52:18.420000Z,13.892166,-89.737793,5.719,1.0418,MLc,0.157,111,8,0.014,0.0288,
eslv20262bxq4e3t,ohdd2026g673ps2u,hypodd,ohyp20266ihnkhxn,2025-02-02T03:52:32.090000Z,13.888182,-89.737679,6.6,1.1696,MLc,0.099,127,13,0.0168,0.0224,
eslv20265ppdrgrl,ohdd20267xeqcpe5,hypodd,ohyp2026u6rpl3zg,2025-02-02T03:52:56.280000Z,13.892339,-89.734074,4.835,1.0744,MLc,0.147,119,7,0.018,0.0327,
eslv20263orq5l54,ohdd2026arrl5mfk,hypodd,ohyp2026hzwgz2ex,2025-02-02T03:55:37.289999Z,13.889385,-89.741951,6.869,1.3465,MLc,0.147,147,10,0.0183,0.0205,
eslv2026vaci4mra,ohdd2026prrmwcv2,hypodd,ohyp20266577mkkt,2025-02-02T03:58:06.269999Z,13.888418,-89.7389,6.607,1.7931,MLc,0.118,127,16,0.0165,0.023,
eslv2026kmmhr77e,ohdd20263r3jouuo,hypodd,ohyp2026wyl5q7ih,2025-02-02T04:01:13.650000Z,13.888385,-89.737614,6.516,1.112,MLc,0.098,125,10,0.0176,0.0176,
eslv2026f4pvdeoo,ohdd2026gks44wg3,hypodd,ohyp2026pd3wi5l4,2025-02-02T04:03:20.239999Z,13.890155,-89.738322,6.631,1.0068,MLc,0.076,131,12,0.0176,0.0205,
eslv2026ejudb3qx,ohdd2026lebwq26q,hypodd,ohyp2026o3dqjup3,2025-02-02T04:14:27.440000Z,13.888491,-89.738664,6.751,1.7778,MLc,0.104,126,16,0.0175,0.0196,
eslv2026yi4mj5v4,ohdd2026bgyab7vs,hypodd,ohyp20263wp7vj2v,2025-02-02T04:41:38.909999Z,13.882906,-89.731055,6.709,0.8983,MLc,0.165,154,6,0.023,0.0245,
eslv2026depwk6pq,ohdd2026cjmqtxpv,hypodd,ohyp2026jx2dnetw,2025-02-02T04:46:57.890000Z,13.88871,-89.739022,6.373,0.9571,MLc,0.147,119,8,0.0162,0.0188,
eslv2026qa6mdhh4,ohdd2026a3yjoest,hypodd,ohyp2026uzu34ln7,2025-02-02T04:47:23.780000Z,13.89281,-89.735767,6.43,1.0475,MLc,0.124,123,10,0.0151,0.025,
eslv2026smh4tphy,ohdd2026pjxpkm3l,hypodd,ohyp2026trz2fllv,2025-02-02T04:48:01.159999Z,13.885929,-89.754085,8.267,1.1814,MLc,0.156,162,8,0.0324,0.0325,
eslv2026xszaf2mp,ohdd2026qsemu5gh,hypodd,ohyp2026zqwqowwq,2025-02-02T04:48:28.730000Z,13.888439,-89.738029,6.709,1.9083,MLc,0.105,131,16,0.0168,0.0205,
eslv20267hafeags,ohdd20266nei2z34,hypodd,ohyp20264rmzo2qi,2025-02-02T04:49:35.399999Z,13.903509,-89.724243,11.653,1.2375,MLc,0.104,123,13,0.0248,0.0244,
eslv2026pow5oaej,ohdd2026tgcdalcl,hypodd,ohyp2026d7umqutr,2025-02-02T04:50:12.779999Z,13.908057,-89.698454,3.356,2.335,MLc,0.097,150,7,0.0217,0.0306,
eslv2026qgrj3fax,ohdd20267pr2rlwr,hypodd,ohyp2026syzjfb37,2025-02-02T04:51:02.069999Z,13.889123,-89.738289,6.476,1.4196,MLc,0.167,140,15,0.022,0.0269,
eslv2026t2yluqfx,ohdd20263iro556p,hypodd,ohyp2026kisgg757,2025-02-02T04:59:52.100000Z,13.888497,-89.738232,6.848,1.8892,MLc,0.103,130,15,0.0188,0.0182,
eslv2026jbjteqzp,ohdd2026mvundkbq,hypodd,ohyp2026x5r5wa7c,2025-02-02T05:00:25.820000Z,13.887626,-89.738517,6.78,1.3658,MLc,0.091,128,13,0.0196,0.0184,
eslv2026iuvqdjxf,ohdd2026vf4hxbwm,hypodd,ohyp20267x7ogckt,2025-02-02T05:01:19.850000Z,13.888401,-89.738053,6.683,1.8594,MLc,0.096,127,16,0.0177,0.0192,
eslv2026v5vtazrr,ohdd2026jg2ypnrx,hypodd,ohyp2026xnm6x4dk,2025-02-02T05:07:16.739999Z,13.913751,-89.717643,7.524,0.7183,MLc,0.222,161,6,0.0064,0.0184,
eslv2026wlsu7ig2,ohdd2026qljdx4wl,hypodd,ohyp2026k6kh2pem,2025-02-02T05:09:36.509999Z,13.886936,-89.737378,6.388,0.9855,MLc,0.094,129,10,0.0192,0.0253,
eslv2026lt2t3uov,ohdd2026m4jda2zo,hypodd,ohyp2026maaw7omy,2025-02-02T05:10:41.929999Z,13.8915,-89.742887,7.343,1.1847,MLc,0.153,124,12,0.021,0.0187,
eslv2026hjngk7qu,ohdd2026jc4vjuu5,hypodd,ohyp2026qyalum2e,2025-02-02T05:15:24.199999Z,13.887558,-89.737508,6.794,1.1353,MLc,0.114,127,12,0.018,0.0204,
eslv2026fnp7txge,ohdd2026tclioplq,hypodd,ohyp2026gbekln3z,2025-02-02T05:28:11.400000Z,13.889203,-89.73715,6.977,0.7725,MLc,0.089,125,9,0.0203,0.0251,
eslv2026sloedtyw,ohdd2026nawqrwtc,hypodd,ohyp2026b3z775eo,2025-02-02T05:31:44.670000Z,13.88427,-89.727979,4.91,1.1874,MLc,0.208,130,9,0.0265,0.0323,
eslv2026crpjlvon,ohdd2026auhw3ajz,hypodd,ohyp2026g7fs6hpp,2025-02-02T05:32:38.259999Z,13.890094,-89.739233,6.504,0.9264,MLc,0.093,126,9,0.0179,0.0212,
eslv2026d2saqnfk,ohdd2026ieayu42n,hypodd,ohyp2026kfvwypiw,2025-02-02T05:35:43.679999Z,13.889908,-89.74349,7.36,1.0721,MLc,0.12,138,12,0.0219,0.0219,
eslv2026apo2oqn5,ohdd2026bsqvp5hr,hypodd,ohyp20267c2g3mad,2025-02-02T05:42:40.140000Z,13.887488,-89.736336,6.219,0.9021,MLc,0.085,130,10,0.0202,0.0297,
eslv2026ooeozk7f,ohdd20264kgtua4u,hypodd,ohyp2026g6bioxfk,2025-02-02T05:48:20.350000Z,13.887767,-89.736572,6.49,1.5413,MLc,0.097,130,16,0.0175,0.019,
eslv2026x734x357,ohdd2026vlfxoeit,hypodd,ohyp2026ewsncblp,2025-02-02T05:59:06.160000Z,13.88941,-89.741772,6.834,0.895,MLc,0.113,131,11,0.0179,0.0229,
eslv2026ly43urt5,ohdd20266mvlafmd,hypodd,ohyp2026pvens34p,2025-02-02T05:59:49.130000Z,13.890995,-89.741935,7.083,1.3992,MLc,0.142,125,9,0.0227,0.0213,
eslv2026r5rz35x2,ohdd2026o5ncfngf,hypodd,ohyp2026xdapyyju,2025-02-02T06:01:09.419999Z,13.898566,-89.74266,8.719,0.9321,MLc,0.157,152,6,0.0359,0.0336,
eslv2026ub5eskqz,ohdd2026ipkcmz7e,hypodd,ohyp20264hohskai,2025-02-02T06:01:40.340000Z,13.891122,-89.738477,6.275,0.7849,MLc,0.124,154,12,0.0252,0.028,
eslv2026qku7var7,ohdd2026es2snrcr,hypodd,ohyp2026ml5kywc6,2025-02-02T06:27:47.869999Z,13.890677,-89.736637,6.137,2.8541,MLc,0.119,119,16,0.0159,0.027,
eslv20264o5jzney,ohdd2026j4kuvwqu,hypodd,ohyp2026wfevmkqk,2025-02-02T06:29:24.359999Z,13.892917,-89.736646,6.104,0.9524,MLc,0.104,133,7,0.0163,0.0263,
eslv2026i36eyvia,ohdd2026dkivedw5,hypodd,ohyp2026yob5nqpd,2025-02-02T06:29:51.030000Z,13.889646,-89.737207,6.21,1.1374,MLc,0.176,131,8,0.0177,0.0248,
eslv2026gaaqlael,ohdd2026e6xahrk3,hypodd,ohyp20267zaqvhui,2025-02-02T07:03:53.780000Z,13.892456,-89.736938,6.129,2.5054,MLc,0.159,118,16,0.0165,0.0298,
eslv2026s5i5lk7c,ohdd2026zbei5f2f,hypodd,ohyp2026dsao6jid,2025-02-02T07:15:07.040000Z,13.891532,-89.737297,6.197,1.0524,MLc,0.132,125,11,0.0154,0.0255,
eslv2026wgn6pdpy,ohdd2026wu2hiv5u,hypodd,ohyp20267t7jiykp,2025-02-02T07:15:36.869999Z,13.890211,-89.739583,6.507,0.776,MLc,0.09,127,12,0.0192,0.0209,
eslv2026givwowh2,ohdd2026aa7556iu,hypodd,ohyp2026syqbfyv6,2025-02-02T07:16:17.019999Z,13.86839,-89.713753,10.187,0.8601,MLc,0.081,154,7,0.0306,0.0379,
eslv20265tghsk7w,ohdd2026lkzk4vtg,hypodd,ohyp2026vck4ia3d,2025-02-02T07:17:01.199999Z,13.927988,-89.709587,2.683,0.7729,MLc,0.014,180,6,0.0591,0.0911,
eslv2026xnv6pae5,ohdd2026xzdbqon4,hypodd,ohyp2026wawstuni,2025-02-02T07:19:07.820000Z,13.891776,-89.737297,6.252,1.5408,MLc,0.167,121,16,0.0166,0.0292,
eslv2026cdfub4kz,ohdd2026zib7uqs7,hypodd,ohyp2026e2pjw6lk,2025-02-02T07:19:32.439999Z,13.892632,-89.735978,5.984,1.4907,MLc,0.154,152,8,0.0158,0.031,
eslv20264xm57dxj,ohdd2026w2vj7agm,hypodd,ohyp2026xur7avam,2025-02-02T07:21:56.939999Z,13.890951,-89.739274,6.425,1.0716,MLc,0.121,122,12,0.0156,0.0226,
eslv2026hzf6jv5k,ohdd2026aeqvl4qz,hypodd,ohyp20265jwufcrt,2025-02-02T07:23:09.869999Z,13.894833,-89.737402,5.898,1.1774,MLc,0.126,112,13,0.0181,0.0279,
eslv2026rbaywbue,ohdd2026xrzmeqlw,hypodd,ohyp2026wlhis4ny,2025-02-02T07:46:00.090000Z,13.893904,-89.737183,6.054,0.8968,MLc,0.128,151,8,0.0159,0.0293,
eslv2026rk3icfht,ohdd2026iagmtodt,hypodd,ohyp2026k3qyceei,2025-02-02T07:48:07.549999Z,13.894404,-89.738143,6.124,1.1197,MLc,0.109,113,10,0.0172,0.0297,
eslv2026r7cclbz6,ohdd2026frkif2bj,hypodd,ohyp20262wyggqm4,2025-02-02T07:51:43.299999Z,13.89139,-89.739258,6.264,1.697,MLc,0.104,127,15,0.0158,0.0223,
eslv2026me776wx7,ohdd20267tf2zsd4,hypodd,ohyp2026gxpbkiqs,2025-02-02T08:03:41.909999Z,13.890834,-89.738241,6.384,0.8317,MLc,0.102,126,11,0.0165,0.0241,
eslv2026srlguysi,ohdd2026xdiim2ri,hypodd,ohyp2026ctgtxtsp,2025-02-02T08:22:51.380000Z,13.888818,-89.74139,7.057,0.8687,MLc,0.144,166,10,0.0174,0.0164,
eslv20265j73gygx,ohdd2026ij3qvkjt,hypodd,ohyp2026ojrqo6dh,2025-02-02T08:32:04.139999Z,13.890337,-89.736646,6.1,0.9333,MLc,0.124,132,8,0.0246,0.0211,
eslv2026ksxxmvsr,ohdd2026ioaw7vo6,hypodd,ohyp2026ywogr653,2025-02-02T08:35:32.259999Z,13.89705,-89.738843,6.021,0.7313,MLc,0.146,147,7,0.0237,0.0319,
eslv2026akyt2fje,ohdd202665fuvge2,hypodd,ohyp20262v6ge4pc,2025-02-02T08:53:05.870000Z,13.889412,-89.738534,6.554,1.006,MLc,0.103,129,14,0.0157,0.022,
eslv2026mqmfkbnw,ohdd2026qkjvxe7e,hypodd,ohyp2026dwh6v7h4,2025-02-02T09:13:19.079999Z,13.89383,-89.737427,6.012,1.2715,MLc,0.174,109,13,0.0185,0.0293,
eslv2026xvzsd5h3,ohdd2026v54lgnqz,hypodd,ohyp20267ejf6og3,2025-02-02T09:21:49.689999Z,13.890613,-89.738802,6.457,0.8581,MLc,0.126,128,12,0.0155,0.0217,
eslv202637ulfdjo,ohdd2026yw3llekm,hypodd,ohyp2026ih43zfhh,2025-02-02T09:32:36.820000Z,13.892288,-89.736808,6.047,1.0093,MLc,0.11,118,10,0.0153,0.0281,
eslv2026d6cbhxve,ohdd20267e3hl77r,hypodd,ohyp2026jvg4b7nk,2025-02-02T10:19:09.339999Z,13.929506,-89.770524,3.594,0.8393,MLc,0.115,218,6,0.0362,0.0381,
eslv2026gsaswntm,ohdd20266wqph6we,hypodd,ohyp2026o53dmesr,2025-02-02T10:20:47.130000Z,13.887454,-89.749919,6.268,1.0592,MLc,0.119,149,9,0.025,0.0247,
eslv2026ilecf2tx,ohdd2026vlbd5aqf,hypodd,ohyp2026jzfvc7qp,2025-02-02T10:58:23.829999Z,13.9124,-89.69939,14.962,1.5274,MLc,0.005,180,8,0.0175,0.0097,
eslv2026itqphlrl,ohdd2026zxro7nra,hypodd,ohyp2026xjayw7hz,2025-02-02T23:25:09.679999Z,13.875251,-89.74821,4.267,1.6532,MLc,0.279,199,7,0.0306,0.0314,
eslv20267yz6dmcc,ohdd2026rdyltsqh,hypodd,ohyp20262j4ynlcp,2025-02-02T23:26:30.879999Z,13.881901,-89.766618,5.236,1.1195,MLc,0.196,196,9,0.0379,0.0257,
eslv2026gftpoaub,ohdd2026ko5vc665,hypodd,ohyp20264vp53rpp,2025-02-03T02:35:02.189999Z,13.890005,-89.735824,5.716,1.5368,MLc,0.165,123,13,0.0154,0.0238,
eslv2026madsikwi,ohdd2026smukotvy,hypodd,ohyp2026n5rxqo2c,2025-02-03T02:53:01.260000Z,13.895207,-89.736621,5.98,1.1134,MLc,0.139,144,8,0.0226,0.0325,
eslv2026ftziwvmz,ohdd2026bdgyb5xs,hypodd,ohyp20264fsqrgwd,2025-02-03T04:44:11.900000Z,13.890707,-89.740942,6.771,1.3986,MLc,0.115,127,15,0.0186,0.028,
eslv2026qqhcqk2k,ohdd2026jajrgnx2,hypodd,ohyp2026sd4d4nnt,2025-02-03T08:17:08.419999Z,13.851538,-89.610628,0.458,1.154,MLc,0.303,268,6,0.2408,0.1969,
eslv20266rrvcaht,ohdd20263gu4mn2x,hypodd,ohyp2026ryhltzeo,2025-02-03T11:08:11.349999Z,13.876214,-89.805452,4.002,2.2553,MLc,0.262,201,15,0.0181,0.0227,
eslv2026at6h2svc,ohdd2026uxnilzjg,hypodd,ohyp2026ljr37sup,2025-02-03T11:19:21.160000Z,13.886778,-89.775138,7.337,2.0267,MLc,0.445,198,13,0.0401,0.0438,
eslv2026axetsl3s,ohdd2026ciohgqln,hypodd,ohyp2026tmylrtxd,2025-02-03T11:21:53.789999Z,13.890641,-89.73842,6.328,2.1138,MLc,0.126,119,16,0.0144,0.0204,
eslv2026uccq7nne,ohdd2026sb6frmg5,hypodd,ohyp2026fkommd5j,2025-02-03T11:25:12.050000Z,13.885012,-89.752352,6.026,1.1761,MLc,0.272,165,9,0.0214,0.0241,
eslv20265he2amea,ohdd2026fgaavm5s,hypodd,ohyp2026pbzv4rrb,2025-02-03T12:22:15.619999Z,13.886821,-89.768587,8.449,1.7082,MLc,0.473,199,8,0.0517,0.0466,
eslv2026lzho4y76,ohdd2026i24ksx7g,hypodd,ohyp2026jajbdewc,2025-02-03T12:36:20.489999Z,13.874894,-89.806738,2.086,2.1224,MLc,0.156,207,12,0.0177,0.0231,
eslv2026hfvy62rn,ohdd2026x3in4ku4,hypodd,ohyp2026drkdkohx,2025-02-03T12:39:36.670000Z,13.877829,-89.803735,4.314,2.5569,MLc,0.258,204,13,0.0209,0.0198,
eslv2026pv3bdmxp,ohdd2026xcsnfkk4,hypodd,ohyp20265z44i22b,2025-02-03T16:25:39.170000Z,13.887402,-89.745215,7.375,1.4461,MLc,0.198,138,10,0.0324,0.0311,
eslv2026rmrpkzyk,ohdd2026qdarrygs,hypodd,ohyp2026jz57iz37,2025-02-03T16:38:29.530000Z,13.902823,-89.740169,5.039,1.4054,MLc,0.17,127,7,0.025,0.023,
eslv2026b7sw7m5c,ohdd2026ppuvc5xv,hypodd,ohyp2026u65ei2ix,2025-02-03T18:22:29.480000Z,13.891643,-89.737126,6.125,2.0368,MLc,0.123,120,15,0.0148,0.0263,
eslv20263f7zqtu3,ohdd2026q2iy2ohi,hypodd,ohyp20262kkg3v6u,2025-02-03T18:24:00.880000Z,13.891635,-89.736963,6.067,1.8733,MLc,0.073,120,12,0.014,0.0227,
eslv2026lq6j6773,ohdd20263nq5nqib,hypodd,ohyp2026kxvrkeup,2025-02-03T20:25:42.359999Z,13.87514,-89.806527,2.55,2.3214,MLc,0.25,205,15,0.0209,0.0294,
eslv2026uibgzfqp,ohdd2026vnjcb3pw,hypodd,ohyp2026v63wes6u,2025-02-03T20:33:49.500000Z,13.876333,-89.805387,4.078,3.4257,MLc,0.279,191,14,0.0255,0.0395,
eslv2026eu3icijc,ohdd2026rzg6k3xd,hypodd,ohyp2026czwvdm6l,2025-02-03T20:35:45.320000Z,13.877111,-89.805363,4.101,2.7082,MLc,0.291,196,14,0.0255,0.0261,
eslv20265banf2nq,ohdd2026wx3c3s62,hypodd,ohyp2026yrn32f62,2025-02-03T20:40:16.879999Z,13.901939,-89.755566,12.36,2.137,MLc,0.25,211,11,0.0162,0.0278,
eslv2026r22gt7wt,ohdd20264j2om2yk,hypodd,ohyp2026td5vaomp,2025-02-03T21:17:25.760000Z,13.894962,-89.783732,3.027,1.5992,MLc,0.258,227,7,0.0384,0.0368,
eslv2026rms4ynof,ohdd2026nvujbe24,hypodd,ohyp2026nggp6opo,2025-02-03T21:23:12.480000Z,13.897213,-89.77605,4.632,1.4195,MLc,0.241,206,9,0.0066,0.0075,
eslv2026xfioriiv,ohdd2026nwmllk5b,hypodd,ohyp2026icb3q4ls,2025-02-03T22:03:23.539999Z,13.882788,-89.783105,9.748,2.1321,MLc,0.28,202,12,0.0469,0.0428,
eslv20263mgnbmvb,ohdd20267ysdphdr,hypodd,ohyp20265vu4lrmn,2025-02-03T22:12:54.979999Z,13.875793,-89.808032,2.031,1.8761,MLc,0.265,208,10,0.0209,0.0336,
eslv2026he4l6obc,ohdd2026qmkw6u4p,hypodd,ohyp2026qwzurh6y,2025-02-03T22:34:48.159999Z,13.874384,-89.80446,3.356,1.7682,MLc,0.402,205,9,0.0274,0.0318,
eslv2026x4kfkidz,ohdd2026yn2vsr7s,hypodd,ohyp2026ntwkxbt2,2025-02-03T22:35:45.479999Z,13.876649,-89.806038,4.047,3.0487,MLc,0.271,194,14,0.0288,0.0354,
eslv2026vmwo37b7,ohdd2026kmncnhtl,hypodd,ohyp2026qh2o25wk,2025-02-03T23:12:25.120000Z,13.943397,-89.757601,14.11,1.74,MLc,0.029,165,6,0.1815,0.1128,
eslv2026pn4jxqpo,ohdd20264o56s4ph,hypodd,ohyp20264zhnsscq,2025-02-04T03:03:03.419999Z,13.894485,-89.736458,5.422,0.7984,MLc,0.194,125,7,0.0248,0.0331,
eslv2026wa2pv3j4,ohdd2026jybsf66w,hypodd,ohyp2026ql4q53yl,2025-02-04T08:29:54.670000Z,13.894,-89.737703,6.101,0.8242,MLc,0.127,152,8,0.019,0.0305,
eslv2026o3spx2m7,ohdd2026srs24dqp,hypodd,ohyp2026z5l4usvw,2025-02-04T09:32:23.850000Z,13.875759,-89.804891,2.471,1.7166,MLc,0.197,205,14,0.0176,0.0224,
eslv2026spqknh34,ohdd2026iquikoap,hypodd,ohyp2026dygeu6u7,2025-02-04T09:51:21.100000Z,13.876752,-89.803621,4.131,2.5313,MLc,0.281,196,16,0.0236,0.0264,
eslv2026nnldk7o3,ohdd2026qr3m25f5,hypodd,ohyp2026xhxuulzu,2025-02-04T09:52:06.669999Z,13.869289,-89.788973,1.859,1.954,MLc,0.036,198,7,0.0378,0.0397,
eslv2026dhow24ob,ohdd2026hg7dp4o3,hypodd,ohyp2026jmdukmx3,2025-02-04T09:59:27.579999Z,13.884354,-89.802303,1.049,1.5427,MLc,0.237,179,8,0.0169,0.0224,
eslv202652v3bayj,ohdd20265kbf3hcr,hypodd,ohyp2026cdpnwx5y,2025-02-04T10:01:12.140000Z,13.875161,-89.802629,3.75,1.3283,MLc,0.255,204,8,0.0225,0.0235,
eslv2026ern4rxb6,ohdd20264yks53oy,hypodd,ohyp2026abs6sbrg,2025-02-04T10:14:14.289999Z,13.877421,-89.778695,4.85,1.9985,MLc,0.257,205,14,0.0435,0.035,
eslv2026g5qswb2q,ohdd2026h2cqadgi,hypodd,ohyp2026va5erlus,2025-02-04T10:14:39.740000Z,13.872971,-89.807251,2.167,1.8152,MLc,0.14,210,6,0.0394,0.0444,
eslv2026c3whhyv5,ohdd2026wphgb33r,hypodd,ohyp2026dql3z2gi,2025-02-04T10:44:41.979999Z,13.876725,-89.806038,4.148,2.5148,MLc,0.288,196,15,0.0177,0.0257,
eslv2026ikzrp3qu,ohdd2026g64fblap,hypodd,ohyp2026migrliud,2025-02-04T10:51:43.899999Z,13.887166,-89.778516,6.526,1.7402,MLc,0.367,201,10,0.0401,0.048,
eslv2026hkemmvv5,ohdd2026wdcwjjzx,hypodd,ohyp20264wmhzcxq,2025-02-04T11:11:05.849999Z,13.87703,-89.80651,4.208,3.3226,MLc,0.272,198,17,0.0182,0.0248,
eslv2026wl7tdlpy,ohdd2026xk3r354w,hypodd,ohyp2026sskr7ndy,2025-02-04T11:13:55.109999Z,13.882389,-89.802035,1.04,1.7377,MLc,0.324,191,7,0.0164,0.0217,
eslv2026yybnk7sp,ohdd2026isop6hca,hypodd,ohyp2026cwh7v7hj,2025-02-04T11:15:43.929999Z,13.874723,-89.786475,4.264,1.8456,MLc,0.261,204,9,0.0413,0.0414,
eslv20262rkjb2fn,ohdd2026olmlm676,hypodd,ohyp20266egwlsv7,2025-02-04T11:25:33.280000Z,13.876746,-89.806291,4.084,2.378,MLc,0.298,203,16,0.0212,0.0257,
eslv2026knkliidd,ohdd20267g2x5vl7,hypodd,ohyp2026cchdvhx4,2025-02-04T11:27:24.519999Z,13.877795,-89.804004,4.231,3.2234,MLc,0.284,200,17,0.0206,0.025,
eslv2026ax3d33dx,ohdd20265z3noo2x,hypodd,ohyp2026w3qfea6a,2025-02-04T11:45:05.839999Z,13.871761,-89.808521,3.382,3.8767,MLc,0.18,205,18,0.0197,0.0207,
eslv2026fdjhftry,ohdd20262xh2yrtf,hypodd,ohyp2026xrwlscjs,2025-02-04T11:49:18.660000Z,13.874882,-89.809782,2.246,3.192,MLc,0.257,208,11,0.0219,0.038,
eslv2026ktnntqzj,ohdd20262oklfpjh,hypodd,ohyp2026skgqooad,2025-02-04T11:52:54.969999Z,13.876129,-89.815698,2.508,1.8892,MLc,0.337,217,12,0.028,0.0395,
eslv2026xftbwysj,ohdd2026ehchk2id,hypodd,ohyp2026a2ezjwgw,2025-02-04T11:54:09.269999Z,13.873521,-89.807544,2.094,2.1925,MLc,0.239,211,14,0.0176,0.0232,
eslv2026fzbe2kl6,ohdd2026qvhd4xhw,hypodd,ohyp2026rofxe7wq,2025-02-04T11:59:37.149999Z,13.873099,-89.808179,2.713,2.0342,MLc,0.233,207,13,0.0194,0.0215,
eslv2026zfsr4cv5,ohdd2026o4z3egud,hypodd,ohyp2026cvgfbrhl,2025-02-04T12:25:53.030000Z,13.877631,-89.757096,5.026,1.9587,MLc,0.162,188,8,0.0344,0.0271,
eslv2026weh2e4su,ohdd202634e52gqd,hypodd,ohyp2026efvu4mmk,2025-02-04T12:29:14.789999Z,13.877315,-89.756665,4.953,2.3279,MLc,0.113,179,14,0.0218,0.021,
eslv20266yb2s2yf,ohdd20267pnr26se,hypodd,ohyp20264kpgjijh,2025-02-04T12:33:20.640000Z,13.876094,-89.756291,5.049,1.773,MLc,0.108,180,11,0.0257,0.0301,
eslv20267acfgfml,ohdd2026bklssxf6,hypodd,ohyp20263bsdrypl,2025-02-04T12:37:12.289999Z,13.876509,-89.756942,5.164,2.2987,MLc,0.116,168,14,0.0201,0.0262,
eslv20264k4uhpmx,ohdd2026g27jo26r,hypodd,ohyp2026edofj3zt,2025-02-04T12:37:37.780000Z,13.877127,-89.757568,5.092,2.2912,MLc,0.143,176,16,0.0172,0.024,
eslv2026fbemokug,ohdd2026jla6r5v4,hypodd,ohyp2026cvs4cz43,2025-02-04T12:39:13.339999Z,13.876549,-89.755249,4.855,1.9197,MLc,0.119,172,11,0.0243,0.0194,
eslv2026liheuepv,ohdd2026fempjfq5,hypodd,ohyp20263trymk6b,2025-02-04T12:41:38.079999Z,13.875629,-89.758504,5.073,1.7844,MLc,0.145,172,13,0.0213,0.0274,
eslv2026co5vjgkq,ohdd2026nbnbv4d6,hypodd,ohyp2026a7qhuhlj,2025-02-04T12:42:51.539999Z,13.876835,-89.756079,4.727,1.8394,MLc,0.144,177,15,0.0222,0.0188,
eslv2026f5znkgmt,ohdd20266xf5nwy7,hypodd,ohyp2026altwbuuj,2025-02-04T12:43:21.469999Z,13.876982,-89.758333,5.665,2.4164,MLc,0.141,168,16,0.0207,0.0379,
eslv20264puh52fl,ohdd2026qlq7v3wy,hypodd,ohyp20263pcgikkw,2025-02-04T12:44:52.909999Z,13.87039,-89.76224,6.453,1.6642,MLc,0.357,209,6,0.0392,0.0445,
eslv2026mtjwmpar,ohdd2026ukhyjxea,hypodd,ohyp2026epudczle,2025-02-04T12:45:12.769999Z,13.876968,-89.757251,4.891,1.5071,MLc,0.177,166,9,0.0257,0.0216,
eslv2026v5ar53hx,ohdd20264otcwby2,hypodd,ohyp20265gn3tq47,2025-02-04T12:46:01.340000Z,13.865718,-89.766325,4.299,1.1811,MLc,0.286,208,8,0.028,0.0272,
eslv2026ye6g2ulu,ohdd2026vbyzh5bu,hypodd,ohyp2026gxjxfudy,2025-02-04T12:47:26.100000Z,13.877477,-89.756421,5.04,2.4794,MLc,0.12,172,18,0.02,0.0277,
eslv2026wklouqwi,ohdd2026jjulmibi,hypodd,ohyp20266il32z4b,2025-02-04T12:50:22.760000Z,13.877361,-89.756966,5.121,2.2344,MLc,0.125,172,16,0.0229,0.0255,
eslv2026kkfswrba,ohdd2026g67exjcb,hypodd,ohyp2026buukzg5o,2025-02-04T12:51:45.250000Z,13.877349,-89.75529,4.882,1.9195,MLc,0.127,174,13,0.0221,0.0186,
eslv20263rb32itw,ohdd2026hcnmpiyx,hypodd,ohyp2026rpy2hgex,2025-02-04T12:54:24.420000Z,13.877118,-89.756421,4.971,2.7384,MLc,0.12,167,17,0.019,0.0184,
eslv2026ci5ooxyq,ohdd2026tatvmw7o,hypodd,ohyp2026i2ncvi57,2025-02-04T12:55:42.140000Z,13.876994,-89.758252,5.115,1.5527,MLc,0.125,181,8,0.0268,0.0313,
eslv2026sdf4rbff,ohdd2026xekklfwl,hypodd,ohyp2026vi6hhcc3,2025-02-04T12:56:48.920000Z,13.877558,-89.757292,4.937,2.2447,MLc,0.146,184,14,0.0252,0.0218,
eslv2026cvr6g33e,ohdd2026uup2f53p,hypodd,ohyp2026iycpju5w,2025-02-04T12:58:46.090000Z,13.912317,-89.747575,3.2,1.2708,MLc,0.002,169,9,0.123,0.137,
eslv2026r25acw5c,ohdd20265qjfgx6d,hypodd,ohyp20264hvylqyk,2025-02-04T13:04:05.110000Z,13.877233,-89.757381,5.684,2.9576,MLc,0.128,163,18,0.0209,0.0254,
eslv2026yy37un32,ohdd2026yeoq3iw6,hypodd,ohyp20266rsdeprh,2025-02-04T13:06:45.770000Z,13.876596,-89.757495,5.044,1.8938,MLc,0.125,180,13,0.0243,0.0349,
eslv2026bldefxhz,ohdd2026vjepovxb,hypodd,ohyp2026hg6dhmzy,2025-02-04T13:07:33.969999Z,13.886043,-89.724089,9.038,1.466,MLc,0.054,196,8,0.0334,0.0353,
eslv2026ut644owv,ohdd2026rbgfocd4,hypodd,ohyp2026zcspox5j,2025-02-04T13:09:30.010000Z,13.883158,-89.756258,4.854,2.1002,MLc,0.116,186,9,0.0214,0.0191,
eslv20262h3rispz,ohdd2026lkcmud2v,hypodd,ohyp202647jviaor,2025-02-04T13:09:41.670000Z,13.87796,-89.758285,5.028,2.3338,MLc,0.112,177,13,0.0223,0.0299,
eslv2026iaivgmfq,ohdd2026yzb47kq7,hypodd,ohyp2026wwfj5d6v,2025-02-04T13:12:36.469999Z,13.876859,-89.75625,4.962,1.8548,MLc,0.103,163,12,0.0263,0.0246,
eslv2026bmllmt4e,ohdd2026ywnmx43d,hypodd,ohyp2026jriozapb,2025-02-04T13:15:15.220000Z,13.877706,-89.756551,5.263,2.3204,MLc,0.122,185,15,0.0254,0.0303,
eslv2026rtiwlw5i,ohdd2026ky5rsmcq,hypodd,ohyp20264e22lpgw,2025-02-04T13:18:01.439999Z,13.878409,-89.763737,5.783,1.5848,MLc,0.146,189,9,0.034,0.0266,
eslv2026y3ed3v7i,ohdd202677eka2ue,hypodd,ohyp2026tgjqpuwv,2025-02-04T13:27:25.550000Z,13.876811,-89.757723,4.995,2.02,MLc,0.133,180,13,0.0236,0.0268,
eslv2026f3rtwp5d,ohdd2026mvne3oln,hypodd,ohyp2026drhva5bp,2025-02-04T13:28:00.040000Z,13.877109,-89.755249,4.826,1.9147,MLc,0.157,167,12,0.0248,0.0214,
eslv2026zdu3g7zz,ohdd2026oxd457rk,hypodd,ohyp2026qraqrc4w,2025-02-04T13:30:48.640000Z,13.888651,-89.753377,7.633,1.3985,MLc,0.191,196,9,0.0313,0.0241,
eslv2026hvufqv7v,ohdd20264m4isz23,hypodd,ohyp2026lpqh3kay,2025-02-04T13:38:35.399999Z,13.904305,-89.780282,1.562,1.1776,MLc,0.152,242,6,0.0253,0.0295,
eslv2026tr4cvmxz,ohdd2026qbo4xhfg,hypodd,ohyp2026hipvx5j5,2025-02-04T13:46:18.899999Z,13.877933,-89.756152,4.921,2.8161,MLc,0.126,172,17,0.0221,0.016,
eslv2026tzkhpnqv,ohdd20265f55yire,hypodd,ohyp2026p6zffutf,2025-02-04T13:54:58.130000Z,13.878686,-89.754232,4.858,1.2399,MLc,0.13,182,8,0.024,0.0169,
eslv20262sry5yfp,ohdd2026ghizmxll,hypodd,ohyp2026c3cb7rkz,2025-02-04T13:56:16.359999Z,13.877904,-89.757463,5.004,1.3882,MLc,0.155,189,12,0.0251,0.0265,
eslv20266s7sd62m,ohdd2026mwjjvjca,hypodd,ohyp2026yimze54t,2025-02-04T14:00:33.100000Z,13.876981,-89.756226,4.887,1.4326,MLc,0.15,175,9,0.028,0.0206,
eslv2026hjo32pxy,ohdd20264ssdadul,hypodd,ohyp20266fallpn3,2025-02-04T14:54:14.779999Z,13.876448,-89.806803,4.094,2.461,MLc,0.188,208,14,0.0219,0.0208,
eslv2026dazvlaw3,ohdd2026k5jbyfch,hypodd,ohyp20265nlvtkea,2025-02-04T14:57:29.760000Z,13.873668,-89.807039,2.132,1.9413,MLc,0.198,210,12,0.0189,0.0262,
eslv2026ukryi7fg,ohdd2026tcvlzokm,hypodd,ohyp2026avxcbuuu,2025-02-04T15:17:41.130000Z,13.886188,-89.779875,6.102,1.0618,MLc,0.186,217,10,0.0512,0.0291,
eslv2026gnqwb3f7,ohdd2026bx2oc6jf,hypodd,ohyp2026wlts27s6,2025-02-04T15:59:29.839999Z,13.877575,-89.75616,5.297,2.2095,MLc,0.153,180,16,0.0211,0.0306,
eslv2026dnocjwqk,ohdd20263hlqqt53,hypodd,ohyp2026e5tcyeim,2025-02-04T16:13:42.060000Z,13.881419,-89.757259,5.471,1.6217,MLc,0.17,167,13,0.0266,0.0281,
eslv2026ivar25b2,ohdd2026w7ttpv74,hypodd,ohyp20262hkawwa3,2025-02-04T16:54:42.820000Z,13.883789,-89.755265,6.118,1.1881,MLc,0.13,180,7,0.0485,0.0378,
eslv202672kd5hxx,ohdd2026jrk75zps,hypodd,ohyp20265dmpbs7z,2025-02-04T17:10:30.980000Z,13.877356,-89.756193,4.988,2.9664,MLc,0.135,178,16,0.0229,0.0227,
eslv2026lgp7uab7,ohdd2026gn3r7ecm,hypodd,ohyp202624t326kg,2025-02-04T17:16:30.679999Z,13.872781,-89.809277,4.393,1.8697,MLc,0.254,203,9,0.0368,0.0395,
eslv20263v4xkqcs,ohdd2026md73omhr,hypodd,ohyp2026hlu57k5g,2025-02-04T17:39:56.439999Z,13.893291,-89.74493,4.972,1.4797,MLc,0.184,166,6,0.0195,0.0275,
eslv2026iny6nlty,ohdd2026citqx7pj,hypodd,ohyp2026uvgeusom,2025-02-04T18:29:39.600000Z,13.876897,-89.755583,4.836,2.4319,MLc,0.115,178,13,0.0288,0.0291,
eslv202646i47kzi,ohdd2026bn4je6eg,hypodd,ohyp20264k3vp4t2,2025-02-04T18:31:34.359999Z,13.877918,-89.756185,4.896,1.9086,MLc,0.126,183,16,0.025,0.0162,
eslv20266hsjxxbt,ohdd2026wqmzhndv,hypodd,ohyp20263p6uzgzn,2025-02-04T18:38:01.260000Z,13.877253,-89.756079,4.965,1.3744,MLc,0.18,175,14,0.027,0.0175,
eslv2026kgah3sau,ohdd2026it4kjl5e,hypodd,ohyp2026lszmt4qr,2025-02-04T19:03:00.280000Z,13.879986,-89.753507,5.03,1.6855,MLc,0.189,187,7,0.034,0.0314,
eslv202643ko5bss,ohdd20262fw3si4p,hypodd,ohyp20264x4jxki2,2025-02-04T20:00:01.600000Z,13.875409,-89.754924,4.704,1.3869,MLc,0.188,170,9,0.0284,0.0221,
eslv20266ibkkfmx,ohdd20264zuqngn7,hypodd,ohyp2026ymqlewye,2025-02-05T00:18:22.109999Z,13.868777,-89.801961,3.208,1.2434,MLc,0.097,203,7,0.0316,0.0258,
eslv2026vmdxunpc,ohdd2026wiby53ll,hypodd,ohyp2026od4etz2d,2025-02-05T00:18:41.880000Z,13.878599,-89.756592,5.094,1.3466,MLc,0.119,175,11,0.0319,0.0343,
eslv2026z5w6zqge,ohdd2026zcjixoch,hypodd,ohyp2026tqomdpfp,2025-02-05T00:54:07.610000Z,13.869557,-89.733675,5.842,1.243,MLc,0.237,130,8,0.0409,0.0442,
eslv2026w5zknkxm,ohdd2026norh5fzd,hypodd,ohyp20265n34t53c,2025-02-05T00:56:04.150000Z,13.876886,-89.754858,4.932,1.1684,MLc,0.175,178,9,0.0234,0.0157,
eslv2026scjkhqzz,ohdd2026zrugluoo,hypodd,ohyp2026rye33ae5,2025-02-05T03:03:59.070000Z,13.875559,-89.752059,4.028,1.0141,MLc,0.205,188,13,0.0225,0.0297,
eslv2026lbm65ux3,ohdd2026lmn3rtg7,hypodd,ohyp2026optfqqjp,2025-02-05T05:03:09.919999Z,13.875689,-89.75529,4.978,0.9804,MLc,0.213,180,7,0.0303,0.02,
eslv2026he3vbmoy,ohdd2026tr5x4bnq,hypodd,ohyp2026jewkemrw,2025-02-05T06:44:28.449999Z,13.804628,-89.809123,3.595,1.3498,MLc,0.187,223,13,0.0638,0.1083,
eslv2026ffb7jfr3,ohdd2026vtojdog4,hypodd,ohyp20265d3eob5m,2025-02-05T08:41:22.350000Z,13.86704,-89.710474,6.528,1.335,MLc,0.17,137,9,0.0317,0.0338,
eslv2026uh3jsevm,ohdd2026jfvvrypx,hypodd,ohyp2026qgbxkpay,2025-02-05T22:31:23.640000Z,13.88513,-89.757536,7.522,1.2236,MLc,0.315,200,6,0.0428,0.0303,
eslv2026t6567gvr,ohdd202672yli3jw,hypodd,ohyp2026ulbw3i3o,2025-02-06T05:37:36.859999Z,13.852462,-89.633114,0.479,1.079,MLc,0.374,302,6,0.2803,0.2328,
eslv2026nmo3p5ss,ohdd2026issljwde,hypodd,ohyp2026ntcxqj5d,2025-02-06T10:18:20.210000Z,13.838286,-89.804631,3.46,0.7873,MLc,0.171,217,7,0.0298,0.0342,
eslv2026rxz3osmz,ohdd2026hlsjrirs,hypodd,ohyp2026qkzwnvai,2025-02-06T10:28:56.140000Z,14.021921,-89.862345,3.577,0.2466,MLc,0.238,209,6,0.0181,0.0192,
eslv2026rzypxubj,ohdd20267antt62d,hypodd,ohyp2026g5poqdlq,2025-02-07T03:25:11.080000Z,13.876937,-89.755379,4.81,1.4543,MLc,0.15,174,13,0.0259,0.0243,
eslv2026w5sxzm7d,ohdd2026jbyanofl,hypodd,ohyp2026prqwxduv,2025-02-07T08:35:44.939999Z,14.056682,-89.859424,9.637,1.9684,MLc,0.208,183,17,0.0191,0.0179,
eslv2026dbwtl3m6,ohdd20262cuw6gjz,hypodd,ohyp2026qe5m4aiv,2025-02-07T09:19:09.800000Z,14.054035,-89.862174,9.484,1.4251,MLc,0.209,208,9,0.0184,0.0167,
eslv2026mm22rrom,ohdd2026b7fli6r6,hypodd,ohyp2026ztzljxhj,2025-02-07T20:55:07.919999Z,13.878864,-89.744051,8.313,1.3193,MLc,0.245,129,9,0.0413,0.0438,
eslv2026f7dcen67,ohdd2026uur5nta7,hypodd,ohyp2026r6pxszhn,2025-02-07T20:57:37.119999Z,13.92702,-89.729305,7.926,1.1779,MLc,0.111,117,10,0.0114,0.0154,
eslv2026w26a3kup,ohdd2026d2d62mgh,hypodd,ohyp20266trhmgxv,2025-02-07T21:49:51.520000Z,13.958133,-89.829004,6.311,1.1622,MLc,0.298,212,6,0.036,0.0443,
eslv2026g3l2ecxq,ohdd2026rhhlmymd,hypodd,ohyp2026yihskham,2025-02-07T22:23:22.920000Z,13.894679,-89.763436,3.425,0.7976,MLc,0.471,179,6,0.1754,0.1151,
eslv2026d2tsyx74,ohdd2026pnxzzmi3,hypodd,ohyp20262izqkvul,2025-02-08T01:28:43.850000Z,13.88736,-89.735335,6.996,1.2171,MLc,0.141,124,11,0.0157,0.0255,
eslv2026zsj2mebo,ohdd2026kvdzt2u7,hypodd,ohyp2026psju5gyf,2025-02-08T10:43:18.149999Z,13.891872,-89.737484,6.026,1.2724,MLc,0.124,118,14,0.0147,0.0282,
eslv2026g5euoslw,ohdd2026nhmoz5kq,hypodd,ohyp2026ywp2folf,2025-02-08T10:43:41.560000Z,13.894467,-89.738379,6.131,1.5552,MLc,0.142,139,6,0.0226,0.0267,
eslv2026ivsv3lym,ohdd2026trki7fvd,hypodd,ohyp20265kxuzgev,2025-02-08T10:43:56.920000Z,13.891203,-89.736174,6.054,1.3918,MLc,0.135,120,12,0.017,0.0294,
eslv2026ifswndgf,ohdd2026g3cvkrhb,hypodd,ohyp2026oexjpe4x,2025-02-08T16:54:31.960000Z,13.878716,-89.757804,5.88,1.419,MLc,0.115,180,8,0.0229,0.0245,
eslv2026usbjphbx,ohdd2026zjngp2qu,hypodd,ohyp2026qssbw4u6,2025-02-08T23:29:38.960000Z,13.881144,-89.75647,4.948,2.1958,MLc,0.159,169,8,0.0268,0.0343,
eslv2026oqobw3eg,ohdd2026ja4ssjvs,hypodd,ohyp2026cmdz6ait,2025-02-08T23:33:55.060000Z,13.90711,-89.740771,4.701,1.9385,MLc,0.189,120,7,0.0251,0.0228,
eslv2026owimwxyz,ohdd20263ipoyh7v,hypodd,ohyp2026rqya6o7r,2025-02-08T23:36:40.119999Z,13.879984,-89.775928,5.598,1.2777,MLc,0.16,194,8,0.035,0.0238,
eslv20264jhdkyca,ohdd2026dcchjrdz,hypodd,ohyp20263eqchvyq,2025-02-08T23:37:31.079999Z,13.853945,-89.743107,7.073,1.5666,MLc,0.199,197,7,0.0288,0.0312,
eslv2026rt5bvxee,ohdd2026ls6cdom5,hypodd,ohyp2026ljt6mz5q,2025-02-08T23:38:57.619999Z,13.856588,-89.83505,19.295,2.2642,MLc,0.448,226,11,0.2336,0.1394,
eslv2026r36kwikp,ohdd2026uzsdjx3a,hypodd,ohyp2026ky5ajhi7,2025-02-08T23:51:42.200000Z,13.888351,-89.755021,5.022,1.9178,MLc,0.153,205,9,0.0264,0.0264,
eslv2026fnqvyvas,ohdd2026ahyj7y4g,hypodd,ohyp2026h7o4yfid,2025-02-08T23:55:30.000000Z,13.907168,-89.748128,3.369,1.7794,MLc,0.158,190,9,0.0425,0.0313,
eslv2026brsgbpmq,ohdd2026j3m7fzum,hypodd,ohyp2026o7komnfd,2025-02-08T23:56:05.240000Z,13.880941,-89.759212,4.884,1.7276,MLc,0.157,190,8,0.0324,0.0212,
eslv2026zglfooit,ohdd2026iyzf7uxq,hypodd,ohyp2026ifcxxy2z,2025-02-09T00:11:55.200000Z,13.876759,-89.762777,5.002,1.635,MLc,0.158,190,10,0.0275,0.0187,
eslv20264dpnzxoe,ohdd2026xpgvdmjl,hypodd,ohyp2026rxahukd3,2025-02-09T00:20:03.480000Z,13.880464,-89.774919,5.409,1.7827,MLc,0.228,222,12,0.0362,0.0257,
eslv2026wadlsosy,ohdd2026wuaf3ljh,hypodd,ohyp20265ibu4rzo,2025-02-09T00:21:33.539999Z,13.876435,-89.762264,5.214,2.7557,MLc,0.16,189,16,0.0282,0.0265,
eslv202657cm3w65,ohdd20263hg542pu,hypodd,ohyp2026ebbqykwz,2025-02-09T00:23:53.810000Z,13.875479,-89.762313,5.176,2.0695,MLc,0.154,191,14,0.0286,0.0256,
eslv2026adppzb3a,ohdd2026zlwvgb44,hypodd,ohyp2026cmdypx6t,2025-02-09T00:33:25.480000Z,13.880715,-89.759188,5.435,1.5497,MLc,0.134,170,10,0.0231,0.0277,
eslv2026lwikwrfg,ohdd2026f7fdqvpo,hypodd,ohyp2026hb34cbol,2025-02-09T00:49:32.450000Z,13.87721,-89.807137,4.195,2.7412,MLc,0.244,212,16,0.0263,0.0196,
eslv2026dioetmlp,ohdd2026mrs5yjkh,hypodd,ohyp20262iftwpuv,2025-02-09T00:54:05.000000Z,13.875154,-89.81141,3.571,1.7666,MLc,0.217,214,10,0.0306,0.0337,
eslv2026dvyrffr7,ohdd20266kgangvl,hypodd,ohyp2026zwuy6edj,2025-02-09T00:59:30.469999Z,13.876004,-89.761133,5.104,2.2318,MLc,0.147,188,17,0.0279,0.0259,
eslv20262nxcrqvm,ohdd2026i5oifxhs,hypodd,ohyp2026h4a4hpav,2025-02-09T01:35:20.129999Z,13.870715,-89.813989,4.06,2.4403,MLc,0.301,218,11,0.0323,0.0302,
eslv2026ats4ptq3,ohdd20265wxdnvuw,hypodd,ohyp2026nkolxd5l,2025-02-09T01:35:41.140000Z,13.873748,-89.812093,3.59,3.3531,MLc,0.247,213,17,0.0233,0.0263,
eslv2026bv7e762x,ohdd2026vcj7j2xv,hypodd,ohyp2026hvpnjgj7,2025-02-09T01:38:17.210000Z,13.879664,-89.795028,4.497,1.5929,MLc,0.15,223,6,0.0409,0.0396,
eslv2026ro4avk5v,ohdd20267s6t6ykv,hypodd,ohyp2026eumehexj,2025-02-09T01:38:53.159999Z,13.875756,-89.812858,2.708,1.9534,MLc,0.256,220,14,0.027,0.0318,
eslv2026jqsg5vhh,ohdd2026bkfusa23,hypodd,ohyp2026uneuaqrj,2025-02-09T01:43:21.109999Z,13.874422,-89.814665,2.693,1.9755,MLc,0.225,216,11,0.0259,0.0311,
eslv2026ety6artp,ohdd2026iriafxkn,hypodd,ohyp2026gnongcok,2025-02-09T01:51:56.840000Z,13.880385,-89.807015,3.463,1.336,MLc,0.171,220,6,0.0308,0.0212,
eslv2026n6mc7idv,ohdd2026ir337pbb,hypodd,ohyp2026h75a746n,2025-02-09T01:52:54.200000Z,13.875686,-89.813086,2.602,2.1754,MLc,0.167,219,7,0.0255,0.0345,
eslv20267d3zff5p,ohdd2026swtk37yw,hypodd,ohyp20263bxfmusm,2025-02-09T02:05:46.759999Z,13.878441,-89.804956,3.05,1.9975,MLc,0.247,210,11,0.0176,0.0397,
eslv2026j4y5aase,ohdd2026fva72xd5,hypodd,ohyp2026fut5kaeu,2025-02-09T03:21:29.039999Z,13.865633,-89.785628,7.665,1.2094,MLc,0.191,215,7,0.0537,0.0486,
eslv2026pun3tci3,ohdd202647mj4gus,hypodd,ohyp20266byc5rat,2025-02-09T03:25:30.050000Z,13.871892,-89.815755,3.649,1.4846,MLc,0.385,242,11,0.0332,0.0356,
eslv20267sreqdtw,ohdd2026twb6lpic,hypodd,ohyp2026qwtjclu2,2025-02-09T03:37:59.140000Z,13.855899,-89.834985,10.722,2.6665,MLc,0.116,226,14,0.2802,0.4464,
eslv2026fjmgiaq4,ohdd2026reshgti5,hypodd,ohyp2026jzblc4zb,2025-02-09T03:41:34.530000Z,13.855802,-89.840112,12.14,2.4245,MLc,0.129,228,15,0.2194,0.3316,
eslv2026vtnmhtiq,ohdd2026lbrpugr7,hypodd,ohyp2026u4k57lar,2025-02-09T03:47:33.170000Z,13.878936,-89.687297,5.904,1.1264,MLc,0.204,119,11,0.0169,0.0243,
eslv20264f7r5z2b,ohdd2026zl7k7pqw,hypodd,ohyp2026mvehgkwh,2025-02-09T04:07:20.109999Z,13.853212,-89.84375,18.234,1.8236,MLc,0.448,230,10,0.2214,0.1439,
eslv20265vadufxl,ohdd2026jkhhvsrz,hypodd,ohyp2026sfk77pkk,2025-02-09T04:22:01.229999Z,13.863017,-89.828825,12.401,1.9973,MLc,0.175,221,12,0.3039,0.2898,
eslv20267d2adjny,ohdd2026qgrcziv3,hypodd,ohyp2026ha32hwd3,2025-02-09T04:30:56.149999Z,13.878288,-89.688713,6.326,1.0658,MLc,0.141,116,10,0.02,0.0227,
eslv2026suakg7af,ohdd2026geywwxwp,hypodd,ohyp2026nbbecjo7,2025-02-09T04:33:20.829999Z,13.857874,-89.841048,11.431,1.7415,MLc,0.1,228,11,0.2496,0.327,
eslv2026w3fnp4hy,ohdd2026oidbd7ug,hypodd,ohyp2026jjiaylgi,2025-02-09T04:35:36.039999Z,13.850022,-89.661182,4.406,0.8305,MLc,0.272,171,7,0.5482,0.4349,
eslv2026bvq57gtu,ohdd2026appg4zak,hypodd,ohyp2026gvj3ej44,2025-02-09T04:47:42.060000Z,13.869743,-89.691317,6.646,0.7855,MLc,0.225,117,8,0.0342,0.0235,
eslv20266zhlaonf,ohdd2026kr44fgop,hypodd,ohyp2026evbeqhdn,2025-02-09T05:04:57.490000Z,13.855562,-89.740145,6.829,1.3309,MLc,0.185,160,12,0.0374,0.028,
eslv2026vpjal7yr,ohdd2026v3v5xttt,hypodd,ohyp2026tzimc3pp,2025-02-09T05:06:16.280000Z,13.880626,-89.772152,5.184,1.286,MLc,0.262,223,9,0.0375,0.0301,
eslv2026s2oppjxa,ohdd20267qxumxzj,hypodd,ohyp2026zief6bdd,2025-02-09T05:08:06.769999Z,13.831846,-89.768652,5.386,1.6351,MLc,0.177,199,12,0.0192,0.0284,
eslv2026rfdkgypt,ohdd2026awpvuqcw,hypodd,ohyp2026k4rreeom,2025-02-09T05:09:24.309999Z,13.83303,-89.768604,5.653,1.9892,MLc,0.156,197,17,0.0196,0.0306,
eslv202666sukz74,ohdd2026esuaanlp,hypodd,ohyp2026if5yvutb,2025-02-09T05:09:47.130000Z,13.832584,-89.769735,5.865,1.8179,MLc,0.136,202,9,0.023,0.0234,
eslv20264q3lmyd3,ohdd2026emx6725c,hypodd,ohyp2026n5xbmrxt,2025-02-09T05:10:33.560000Z,13.832175,-89.769694,6.193,2.3844,MLc,0.138,195,18,0.016,0.0266,
eslv2026frb62r5t,ohdd20265lwbgmsk,hypodd,ohyp2026n7sevzdc,2025-02-09T05:11:06.080000Z,13.830427,-89.776725,6.709,1.4058,MLc,0.228,209,6,0.0459,0.045,
eslv2026fh3zf4ql,ohdd2026iyulb625,hypodd,ohyp2026rqhwp4pq,2025-02-09T05:13:56.490000Z,13.860898,-89.70839,0.127,0.6582,MLc,0.113,174,7,0.9998,2.2255,
eslv2026qju746qj,ohdd2026j4uqsnfm,hypodd,ohyp2026ddaqbn2p,2025-02-09T05:18:09.349999Z,14.011103,-89.790771,7.438,1.0326,MLc,0.151,142,6,0.0306,0.0297,
eslv20263hma7wf4,ohdd2026sgvot7i3,hypodd,ohyp2026cr7csyx2,2025-02-09T05:21:46.799999Z,13.857345,-89.738013,7.165,0.6936,MLc,0.142,164,7,0.0443,0.028,
eslv2026akcvsmwj,ohdd2026gotctihl,hypodd,ohyp20265hdvqqga,2025-02-09T05:23:01.439999Z,13.827383,-89.775228,4.794,0.7839,MLc,0.111,211,12,0.0224,0.018,
eslv2026qukjiw6x,ohdd2026frxysaql,hypodd,ohyp2026bxproghd,2025-02-09T05:24:35.289999Z,14.011144,-89.791056,7.127,1.1101,MLc,0.217,145,7,0.0429,0.0507,
eslv2026cvy4zgtr,ohdd2026erx5rs3j,hypodd,ohyp2026dxnst44h,2025-02-09T05:29:59.450000Z,13.832614,-89.76748,5.495,1.1957,MLc,0.154,198,11,0.0218,0.03,
eslv2026pxsnite3,ohdd2026iq7nmn4k,hypodd,ohyp2026jc7eryqo,2025-02-09T05:30:45.229999Z,13.87726,-89.779321,5.811,1.2585,MLc,0.185,211,10,0.0039,0.0092,
eslv20266pnxx5ur,ohdd2026gfjhb6xc,hypodd,ohyp2026ksflf4ep,2025-02-09T05:33:11.230000Z,13.826957,-89.775,4.828,0.9492,MLc,0.116,216,11,0.0204,0.0192,
eslv2026bplukazh,ohdd20267btjclvv,hypodd,ohyp2026uym3y345,2025-02-09T05:34:22.440000Z,14.011524,-89.790731,7.591,1.7472,MLc,0.27,135,18,0.0312,0.0359,
eslv2026t3p3wmbj,ohdd2026rl724f2v,hypodd,ohyp2026isf5gzqg,2025-02-09T05:34:50.869999Z,14.01114,-89.790869,7.491,1.2854,MLc,0.206,143,7,0.0318,0.0328,
eslv2026tth7lub4,ohdd20266ijeq4cg,hypodd,ohyp2026zua4vzlz,2025-02-09T05:43:36.929999Z,13.866612,-89.715942,5.141,0.8866,MLc,0.139,191,6,0.022,0.0353,
eslv2026yrr3jmwn,ohdd2026bcr4kue4,hypodd,ohyp2026m5vag7nw,2025-02-09T05:50:30.920000Z,13.876068,-89.757593,4.859,1.1104,MLc,0.157,180,8,0.0294,0.0219,
eslv2026hbmjnywj,ohdd20267lqfd2lk,hypodd,ohyp20266rtzzdfs,2025-02-09T05:52:40.259999Z,14.006263,-89.790487,8.115,1.5793,MLc,0.199,144,12,0.0461,0.0633,
eslv2026ip2wcdux,ohdd2026njgncu4e,hypodd,ohyp202627recg3c,2025-02-09T06:01:35.460000Z,13.897533,-89.724422,6.934,0.5923,MLc,0.23,179,6,0.0334,0.031,
eslv2026tmfz2dsh,ohdd2026ekzouabs,hypodd,ohyp2026unsny2yw,2025-02-09T06:02:56.890000Z,13.818992,-89.785913,15.013,1.2734,MLc,0.068,219,9,0.0861,0.0357,
eslv2026ezpfftj7,ohdd2026edss7e6r,hypodd,ohyp2026gev2jdmd,2025-02-09T06:36:56.929999Z,13.831471,-89.769336,5.995,1.3925,MLc,0.171,198,12,0.0207,0.0336,
eslv20264my3gqx3,ohdd2026lycbam6h,hypodd,ohyp2026hkooem4q,2025-02-09T06:38:39.619999Z,13.831723,-89.772729,6.026,1.0555,MLc,0.143,201,13,0.0141,0.0273,
eslv20266lbjnexw,ohdd2026uupsaguw,hypodd,ohyp2026ql54s3ep,2025-02-09T06:58:54.090000Z,14.015817,-89.777376,4.688,0.8312,MLc,0.354,144,7,0.0516,0.048,
eslv2026kmq27xhk,ohdd20266xueacvo,hypodd,ohyp2026me5nzriu,2025-02-09T07:25:30.250000Z,13.833574,-89.768148,6.069,1.1492,MLc,0.165,195,11,0.0214,0.0313,
eslv2026jgxoklgd,ohdd2026skwhwfkg,hypodd,ohyp2026cxqgdmng,2025-02-09T07:41:12.500000Z,13.83245,-89.770418,6.425,1.0552,MLc,0.142,218,8,0.0169,0.029,
eslv2026r2z2pbkq,ohdd202657bjjrhk,hypodd,ohyp2026xc6y5ik3,2025-02-09T08:07:58.880000Z,13.871615,-89.711019,6.578,1.0893,MLc,0.199,122,16,0.033,0.023,
eslv2026rghlfxuy,ohdd2026d5boipbu,hypodd,ohyp2026qbphwlw4,2025-02-09T08:22:43.619999Z,13.871269,-89.71141,6.361,0.7959,MLc,0.23,123,11,0.0348,0.0268,
eslv2026qfxecxgk,ohdd202637g6eegf,hypodd,ohyp20266hygxgqx,2025-02-09T08:48:44.240000Z,13.871604,-89.71123,6.317,0.4781,MLc,0.292,121,7,0.0396,0.038,
eslv2026ibqhojmm,ohdd2026peqaffcd,hypodd,ohyp2026jrmv3voq,2025-02-09T08:56:28.359999Z,13.878336,-89.688631,5.744,1.707,MLc,0.144,111,18,0.0132,0.0231,
eslv2026p5g6qpse,ohdd2026wbg4bpyh,hypodd,ohyp2026eezfbira,2025-02-09T08:57:57.670000Z,13.879342,-89.689404,4.781,0.9486,MLc,0.164,116,11,0.0155,0.0197,
eslv2026tjl3aevv,ohdd2026osh5lfe5,hypodd,ohyp2026phexzfoe,2025-02-09T09:00:27.850000Z,14.01176,-89.789152,7.799,1.3884,MLc,0.238,140,14,0.0305,0.0293,
eslv20264cqiqx5e,ohdd2026wlj5zphg,hypodd,ohyp20264spyjmlz,2025-02-09T09:05:10.609999Z,14.062476,-89.847021,9.754,0.9537,MLc,0.229,189,6,0.0464,0.0328,
eslv2026z3sqzem3,ohdd2026e5szis5r,hypodd,ohyp2026fdr5ovap,2025-02-09T09:08:14.039999Z,13.832057,-89.770125,5.952,0.9653,MLc,0.163,207,10,0.0186,0.0285,
eslv2026rtdf2d52,ohdd2026odzytoyt,hypodd,ohyp2026o7lnrbz6,2025-02-09T09:08:52.960000Z,13.83841,-89.432853,12.043,0.6869,MLc,0.213,213,8,0.7584,0.4481,
eslv2026u3mnxctg,ohdd2026dqg4unod,hypodd,ohyp2026bh3mu2ca,2025-02-09T09:11:06.129999Z,13.874938,-89.756624,4.937,0.031,MLc,0.194,219,6,0.033,0.0272,
eslv2026zfbevgtx,ohdd2026lf47isgn,hypodd,ohyp20267hbqbob4,2025-02-09T09:17:45.090000Z,13.881755,-89.731641,7.677,0.7716,MLc,0.218,137,10,0.0377,0.0282,
eslv2026f2mmeoyu,ohdd2026wphapab4,hypodd,ohyp2026b2q5dsff,2025-02-09T09:31:17.199999Z,13.830585,-89.754199,5.62,0.9849,MLc,0.198,197,9,0.032,0.0658,
eslv2026badczmku,ohdd2026otropv4v,hypodd,ohyp2026nkpxt3l6,2025-02-09T09:35:49.829999Z,13.877232,-89.689429,5.978,1.241,MLc,0.122,110,17,0.0143,0.0206,
eslv2026a5rhlk6l,ohdd20265yhkcp45,hypodd,ohyp2026auqwkpdj,2025-02-09T10:09:04.059999Z,13.878047,-89.687874,5.963,0.8808,MLc,0.14,121,14,0.0129,0.0183,
eslv20265q2yeexh,ohdd20265gjwpsjn,hypodd,ohyp2026vjji4dlo,2025-02-09T10:56:26.829999Z,13.871398,-89.700008,3.603,0.5638,MLc,0.103,180,6,0.0254,0.0301,
eslv2026xdp2mz5q,ohdd2026lryw4nsx,hypodd,ohyp20265civhlp5,2025-02-09T11:31:33.200000Z,13.736982,-89.479679,16.717,1.5722,MLc,0.314,327,10,0.2733,0.2718,
eslv2026euckmawq,ohdd202657c63e47,hypodd,ohyp20267qfvn7cw,2025-02-09T11:36:18.699999Z,13.876082,-89.691642,4.547,0.792,MLc,0.183,116,9,0.0236,0.0265,
eslv20262lwmsm77,ohdd2026p6g7smrw,hypodd,ohyp2026z3a4ejzh,2025-02-09T11:57:01.530000Z,13.879979,-89.773486,5.291,1.4748,MLc,0.157,193,12,0.0351,0.0244,
eslv2026jeh3yv6l,ohdd2026bk5ajp5o,hypodd,ohyp2026bwzybuzo,2025-02-09T12:41:54.640000Z,13.872669,-89.863965,4.445,1.5192,MLc,0.174,223,10,0.0623,0.0442,
eslv2026r4km5wen,ohdd2026zm7bwcci,hypodd,ohyp2026iydckpdg,2025-02-09T14:36:13.699999Z,13.84807,-89.863582,7.257,1.5325,MLc,0.127,223,7,0.0535,0.0917,
eslv20262k2d4d5s,ohdd2026al4rq6ly,hypodd,ohyp2026ykbe3a5c,2025-02-09T14:48:54.850000Z,13.921665,-89.789966,5.751,1.3547,MLc,0.184,162,7,0.0088,0.0192,
eslv2026qtlxvvon,ohdd2026wixqdnxh,hypodd,ohyp2026yuxyg65k,2025-02-09T15:54:13.029999Z,13.829633,-89.807153,7.3,1.1647,MLc,0.127,189,6,0.035,0.0389,
eslv2026h5pntzfa,ohdd2026hvonvxqb,hypodd,ohyp2026ktile5vu,2025-02-09T16:00:05.330000Z,13.880038,-89.755957,5.119,1.1414,MLc,0.199,177,6,0.026,0.0203,
eslv2026p5ykb2iy,ohdd20265k3d6qcc,hypodd,ohyp20265rrje4ai,2025-02-09T18:18:51.960000Z,14.056262,-89.859058,9.392,2.0251,MLc,0.194,193,16,0.0177,0.0169,
eslv2026b53zlmtu,ohdd2026t4xkenh7,hypodd,ohyp2026dzfaopya,2025-02-09T18:28:50.920000Z,13.938258,-89.759619,3.631,1.9615,MLc,0.336,163,17,0.014,0.0271,
eslv2026sjrmapel,ohdd2026dfvgy7gn,hypodd,ohyp20266ubhuu4m,2025-02-09T18:49:10.380000Z,13.869928,-89.704744,9.533,1.3799,MLc,0.126,160,7,0.027,0.0191,
eslv202673wj6c3j,ohdd20266fegd2qv,hypodd,ohyp20267sx2fivd,2025-02-09T19:06:01.040000Z,13.876951,-89.758236,5.015,1.4537,MLc,0.152,184,10,0.0273,0.0295,
eslv2026x6dc2krf,ohdd2026x2qryh6r,hypodd,ohyp2026zwidivht,2025-02-09T22:25:08.400000Z,13.861202,-89.708691,7.63,1.0305,MLc,0.208,126,8,0.0312,0.0185,
eslv20265gvi4tzp,ohdd2026xrngfuf5,hypodd,ohyp2026hxqq5q6s,2025-02-09T23:21:13.439999Z,13.905987,-89.784367,1.362,1.257,MLc,0.249,224,7,0.0459,0.0319,
eslv202652tbzjoc,ohdd2026uhqguelo,hypodd,ohyp20263ee5rqh7,2025-02-10T01:26:30.000000Z,13.87933,-89.77723,5.501,1.4905,MLc,0.228,224,10,0.0363,0.0238,
eslv2026obd4n7uz,ohdd20267qv7bxqm,hypodd,ohyp20267ityvwhq,2025-02-10T01:38:52.270000Z,13.871838,-89.743595,6.966,1.2263,MLc,0.079,218,7,0.0743,0.0632,
eslv2026o5amlatw,ohdd20266xogbki2,hypodd,ohyp2026m3irterf,2025-02-10T03:40:43.780000Z,13.861478,-89.661873,6.214,1.5323,MLc,0.115,95,16,0.0192,0.0176,
eslv2026wx2xjqci,ohdd2026essvsju2,hypodd,ohyp2026ruhaasvs,2025-02-10T03:49:48.630000Z,13.868725,-89.732463,7.891,1.1569,MLc,0.169,154,14,0.0237,0.032,
eslv20267ahl5dmv,ohdd20265s74u5y6,hypodd,ohyp2026i56gwnql,2025-02-10T05:02:15.669999Z,13.832617,-89.769059,6.265,2.6747,MLc,0.143,197,18,0.0151,0.0249,
eslv2026dyzpqchz,ohdd2026ojjrlfz3,hypodd,ohyp2026xcx53hbj,2025-02-10T05:19:59.679999Z,13.868273,-89.731673,7.921,0.8705,MLc,0.175,155,11,0.0304,0.0348,
eslv2026r3sfebwf,ohdd20267xyelmwd,hypodd,ohyp2026t5622w65,2025-02-10T05:42:45.659999Z,13.879635,-89.775382,5.317,1.1241,MLc,0.269,197,10,0.0353,0.0273,
eslv20264ndhyzm6,ohdd20265ys27vsx,hypodd,ohyp2026gwgcedc4,2025-02-10T05:43:12.800000Z,13.880292,-89.776497,5.439,1.1139,MLc,0.232,224,9,0.0357,0.0264,
eslv2026pvi7q3ku,ohdd2026hiedhj63,hypodd,ohyp2026ewokph4g,2025-02-10T05:54:32.899999Z,13.879268,-89.775879,5.385,0.9856,MLc,0.277,196,10,0.0355,0.0242,
eslv2026osh7ebph,ohdd2026kydn3akd,hypodd,ohyp2026juo3wskz,2025-02-10T05:59:35.289999Z,13.88845,-89.751758,6.261,0.6508,MLc,0.143,164,10,0.0369,0.0309,
eslv2026jvxahs7q,ohdd20267wocsc3t,hypodd,ohyp20265xgpcg6c,2025-02-10T07:21:28.579999Z,13.87067,-89.731274,7.981,0.7373,MLc,0.168,199,7,0.0301,0.03,
eslv2026blyneosu,ohdd2026fixdq2s7,hypodd,ohyp2026vdmorgcg,2025-02-10T07:30:59.780000Z,13.832597,-89.768921,5.492,1.1534,MLc,0.151,195,14,0.0209,0.0305,
eslv20263atx2lqr,ohdd2026pjezb2dg,hypodd,ohyp2026cjkaeyp4,2025-02-10T07:31:26.910000Z,13.834111,-89.766732,5.518,0.8917,MLc,0.114,193,9,0.0229,0.0321,
eslv202622kkmbcn,ohdd20262ztnunzv,hypodd,ohyp20264yn2d27y,2025-02-10T07:33:22.300000Z,13.885961,-89.786743,11.013,1.0239,MLc,0.203,191,13,0.0318,0.0443,
eslv2026r47etcw3,ohdd2026b42bflcj,hypodd,ohyp2026vvrhlo3l,2025-02-10T07:36:45.390000Z,13.908215,-89.792025,7.788,1.1084,MLc,0.183,163,9,0.0082,0.0059,
eslv2026nknhezgm,ohdd2026xfgx5y7r,hypodd,ohyp2026glghnvxe,2025-02-10T07:42:24.820000Z,13.833817,-89.768734,6.054,0.8101,MLc,0.136,198,11,0.0178,0.0287,
eslv2026tbm42lun,ohdd2026u6tqirqq,hypodd,ohyp2026lbagqyfq,2025-02-10T14:04:15.539999Z,13.872345,-89.708407,5.961,1.0558,MLc,0.231,179,7,0.0416,0.049,
eslv20265rbagg3o,ohdd2026swrpk6ma,hypodd,ohyp2026orpeynjy,2025-02-10T14:41:12.539999Z,13.877349,-89.688395,5.988,1.2413,MLc,0.207,180,8,0.0188,0.0212,
eslv2026fmrqfzks,ohdd2026n3n655jf,hypodd,ohyp2026e2b7knk5,2025-02-10T15:13:53.740000Z,13.879981,-89.775863,5.47,2.9362,MLc,0.147,193,18,0.035,0.0226,
eslv2026yivmowzk,ohdd20263t5zqky6,hypodd,ohyp2026liv3rdaf,2025-02-11T01:45:25.609999Z,13.907002,-89.685547,3.205,0.9868,MLc,0.18,227,6,0.0228,0.0388,
eslv2026kubg3met,ohdd2026fqqwuh2m,hypodd,ohyp2026rvahinj2,2025-02-11T10:52:37.740000Z,13.879925,-89.775016,5.493,2.3747,MLc,0.155,224,14,0.035,0.0243,
eslv2026uzej26ct,ohdd2026usqia4ov,hypodd,ohyp2026ef5ac4ap,2025-02-11T10:53:52.359999Z,13.879634,-89.776733,5.566,1.0956,MLc,0.238,220,8,0.0359,0.0265,
eslv2026j5y76hav,ohdd2026kzqrysxa,hypodd,ohyp2026ur3nsjad,2025-02-11T12:10:55.219999Z,13.934801,-89.71355,3.48,1.1746,MLc,0.097,178,8,0.0214,0.0204,
eslv2026lj2fyhtl,ohdd2026mgqpxsin,hypodd,ohyp2026aufc6tw7,2025-02-11T12:12:10.890000Z,13.883795,-89.752344,8.834,2.7352,MLc,0.208,197,13,0.0365,0.0401,
eslv20263yy66h2o,ohdd20265bfmzh22,hypodd,ohyp2026nefz4pgo,2025-02-11T12:25:30.989999Z,13.888619,-89.742936,7.73,1.4471,MLc,0.086,172,8,0.017,0.0276,
eslv2026dy6g6wx3,ohdd2026n4ye3b6l,hypodd,ohyp2026m627wt4m,2025-02-11T12:27:15.640000Z,13.891011,-89.743034,7.35,1.5125,MLc,0.103,167,9,0.0204,0.0235,
eslv2026wjdxuhk6,ohdd2026likxj35j,hypodd,ohyp2026sm6tikez,2025-02-11T13:08:57.250000Z,13.865566,-89.703727,7.058,1.9615,MLc,0.203,177,14,0.0426,0.0297,
eslv2026rehneqdb,ohdd20267brsuusk,hypodd,ohyp2026j3tptrg2,2025-02-11T14:15:01.530000Z,13.917146,-89.671745,2.027,0.5762,MLc,0.065,247,6,0.0289,0.0381,
eslv2026hmi7gz25,ohdd2026t3ah2uis,hypodd,ohyp2026yxxgwg2f,2025-02-11T20:34:26.379999Z,13.90859,-89.685132,2.551,0.9716,MLc,0.15,222,6,0.0294,0.0519,
eslv20262a5mhdv5,ohdd2026ehf36mte,hypodd,ohyp2026tzb5v73h,2025-02-11T20:34:36.100000Z,13.876218,-89.689551,6.13,2.2872,MLc,0.154,155,15,0.0128,0.0199,
eslv2026nwqmhg76,ohdd2026tcn5yoee,hypodd,ohyp2026md4r6lkj,2025-02-11T21:21:03.120000Z,13.836081,-89.707666,6.126,0.8947,MLc,0.185,199,6,0.0191,0.0259,
eslv20262xjgbxjb,ohdd20263hysb3g3,hypodd,ohyp2026qiukhbqu,2025-02-12T00:55:22.149999Z,13.870776,-89.69139,8.903,1.4965,MLc,0.181,149,9,0.0158,0.0191,
eslv2026t3vao524,ohdd2026xnkbta5r,hypodd,ohyp2026y6z7qxx7,2025-02-12T01:25:49.090000Z,13.87844,-89.688013,5.891,1.2091,MLc,0.141,161,13,0.0131,0.0214,
eslv2026cshwqtvg,ohdd2026y3rb27pw,hypodd,ohyp2026q7gerkjy,2025-02-12T01:38:10.599999Z,13.877826,-89.688607,5.781,1.043,MLc,0.156,165,7,0.0117,0.0135,
eslv2026qhldifaa,ohdd202677y6hcph,hypodd,ohyp2026sfr4euzr,2025-02-12T02:27:56.579999Z,13.85512,-89.700692,6.011,0.8346,MLc,0.219,211,7,0.0113,0.0149,
eslv2026oyse6pzk,ohdd2026qsj7qyun,hypodd,ohyp20267fk4jl3i,2025-02-12T03:07:16.710000Z,13.878001,-89.688696,8.23,1.1587,MLc,0.267,144,12,0.0127,0.0145,
eslv2026rwn4fbr7,ohdd2026qntx5kmx,hypodd,ohyp2026dgtqihlg,2025-02-12T03:49:02.390000Z,13.876535,-89.689445,6.102,2.1175,MLc,0.133,153,16,0.0179,0.0245,
eslv2026sgwhlxjw,ohdd20263bycpuvp,hypodd,ohyp20264fxhqu4q,2025-02-12T03:54:04.559999Z,13.878516,-89.688485,5.756,1.3592,MLc,0.177,149,10,0.0163,0.0248,
eslv2026kko4aw3x,ohdd2026y4fp3wgn,hypodd,ohyp2026m4rsru2m,2025-02-12T04:05:07.940000Z,13.887935,-89.686947,4.392,0.6336,MLc,0.194,203,6,0.0245,0.0181,
eslv2026j57p6krt,ohdd2026ndzjnije,hypodd,ohyp2026p3sn6ifs,2025-02-12T05:13:51.020000Z,13.85963,-89.709326,7.374,1.4181,MLc,0.18,198,13,0.0308,0.0234,
eslv2026isl2g4p5,ohdd2026xy72ghtr,hypodd,ohyp2026sfdtta4f,2025-02-12T05:16:12.369999Z,13.853612,-89.722803,7.301,0.9595,MLc,0.32,180,7,0.0433,0.0405,
eslv20264jvv7vjh,ohdd20265k56ndbh,hypodd,ohyp202627dpmsko,2025-02-12T06:28:26.269999Z,13.877426,-89.689461,6.055,0.8698,MLc,0.137,158,8,0.0125,0.0266,
eslv2026vhce5gqe,ohdd2026m55wby6i,hypodd,ohyp2026wc3ykmac,2025-02-12T06:57:18.899999Z,13.884837,-89.686011,4.834,0.8531,MLc,0.132,155,7,0.0182,0.0165,
eslv20263x6zoje4,ohdd2026xnq4xufb,hypodd,ohyp2026khvfhwvm,2025-02-12T07:21:48.890000Z,13.877078,-89.688208,5.705,1.1743,MLc,0.144,154,15,0.0182,0.0248,
eslv2026jwx3yvxk,ohdd2026avhpekxj,hypodd,ohyp2026bcgn6m3o,2025-02-12T07:28:52.049999Z,13.879827,-89.687533,5.837,0.7755,MLc,0.157,164,8,0.0145,0.0199,
eslv202645w3vi3p,ohdd20263rl2vqb5,hypodd,ohyp2026pmr5jhv6,2025-02-12T07:31:14.929999Z,13.876668,-89.690397,4.986,0.6397,MLc,0.219,207,6,0.0186,0.0144,
eslv2026yryqczt6,ohdd2026f6dumjhe,hypodd,ohyp2026jbpu6xzh,2025-02-12T07:32:51.509999Z,13.87803,-89.688639,5.878,1.8308,MLc,0.141,155,14,0.0136,0.0227,
eslv20262rh3w5ht,ohdd2026xfy4q4ao,hypodd,ohyp2026uzlqeqel,2025-02-12T07:36:29.809999Z,13.907688,-89.666138,9.31,0.7928,MLc,0.011,234,6,0.0379,0.0324,
eslv2026qlidv5eu,ohdd2026xwnhu2ui,hypodd,ohyp2026ndmm3ndb,2025-02-12T07:41:45.049999Z,13.87778,-89.68811,5.995,0.8387,MLc,0.141,159,12,0.0131,0.0174,
eslv2026iuoe2fdu,ohdd20266ex4fb22,hypodd,ohyp2026tihlsmss,2025-02-12T07:46:02.879999Z,13.903627,-89.672795,4.791,0.4167,MLc,0.071,233,6,0.0148,0.0232,
eslv2026m2q4qxfw,ohdd2026wd6be24i,hypodd,ohyp2026ckcvtqqf,2025-02-12T07:48:24.210000Z,13.904256,-89.684937,2.38,0.6777,MLc,0.006,244,7,0.0187,0.0381,
eslv2026de7tx6xe,ohdd2026yj4rwmnb,hypodd,ohyp20266kh32cfp,2025-02-12T09:16:10.480000Z,13.879848,-89.690625,4.658,0.9263,MLc,0.186,160,7,0.0183,0.0216,
eslv2026ie43s6a2,ohdd2026khmzxbqo,hypodd,ohyp2026zbbligqs,2025-02-12T09:27:58.350000Z,13.852738,-89.74467,2.347,1.0073,MLc,0.171,178,6,0.0498,0.0633,
eslv2026ck2z5n7l,ohdd2026pgvoa6mu,hypodd,ohyp2026b5pwcgbl,2025-02-12T10:01:46.179999Z,13.906657,-89.685238,2.416,0.911,MLc,0.228,193,8,0.0464,0.0674,
eslv20265r2fqgia,ohdd20265dirnvy4,hypodd,ohyp2026kebw3uxb,2025-02-12T15:34:09.830000Z,13.88173,-89.687451,8.495,1.5243,MLc,0.256,146,7,0.0125,0.0156,
eslv2026gtltynlg,ohdd2026ryl3locw,hypodd,ohyp2026edwtasts,2025-02-13T02:48:13.419999Z,13.878885,-89.687533,6.012,1.2024,MLc,0.141,160,11,0.0152,0.0176,
eslv2026yixlpth7,ohdd2026lku3nxnz,hypodd,ohyp2026aat5wkn2,2025-02-13T04:57:18.640000Z,14.060594,-89.849959,9.824,0.5356,MLc,0.213,189,6,0.0479,0.0329,
eslv2026x6dx7wmj,ohdd2026e5fhl35j,hypodd,ohyp2026oy3xuf7n,2025-02-13T05:07:18.750000Z,13.875758,-89.692399,5.651,0.4659,MLc,0.257,220,6,0.0151,0.0215,
eslv2026secil6bd,ohdd20265x4dqkdp,hypodd,ohyp2026yfcqlf6q,2025-02-13T05:11:32.399999Z,13.878863,-89.69126,4.91,0.9889,MLc,0.151,157,7,0.0187,0.022,
eslv20265jaarya4,ohdd20265k2kfkks,hypodd,ohyp2026pgqfqazs,2025-02-13T05:45:26.890000Z,13.871863,-89.711727,6.739,1.6733,MLc,0.277,184,15,0.037,0.0427,
eslv20263ufqbylh,ohdd20263ethjt5t,hypodd,ohyp2026gpgqqfu2,2025-02-13T11:02:17.510000Z,13.924302,-89.676204,2.812,0.7954,MLc,0.115,165,7,0.0273,0.0279,
eslv2026rcf2f37g,ohdd20262eb2d5bo,hypodd,ohyp2026gyxki4ml,2025-02-13T11:03:42.340000Z,13.879395,-89.687891,8.458,1.3915,MLc,0.248,150,8,0.0146,0.0167,
eslv2026sgab7g2p,ohdd2026eeo4gz5n,hypodd,ohyp2026mnifpk64,2025-02-13T11:14:09.029999Z,13.870005,-89.690894,11.217,1.2628,MLc,0.186,171,12,0.0265,0.0201,
eslv2026f6eb2gtf,ohdd2026sdvjppq7,hypodd,ohyp20262brdfne4,2025-02-14T00:01:35.890000Z,13.88638,-89.729541,5.033,1.0977,MLc,0.343,135,9,0.0472,0.0428,
eslv202644smir47,ohdd2026x75knhj5,hypodd,ohyp2026jpwtnysg,2025-02-14T20:53:30.620000Z,13.867183,-89.679712,1.011,1.1504,MLc,0.053,137,7,0.0184,0.0429,
eslv2026ipp3wwlk,ohdd2026ag7qmfpz,hypodd,ohyp2026uqxpq3oq,2025-02-15T09:07:53.500000Z,13.920187,-89.768091,7.981,0.4816,MLc,0.164,175,9,0.058,0.037,
eslv20265op2ccwp,ohdd20266t6zgbwu,hypodd,ohyp2026jar54x6m,2025-02-15T15:25:50.609999Z,13.900629,-89.765356,3.855,1.5158,MLc,0.471,159,7,0.1923,0.1132,
eslv20263b7tyyvm,ohdd2026xykwcuwa,hypodd,ohyp2026fzjfgqzs,2025-02-15T16:53:19.519999Z,13.852268,-89.625765,0.169,0.6243,MLc,0.318,235,6,0.2898,0.1749,
eslv2026q4cm3xed,ohdd2026jqjq4bza,hypodd,ohyp2026xvrzee66,2025-02-15T21:22:22.559999Z,13.890702,-89.747127,4.566,1.5473,MLc,0.133,192,7,0.0214,0.0221,
eslv2026exzpg24a,ohdd20265wfiesrq,hypodd,ohyp2026v6smcce2,2025-02-16T10:41:01.710000Z,13.877508,-89.755908,4.849,1.7053,MLc,0.193,211,12,0.0268,0.0229,
eslv2026envk6ij3,ohdd2026dkvcolmx,hypodd,ohyp202637y7xrmb,2025-02-16T11:37:23.820000Z,13.857446,-89.713802,6.467,1.0824,MLc,0.219,171,9,0.0337,0.0306,
eslv2026uaenbqio,ohdd2026ro64gsfw,hypodd,ohyp2026xscb4rul,2025-02-16T15:39:04.379999Z,13.891084,-89.749211,4.829,1.0622,MLc,0.186,163,6,0.0236,0.0237,
eslv2026ns4vvshe,ohdd202647hbdafe,hypodd,ohyp20267sibekbn,2025-02-17T00:58:37.700000Z,14.022652,-89.847363,6.262,0.6872,MLc,0.385,174,7,0.04,0.0459,
eslv2026ppqapxhq,ohdd2026mkeev26u,hypodd,ohyp2026brmpgdzk,2025-02-17T19:24:07.719999Z,13.852481,-89.839543,4.372,0.8618,MLc,0.124,202,6,0.0749,0.0807,
eslv2026zfczxust,ohdd2026kpcxyfsj,hypodd,ohyp2026qzixysyy,2025-02-18T07:21:46.570000Z,13.877569,-89.755493,4.824,1.5316,MLc,0.262,162,14,0.0282,0.0241,
eslv20263zi4xjnq,ohdd2026hu6hvktk,hypodd,ohyp2026tz7suru7,2025-02-18T12:08:42.840000Z,14.045699,-89.867741,6.206,0.2288,MLc,0.309,259,6,0.1439,0.2755,
eslv2026tcyfz5ji,ohdd20264tcb2jh3,hypodd,ohyp2026l4w55pzs,2025-02-19T07:58:05.809999Z,13.876329,-89.689925,5.969,1.3043,MLc,0.128,157,14,0.0116,0.0158,
eslv2026hywskez3,ohdd2026tskug32c,hypodd,ohyp20264zwf35op,2025-02-19T09:30:35.359999Z,13.876251,-89.690007,6.111,1.5235,MLc,0.154,155,15,0.0123,0.0157,
eslv20263wvp22u6,ohdd2026br6zaekx,hypodd,ohyp2026yc7bjtov,2025-02-19T09:31:56.399999Z,13.876745,-89.689714,6.063,1.66,MLc,0.129,150,15,0.0128,0.0165,
eslv2026rqr2nbtr,ohdd20265wqmotl2,hypodd,ohyp2026v6454rhr,2025-02-20T05:30:34.619999Z,13.877837,-89.689209,5.761,2.6297,MLc,0.128,99,19,0.0125,0.0189,
eslv2026jaurljg7,ohdd2026qckuk2ht,hypodd,ohyp2026mw7dzwmc,2025-02-20T06:20:27.670000Z,14.036405,-89.84305,9.313,0.9141,MLc,0.322,159,7,0.0326,0.0339,
eslv2026f4c6xtfi,ohdd2026qhtvgsqn,hypodd,ohyp2026xlc5whhk,2025-02-20T07:13:09.910000Z,13.920704,-89.681787,1.156,0.5668,MLc,0.129,236,7,0.014,0.0409,
eslv2026fdw5swz3,ohdd2026zp62ybzy,hypodd,ohyp2026v6av6kt2,2025-02-22T06:18:42.219999Z,13.922995,-89.781714,13.01,1.2945,MLc,0.037,187,12,0.013,0.0129,
eslv2026cgeyti2o,ohdd2026exi4s3ad,hypodd,ohyp2026memgv4ha,2025-02-22T06:27:18.980000Z,13.890693,-89.728426,11.473,0.9268,MLc,0.209,179,10,0.0314,0.0454,
eslv2026zraji5a7,ohdd2026kn5ktnwk,hypodd,ohyp2026wpe53qpl,2025-02-22T07:34:54.659999Z,13.871123,-89.709945,6.234,0.9616,MLc,0.228,155,11,0.035,0.0245,
eslv20266wenkbtk,ohdd2026z37xvirf,hypodd,ohyp20262h5dt2gn,2025-02-22T12:53:30.500000Z,13.824058,-89.613696,0.158,1.2146,MLc,0.439,168,7,0.1513,0.1309,
eslv2026mm4aaye6,ohdd2026r7bbsafs,hypodd,ohyp2026wdmapy3s,2025-02-22T22:46:49.920000Z,14.025116,-89.967822,16.112,2.0992,MLc,0.261,294,8,0.3411,0.3181,
eslv2026h7ulibav,ohdd20265fp5rjiu,hypodd,ohyp2026xp4sbt2u,2025-02-22T22:55:04.400000Z,14.020984,-89.977677,16.108,0.748,MLc,0.261,297,6,0.3317,0.3247,
eslv20262vocqze7,ohdd2026nyndjwda,hypodd,ohyp2026urbmkzag,2025-02-23T01:03:26.320000Z,14.055715,-89.858936,9.443,1.761,MLc,0.19,194,11,0.0168,0.0158,
eslv2026pmqm6wmp,ohdd2026ynobogiv,hypodd,ohyp2026wzfj2zyw,2025-02-24T00:32:36.090000Z,13.907465,-89.74502,4.417,1.0715,MLc,0.174,171,8,0.0277,0.025,
eslv2026fwhk2aui,ohdd2026yram44x7,hypodd,ohyp20263mt3igzn,2025-02-24T02:52:47.299999Z,13.893607,-89.737231,6.083,1.0505,MLc,0.118,133,12,0.0148,0.025,
eslv2026k67a6dkk,ohdd2026ltqgxlls,hypodd,ohyp2026pvgibkqv,2025-02-27T14:37:14.449999Z,13.891864,-89.736084,5.991,1.166,MLc,0.113,149,12,0.0165,0.0302,
eslv2026vig2emvo,ohdd2026xi4kgeq6,hypodd,ohyp2026zl2ds6ey,2025-02-27T17:36:11.500000Z,14.08488,-89.729272,9.384,1.845,MLc,0.13,144,14,0.1907,0.1548,
eslv20267gwch3hh,ohdd20264quxpuzj,hypodd,ohyp2026csydihmt,2025-02-27T17:48:37.880000Z,13.833288,-89.7712,4.987,1.4608,MLc,0.244,205,9,0.0379,0.0741,
eslv20262aifposb,ohdd20267xqjcrtk,hypodd,ohyp2026jxo4opyt,2025-02-27T19:38:40.700000Z,14.087241,-89.727531,10.333,2.7592,MLc,0.126,149,18,0.2115,0.2468,
eslv2026xkcr754m,ohdd202635ifeqev,hypodd,ohyp2026ylg7t3zj,2025-02-27T19:58:58.039999Z,14.087259,-89.727515,10.241,2.5563,MLc,0.116,148,18,0.2369,0.227,
eslv2026romepb26,ohdd2026cupv6y7w,hypodd,ohyp2026jlqmjlhh,2025-02-27T22:14:53.880000Z,14.085774,-89.731201,8.395,0.7218,MLc,0.101,143,6,0.1658,0.2263,
eslv20263onuaqsz,ohdd2026amys2kj7,hypodd,ohyp2026oemuuz3n,2025-02-28T01:14:56.460000Z,14.082936,-89.730835,9.073,1.3449,MLc,0.153,142,9,0.2376,0.2629,
eslv2026olkcbjzu,ohdd2026dbojomph,hypodd,ohyp2026ainwbmaa,2025-02-28T04:30:40.310000Z,14.078784,-89.731193,7.239,0.9745,MLc,0.122,138,8,0.1487,0.2979,
eslv2026x4xyz6yy,ohdd2026a2bwcdxv,hypodd,ohyp20267tyv4f6g,2025-03-01T02:31:07.070000Z,13.89706,-89.672591,10.223,1.4447,MLc,0.003,209,6,0.0848,0.0575,
eslv2026h7zcbeaf,ohdd2026ygvfpspq,hypodd,ohyp2026z5oqm46i,2025-03-02T06:59:09.359999Z,13.894873,-89.738468,6.216,0.7486,MLc,0.169,161,7,0.0174,0.031,
eslv2026uizi27zq,ohdd2026rlwycxid,hypodd,ohyp2026nbqfqfkw,2025-03-03T09:09:13.169999Z,13.803228,-89.402791,13.821,1.4498,MLc,0.163,164,9,0.3001,0.2991,
eslv20266xlbt2lb,ohdd2026rplb4wdx,hypodd,ohyp20264hnudkjj,2025-03-03T16:29:38.479999Z,13.836005,-89.71499,4.76,0.9443,MLc,0.281,209,6,0.0736,0.0724,
eslv2026m6whpwgz,ohdd2026gbd6gwp4,hypodd,ohyp2026ac22assc,2025-03-03T17:46:22.199999Z,13.876203,-89.688932,5.939,2.2237,MLc,0.162,108,14,0.0118,0.022,
eslv202656mljrc3,ohdd2026mfjqgld3,hypodd,ohyp20266plw2ol4,2025-03-03T19:44:54.640000Z,13.877063,-89.689917,6.376,1.5136,MLc,0.151,156,12,0.0138,0.0257,
eslv2026dusmppvh,ohdd2026463pf2or,hypodd,ohyp2026m2wek6ow,2025-03-03T21:58:47.920000Z,13.886819,-89.701668,3.729,0.6584,MLc,0.146,189,6,0.0226,0.046,
eslv2026qiwokgbn,ohdd2026ndrdrely,hypodd,ohyp2026hbn6y6o7,2025-03-04T00:23:15.830000Z,13.850574,-89.714038,3.325,0.7206,MLc,0.068,178,6,0.0288,0.037,
eslv2026zmsec7mw,ohdd2026zhdynbpx,hypodd,ohyp2026n73bxdra,2025-03-04T03:56:48.869999Z,13.850409,-89.717,6.173,0.7027,MLc,0.197,193,6,0.0307,0.0297,
eslv2026xkyhbfxd,ohdd2026s6pxnh7e,hypodd,ohyp2026a5iyvqi5,2025-03-04T04:38:29.579999Z,13.847063,-89.706038,3.88,0.7,MLc,0.122,180,7,0.0255,0.0457,
eslv2026ft4unwxk,ohdd2026p33niuvb,hypodd,ohyp2026g6e3ayys,2025-03-04T04:43:17.140000Z,13.851508,-89.717537,6.271,0.8231,MLc,0.217,199,6,0.0231,0.0428,
eslv2026qwfiboer,ohdd2026fpajybhn,hypodd,ohyp20264uwvrywd,2025-03-04T08:21:42.090000Z,13.875367,-89.691113,6.433,0.665,MLc,0.174,161,9,0.0139,0.02,
eslv2026tm4f7chr,ohdd2026m5gnq4ge,hypodd,ohyp2026utg3bubp,2025-03-04T10:53:56.420000Z,13.807524,-89.805892,2.511,0.8604,MLc,0.194,204,6,0.0396,0.0611,
eslv202656acn6pk,ohdd2026m26eetvu,hypodd,ohyp2026oriuhwey,2025-03-04T16:55:41.229999Z,13.876337,-89.690324,6.173,1.5817,MLc,0.16,159,15,0.0101,0.0236,
eslv20263e6f42bs,ohdd2026ldzzmnkv,hypodd,ohyp2026nyplslmh,2025-03-05T08:09:38.530000Z,13.876688,-89.689705,5.714,0.4102,MLc,0.261,140,6,0.0164,0.0223,
eslv2026zlagqpz6,ohdd20262nllymzc,hypodd,ohyp2026terq5si3,2025-03-05T12:35:32.570000Z,13.895785,-89.682829,3.816,1.4096,MLc,0.228,136,10,0.0254,0.0377,
eslv20264yxz2kfx,ohdd2026xgi44bnz,hypodd,ohyp20264lv6znwz,2025-03-05T14:47:05.530000Z,13.820992,-89.717985,0.81,0.6447,MLc,0.14,181,6,0.0367,0.0707,
eslv2026o2yz46mb,ohdd2026rtdonpjr,hypodd,ohyp2026szw3vohy,2025-03-09T06:32:54.060000Z,14.103681,-89.747306,9.184,0.843,MLc,0.193,185,7,0.2906,0.3227,
eslv2026kcp2luph,ohdd2026kaicxqbq,hypodd,ohyp2026y2e5uz6n,2025-03-09T10:02:56.240000Z,14.086248,-89.727384,10.075,1.9399,MLc,0.117,146,17,0.1871,0.1772,
eslv20264amd7wty,ohdd20267x7koxs2,hypodd,ohyp20262bwjohqq,2025-03-09T10:52:37.700000Z,13.892963,-89.746997,4.536,0.6639,MLc,0.176,185,6,0.0245,0.0249,
eslv20265cmngrcc,ohdd20263fopsgoh,hypodd,ohyp2026ej6rtlpp,2025-03-09T10:57:04.870000Z,14.092699,-89.910824,10.855,0.4473,MLc,0.123,226,6,0.0431,0.0276,
eslv2026hap6e6df,ohdd2026ci4rvd52,hypodd,ohyp2026tgrpyxqa,2025-03-09T12:07:14.449999Z,14.056815,-89.859245,9.446,1.4619,MLc,0.181,193,11,0.0144,0.0163,
eslv2026jfvphkbj,ohdd2026fmpilev4,hypodd,ohyp2026whrl6gke,2025-03-10T04:53:37.240000Z,14.056032,-89.859318,9.326,1.0899,MLc,0.158,206,9,0.0129,0.0158,
eslv2026ymvn7ssr,ohdd2026uhouhdgl,hypodd,ohyp2026v4kdnumn,2025-03-10T06:01:29.670000Z,14.020174,-89.949618,1.474,0.5558,MLc,0.095,277,7,0.077,0.1676,
eslv2026waog6iwd,ohdd2026m6orfbyl,hypodd,ohyp2026vpd5bixf,2025-03-10T07:47:58.549999Z,13.861893,-89.732251,7.689,1.4694,MLc,0.106,185,16,0.0248,0.0263,
eslv2026zma5jfro,ohdd2026n27cp4qk,hypodd,ohyp2026hal42gfm,2025-03-10T07:55:44.039999Z,14.057107,-89.862663,9.647,0.9773,MLc,0.259,218,6,0.0265,0.029,
eslv2026o2cist3i,ohdd2026modycn4f,hypodd,ohyp2026ti3pi4pi,2025-03-10T08:25:46.500000Z,13.795733,-89.568018,0.469,0.5088,MLc,0.452,185,6,1.6215,1.0042,
eslv2026hv6nwsnn,ohdd2026ubkqs6bt,hypodd,ohyp2026ru33l7tn,2025-03-10T13:27:15.820000Z,14.087306,-89.81123,8.328,0.9317,MLc,0.257,177,6,0.0347,0.0281,
eslv2026y345kmuo,ohdd2026po22i3pe,hypodd,ohyp2026ycu52qny,2025-03-10T18:10:43.079999Z,13.873609,-89.774146,9.668,0.3431,MLc,0.145,192,6,0.0305,0.0275,
eslv20263tzhtcaa,ohdd20265emlzejh,hypodd,ohyp2026c6zugcgr,2025-03-12T01:08:32.880000Z,14.055998,-89.861589,9.559,0.9034,MLc,0.17,194,6,0.0159,0.0192,
eslv2026zezq35bk,ohdd2026ug65d44j,hypodd,ohyp2026fqtlqsvx,2025-03-13T04:36:29.929999Z,14.090421,-89.733146,8.446,0.54,MLc,0.145,161,7,0.2551,0.2526,
eslv2026jzs5jtsa,ohdd20263ybwdn4c,hypodd,ohyp2026n6hzxhvm,2025-03-13T08:34:44.179999Z,14.090579,-89.732853,8.635,0.7014,MLc,0.166,162,9,0.2209,0.2755,
eslv2026pathu2ua,ohdd2026orz6gj5c,hypodd,ohyp2026hncd5fsw,2025-03-13T23:05:38.439999Z,14.048384,-89.824618,8.215,2.0006,MLc,0.115,155,11,0.0276,0.0238,
eslv2026g7h7h6n6,ohdd2026afv2adyb,hypodd,ohyp2026cy5friyg,2025-03-15T10:19:22.820000Z,13.886177,-89.68505,4.916,0.1925,MLc,0.262,218,6,0.0165,0.0257,
eslv2026rlwz5hwe,ohdd2026djtg4yic,hypodd,ohyp2026e5aa3b5w,2025-03-15T22:27:51.399999Z,13.795311,-89.566479,0.498,1.2429,MLc,0.478,187,8,0.6796,0.7346,
eslv2026sz3tdkgc,ohdd2026h5lzxbz3,hypodd,ohyp2026sot2tqg4,2025-03-17T04:05:56.450000Z,13.886199,-89.734977,8.292,1.4573,MLc,0.191,175,14,0.0237,0.0314,
eslv2026wiydpywj,ohdd2026rkcp5r6e,hypodd,ohyp2026wvddbstu,2025-03-17T05:33:08.939999Z,13.870013,-89.708455,4.89,0.8027,MLc,0.306,196,6,0.0379,0.0363,
eslv20267oqj7765,ohdd2026dq3z3t3e,hypodd,ohyp2026mxaurcvx,2025-03-19T07:59:19.510000Z,14.085205,-89.732031,10.111,1.6409,MLc,0.132,148,16,0.1476,0.1912,
eslv2026c4arlfgz,ohdd2026h3rhokeh,hypodd,ohyp2026atnl66ya,2025-03-20T07:31:55.049999Z,14.091933,-89.732414,11.042,0.6453,MLc,0.131,161,9,0.2534,0.1615,
eslv2026dyz6dpui,ohdd2026n6bye7kb,hypodd,ohyp2026ekczvy7j,2025-03-22T17:37:41.140000Z,13.86153,-89.709448,7.917,1.4045,MLc,0.177,196,7,0.0304,0.0267,
eslv2026utdqtlo4,ohdd2026dcsjemmu,hypodd,ohyp20267dmemjxm,2025-03-23T00:05:25.390000Z,13.799044,-89.574121,1.466,1.0622,MLc,0.435,183,7,0.669,0.7419,
eslv2026sv6dfbvl,ohdd20267oqpc56c,hypodd,ohyp2026wrcxosqi,2025-03-23T17:23:18.739999Z,13.875769,-89.814551,2.544,2.081,MLc,0.202,236,13,0.0222,0.0357,
eslv20265obp573s,ohdd2026wqpg25xt,hypodd,ohyp2026jce5thr5,2025-03-24T11:05:42.500000Z,14.05037,-89.823918,8.234,1.724,MLc,0.136,139,12,0.0284,0.0275,
eslv20265w6tetho,ohdd2026swgkw5qc,hypodd,ohyp2026axhquz3g,2025-03-26T06:08:06.360000Z,13.807652,-89.439014,12.535,1.553,MLc,0.14,166,12,0.2765,0.2505,
eslv2026xs33vifr,ohdd2026anga6ols,hypodd,ohyp2026fji4sgaa,2025-03-26T06:11:57.590000Z,13.811979,-89.437573,12.898,0.923,MLc,0.142,158,9,0.2436,0.4363,
eslv2026ygspw3it,ohdd2026pltqgy6y,hypodd,ohyp2026jybkhmji,2025-03-26T09:19:01.820000Z,13.812511,-89.437215,11.397,1.723,MLc,0.123,156,12,0.3346,0.4456,
eslv2026dxgopxkk,ohdd2026ovneufgj,hypodd,ohyp2026nuistj2l,2025-03-26T09:54:50.130000Z,13.862091,-89.789331,10.531,1.0332,MLc,0.197,275,7,0.1167,0.0454,
eslv2026rctmp4f5,ohdd2026vlvnrwzs,hypodd,ohyp20267q6mcgyd,2025-03-26T10:58:36.909999Z,13.887946,-89.782088,4.919,1.2045,MLc,0.135,301,7,0.0396,0.0222,
eslv2026mc33ynky,ohdd2026td7cu23e,hypodd,ohyp2026klexwhgf,2025-03-28T17:30:47.600000Z,13.956645,-89.741528,3.177,0.9162,MLc,0.038,254,6,0.0714,0.0781,
eslv20266bzx6vrd,ohdd2026tz3ujjes,hypodd,ohyp2026qi3w4gha,2025-03-29T03:58:58.539999Z,14.090684,-89.713664,10.684,0.7182,MLc,0.125,140,6,0.2909,0.2989,
eslv2026fmdjcuih,ohdd2026ndk6555g,hypodd,ohyp2026lbym44us,2025-03-29T22:17:21.980000Z,14.083332,-89.734017,10.043,1.4244,MLc,0.152,144,11,0.21,0.251,
eslv2026amwnxxs6,ohdd2026gasz4vkx,hypodd,ohyp2026htnxtmkp,2025-03-30T03:14:25.190000Z,13.881992,-89.689453,8.117,1.4273,MLc,0.264,133,10,0.0181,0.0239,
eslv2026m3asksup,ohdd2026alstzh26,hypodd,ohyp2026qd6vow3i,2025-03-30T03:19:37.549999Z,13.87206,-89.694344,8.486,1.6951,MLc,0.308,151,8,0.0335,0.0357,
eslv20265bobs3mp,ohdd2026z67uwhds,hypodd,ohyp2026sffhzer7,2025-03-30T03:28:42.130000Z,13.939544,-89.705119,2.127,1.0122,MLc,0.015,245,6,0.0285,0.0454,
eslv2026aqqpzlh7,ohdd2026yxnr4re5,hypodd,ohyp2026jdwj3ps7,2025-03-30T03:29:10.029999Z,13.886252,-89.733472,7.414,1.3468,MLc,0.133,175,14,0.0225,0.0215,
eslv2026gmhg5az5,ohdd2026a4xbk2eb,hypodd,ohyp2026ksdgswtl,2025-03-30T03:32:58.820000Z,13.881365,-89.730086,7.536,1.4068,MLc,0.419,220,7,0.0362,0.0352,
eslv2026h7u2bt6m,ohdd2026k7g7qaux,hypodd,ohyp202654yyyo3e,2025-03-30T03:56:25.750000Z,13.883176,-89.729297,6.217,1.8356,MLc,0.238,181,13,0.0295,0.0373,
eslv2026t6lqq56x,ohdd2026orapb4cm,hypodd,ohyp20265cfserla,2025-03-30T04:04:31.660000Z,13.887555,-89.732731,7.245,1.1351,MLc,0.165,173,10,0.0271,0.0209,
eslv2026v4map4uj,ohdd2026hfpkyj2n,hypodd,ohyp2026gxm44qcg,2025-03-31T00:56:53.880000Z,14.011605,-89.69471,0.553,1.4345,MLc,0.139,307,6,0.8993,2.734,
eslv2026ncm62epy,ohdd2026vle6l4su,hypodd,ohyp2026vt2zeppq,2025-04-02T13:30:45.869999Z,13.879461,-89.687394,6.272,1.332,MLc,0.199,159,10,0.0201,0.0303,
eslv2026yvk3bido,ohdd2026pmkhwoqu,hypodd,ohyp2026a5jszxxk,2025-04-03T05:53:10.220000Z,14.072493,-89.748332,11.024,0.6692,MLc,0.133,230,6,0.2245,0.2913,
eslv2026f3qaek5z,ohdd20263bh6q6yv,hypodd,ohyp20262dxhqkhh,2025-04-04T03:44:30.019999Z,13.929842,-89.711702,2.091,0.5193,MLc,0.11,236,6,0.0207,0.0331,
eslv2026vr2eiolo,ohdd2026ste23txl,hypodd,ohyp2026bknonigt,2025-04-04T03:49:51.229999Z,13.880198,-89.735514,7.804,1.1025,MLc,0.15,146,9,0.0234,0.0195,
eslv20263k4ulhjk,ohdd2026gdr43ckg,hypodd,ohyp20262bolndjm,2025-04-04T03:52:53.799999Z,13.883684,-89.733919,5.737,0.3454,MLc,0.132,165,6,0.0313,0.0339,
eslv20267q353rko,ohdd2026rcoykkli,hypodd,ohyp2026evxbao25,2025-04-05T14:34:13.210000Z,13.772586,-89.707658,0.634,0.915,MLc,0.38,197,6,0.0734,0.1235,
eslv2026qxnn3oys,ohdd2026nyuxgm5h,hypodd,ohyp2026z5cpdnke,2025-04-10T07:52:27.050000Z,13.878018,-89.758561,4.057,0.7569,MLc,0.244,165,8,0.0304,0.035,
eslv2026omdnuvbb,ohdd2026h54iflpn,hypodd,ohyp2026zdtjsxjh,2025-04-11T17:55:31.600000Z,13.881202,-89.727409,6.339,1.327,MLc,0.166,156,8,0.0481,0.05,
eslv2026p7xqay25,ohdd2026tusi73d2,hypodd,ohyp2026id7qlqzf,2025-04-11T18:14:24.039999Z,13.887555,-89.732227,7.124,1.0287,MLc,0.113,146,7,0.0259,0.0332,
eslv2026f4pkqikj,ohdd2026fkpxffea,hypodd,ohyp2026hf65gumy,2025-04-11T18:16:28.399999Z,13.924792,-89.717236,4.289,1.4071,MLc,0.172,180,8,0.022,0.0301,
eslv2026iebllqmc,ohdd2026zztgmda2,hypodd,ohyp2026hinqhvtc,2025-04-11T18:18:44.560000Z,13.885032,-89.734945,7.009,2.4428,MLc,0.111,133,15,0.0199,0.0237,
eslv2026s5ranm4s,ohdd2026fipqtv5d,hypodd,ohyp20264f7qdydg,2025-04-11T18:18:56.240000Z,13.883287,-89.735352,6.94,2.019,MLc,0.117,133,9,0.0184,0.0211,
eslv2026frho3clt,ohdd2026ivsfq7s2,hypodd,ohyp20265wmokitg,2025-04-11T18:19:31.199999Z,13.884664,-89.736043,7.474,1.4689,MLc,0.133,137,9,0.0183,0.0241,
eslv2026k7ak4dxu,ohdd20262n7gsgsm,hypodd,ohyp2026rtvlofug,2025-04-11T18:20:12.039999Z,13.883082,-89.737638,7.557,1.353,MLc,0.161,145,7,0.0205,0.0207,
eslv2026kmshbpo2,ohdd2026wbb2xmuf,hypodd,ohyp2026etz25v7h,2025-04-11T18:21:03.899999Z,13.884953,-89.736108,7.265,2.4012,MLc,0.108,133,17,0.018,0.0193,
eslv2026osldy3oe,ohdd2026zt444rx2,hypodd,ohyp20264xuepos3,2025-04-11T18:45:45.920000Z,13.88528,-89.735669,7.132,1.3994,MLc,0.118,137,10,0.0198,0.0241,
eslv2026iyk6xxvb,ohdd2026mxalvs4x,hypodd,ohyp2026vourkhzm,2025-04-11T18:46:31.320000Z,13.886061,-89.735099,7.314,1.5417,MLc,0.13,139,12,0.0194,0.0275,
eslv2026pzdmitvp,ohdd2026xhxscayn,hypodd,ohyp2026fonexrlo,2025-04-11T18:49:15.320000Z,13.866863,-89.745752,8.326,1.2607,MLc,0.132,167,7,0.0219,0.0301,
eslv2026heqieovp,ohdd2026fsvgsqyq,hypodd,ohyp2026nfwwbt7r,2025-04-11T19:01:28.379999Z,13.931889,-89.710978,1.179,1.1267,MLc,0.147,249,6,0.0182,0.0415,
eslv2026kg53g22p,ohdd2026kji3m5zv,hypodd,ohyp2026k5n5qlvx,2025-04-11T19:04:14.679999Z,13.885329,-89.735067,7.075,2.1043,MLc,0.115,137,16,0.0198,0.023,
eslv20262j4fiqpw,ohdd2026w7b5exuo,hypodd,ohyp2026vfhvu5m6,2025-04-11T19:07:08.880000Z,13.886287,-89.733057,7.422,1.6429,MLc,0.111,141,12,0.0201,0.0242,
eslv2026ioe2ojwa,ohdd2026qkcykdzr,hypodd,ohyp2026esjpifqa,2025-04-11T19:07:52.880000Z,13.880001,-89.769775,5.167,1.1393,MLc,0.175,209,8,0.0406,0.0235,
eslv2026xhjtq6bm,ohdd2026xc3qzztq,hypodd,ohyp2026o45vltdp,2025-04-11T19:09:06.839999Z,13.884251,-89.735661,6.643,3.108,MLc,0.14,135,17,0.0217,0.0257,
eslv2026hxunntay,ohdd2026aodq5jw5,hypodd,ohyp2026n6w5w7uz,2025-04-11T19:09:29.519999Z,13.882493,-89.73575,7.045,2.0763,MLc,0.108,139,9,0.0391,0.0436,
eslv2026qxt3jf77,ohdd2026xbudojow,hypodd,ohyp2026ncdqjrpd,2025-04-11T19:11:25.239999Z,13.881094,-89.738501,7.071,1.3008,MLc,0.199,162,8,0.0194,0.0281,
eslv2026q4y6fro6,ohdd2026rju75s6l,hypodd,ohyp2026p7ag5tee,2025-04-11T19:16:43.600000Z,13.886394,-89.734106,6.69,2.3439,MLc,0.168,127,16,0.0269,0.0302,
eslv2026dr2kebyc,ohdd20263pnuvegi,hypodd,ohyp2026v5uhqkzo,2025-04-11T19:23:15.599999Z,13.884902,-89.734554,7.342,1.7832,MLc,0.107,139,12,0.0149,0.0189,
eslv2026s7ewyohv,ohdd2026w7gmw4gp,hypodd,ohyp2026qrcvzd5w,2025-04-11T21:33:52.399999Z,13.886053,-89.730208,5.922,1.2409,MLc,0.16,128,8,0.0294,0.0359,
eslv2026skeu4vgh,ohdd2026mujao7bt,hypodd,ohyp2026kgrvpl5a,2025-04-11T21:48:29.699999Z,13.8844,-89.73444,6.949,1.9653,MLc,0.112,137,15,0.0191,0.0233,
eslv2026273bhiyw,ohdd2026k24c57n5,hypodd,ohyp20265e45cgua,2025-04-12T03:15:37.159999Z,13.883383,-89.733366,7.154,0.8108,MLc,0.108,141,10,0.0178,0.021,
eslv2026axyss53s,ohdd20265f3jzm63,hypodd,ohyp2026d2nqvblg,2025-04-12T05:18:11.179999Z,13.89861,-89.745394,12.467,1.0539,MLc,0.116,173,8,0.0481,0.0319,
eslv2026sqcn7x55,ohdd2026egjx5emo,hypodd,ohyp2026hj3wzubn,2025-04-12T05:22:27.100000Z,13.884413,-89.733122,6.98,0.7293,MLc,0.146,178,10,0.0226,0.0222,
eslv2026a7sgwkre,ohdd2026m3bnw5dt,hypodd,ohyp2026mecpmsyq,2025-04-12T08:57:56.179999Z,13.883557,-89.732048,5.034,0.6848,MLc,0.231,135,10,0.0329,0.0412,
eslv2026fkjz33xw,ohdd2026of3p243n,hypodd,ohyp2026fv627zul,2025-04-13T03:18:52.770000Z,13.885479,-89.733667,7.022,1.7925,MLc,0.106,166,13,0.0237,0.0213,
eslv2026thslyipn,ohdd2026wmpzj2ro,hypodd,ohyp2026g442lpfb,2025-04-13T03:20:06.440000Z,13.891461,-89.749748,15.142,1.5785,MLc,0.023,170,11,0.5518,0.5787,
eslv202644zfg5nt,ohdd2026fy5pfg7b,hypodd,ohyp2026t6zraobw,2025-04-13T06:24:34.140000Z,13.892447,-89.711995,13.656,0.9371,MLc,0.143,167,8,0.0304,0.0211,
eslv20267ohyez42,ohdd2026s3l3pf6v,hypodd,ohyp2026y2axwvpf,2025-04-13T09:11:26.079999Z,13.883804,-89.732764,8.237,0.8776,MLc,0.124,170,8,0.028,0.0198,
eslv2026lejvmim2,ohdd2026estfa4n5,hypodd,ohyp2026yvxuf2xz,2025-04-13T20:21:54.840000Z,13.889602,-89.798714,7.546,1.3553,MLc,0.237,194,8,0.0246,0.0361,
eslv2026a6hjubsb,ohdd20266mcb6ugf,hypodd,ohyp2026dnurcvqa,2025-04-13T21:00:32.320000Z,13.881983,-89.713802,10.462,1.3594,MLc,0.157,167,8,0.0272,0.0235,
eslv2026zlnuwqaw,ohdd20262jb4yg5t,hypodd,ohyp2026jolk2oe6,2025-04-13T21:17:13.359999Z,13.877778,-89.734001,2.595,1.5404,MLc,0.167,168,8,0.0428,0.05,
eslv2026jxjzg5cn,ohdd2026v2jbu2fz,hypodd,ohyp2026ksgyulyd,2025-04-14T06:35:04.179999Z,13.881549,-89.734025,7.832,1.0038,MLc,0.155,173,9,0.0317,0.0343,
eslv2026zco5gokb,ohdd2026k3e2imfq,hypodd,ohyp2026c3r36cjr,2025-04-14T18:38:35.640000Z,13.885333,-89.733537,7.332,1.4047,MLc,0.166,168,9,0.0218,0.0281,
eslv2026gc4ncfrr,ohdd20265ixyu5xw,hypodd,ohyp2026kqggph7c,2025-04-21T03:37:58.789999Z,13.739349,-89.478345,15.917,1.7321,MLc,0.241,327,9,0.3512,0.2691,
eslv20262ldwoys7,ohdd2026hxdmjxwq,hypodd,ohyp2026ly7vu4hq,2025-04-22T03:27:17.960000Z,14.07378,-89.754785,12.391,1.6253,MLc,0.105,229,6,0.2749,0.3056,
eslv2026nxk4ircy,ohdd2026bfutydaw,hypodd,ohyp2026ltslwm4x,2025-04-22T05:00:54.149999Z,13.92604,-89.713745,1.724,0.918,MLc,0.04,353,6,0.0308,0.0418,
eslv2026n4nsixhj,ohdd20264ihd6t44,hypodd,ohyp2026c3kkpugz,2025-04-23T09:17:35.409999Z,14.077435,-89.738745,11.1,0.5717,MLc,0.131,243,6,0.2296,0.3601,
eslv202643vjthdp,ohdd2026gxz4va2w,hypodd,ohyp2026qf42jue7,2025-04-25T10:41:17.089999Z,13.883133,-89.731649,6.738,1.3289,MLc,0.131,131,9,0.0237,0.0216,
eslv2026iynblt22,ohdd2026rvlxkzjv,hypodd,ohyp2026x6n3jv5f,2025-04-25T15:21:36.530000Z,13.82831,-89.777791,4.887,2.8229,MLc,0.285,207,18,0.0282,0.025,
eslv2026euczaidf,ohdd2026p2zmcyzp,hypodd,ohyp2026j23bbfmg,2025-04-25T15:26:16.600000Z,13.827541,-89.778556,4.892,1.5639,MLc,0.306,211,14,0.0347,0.0315,
eslv2026b55zqy2z,ohdd2026qpv4osop,hypodd,ohyp2026fsgumopz,2025-04-25T19:20:22.359999Z,13.824933,-89.778166,3.555,1.5453,MLc,0.355,217,9,0.0198,0.0224,
eslv2026qjkjqopy,ohdd2026bwcg5d5g,hypodd,ohyp2026gmfxu4ta,2025-04-26T06:18:17.230000Z,13.919081,-89.720841,5,0.956,MLc,0.181,246,9,0.0286,0.0533,
eslv2026isqwuyx6,ohdd2026cr376jim,hypodd,ohyp2026syitfe3d,2025-04-26T19:59:27.839999Z,13.813809,-89.811621,3.062,1.8124,MLc,0.255,217,13,0.0133,0.0243,
eslv2026evzawhhw,ohdd20267op34jyg,hypodd,ohyp2026q43xoctw,2025-04-26T20:27:18.440000Z,13.87383,-89.807633,2.096,1.6034,MLc,0.279,202,10,0.0245,0.0308,
eslv20265af44ftd,ohdd2026rvqcnmui,hypodd,ohyp2026rsfu52c2,2025-04-27T04:09:13.300000Z,13.817455,-89.805339,2.613,1.0819,MLc,0.209,256,7,0.0134,0.0251,
eslv2026wwl3mw47,ohdd2026nnalomks,hypodd,ohyp2026xgddt372,2025-04-28T00:53:22.339999Z,13.876474,-89.759383,4.911,1.7184,MLc,0.264,168,8,0.0365,0.0425,
eslv2026c5xz4mxf,ohdd20265nv5maji,hypodd,ohyp2026m7pvhbxb,2025-04-28T15:35:10.460000Z,13.888904,-89.752889,6.837,1.0529,MLc,0.16,162,8,0.0379,0.0323,
eslv2026czd5cngg,ohdd2026sn5eboln,hypodd,ohyp2026sevhmyo2,2025-05-01T19:06:15.800000Z,13.893973,-89.684351,4.698,0.9094,MLc,0.289,221,6,0.0179,0.0176,
eslv2026lrejeize,ohdd2026g2s6exku,hypodd,ohyp2026aakmsug5,2025-05-01T21:05:30.079999Z,13.891155,-89.685327,5.147,0.9953,MLc,0.273,218,6,0.0183,0.0318,
eslv2026ritr3vnc,ohdd2026pktug5uw,hypodd,ohyp2026ogk2hzta,2025-05-02T04:47:14.759999Z,13.912851,-89.676742,4.127,0.552,MLc,0.045,253,6,0.0341,0.0226,
eslv2026a5rgqjyu,ohdd2026s4i3mdxf,hypodd,ohyp2026ary5j2j5,2025-05-04T09:33:33.140000Z,13.867502,-89.704256,5.516,0.9418,MLc,0.232,162,10,0.0458,0.0468,
eslv2026tw2oauc3,ohdd2026jn5ljw7t,hypodd,ohyp20264g7mfkwq,2025-05-04T09:37:36.090000Z,13.878657,-89.690902,6.102,0.9149,MLc,0.349,124,9,0.0188,0.0322,
eslv202652momxfk,ohdd20264qyjxskp,hypodd,ohyp2026t5xarqd7,2025-05-04T15:17:56.649999Z,13.81916,-89.81241,2.106,1.1569,MLc,0.132,258,7,0.0279,0.0433,
eslv2026bz33fhpx,ohdd20262jzltw5v,hypodd,ohyp20267msklrjb,2025-05-08T14:13:24.899999Z,14.06563,-89.749438,10.237,1.5142,MLc,0.161,132,11,0.2457,0.3011,
eslv2026kneghfkf,ohdd2026dzfh4cm4,hypodd,ohyp2026fotcblti,2025-05-08T23:46:46.740000Z,13.838878,-89.621322,0.433,0.7728,MLc,0.358,313,6,0.2738,0.1791,
eslv2026hlcomhn7,ohdd2026w7t3hxwx,hypodd,ohyp2026fz2w3q2b,2025-05-09T18:14:35.140000Z,14.084102,-89.731104,8.653,0.6574,MLc,0.129,146,6,0.1562,0.2243,
eslv2026s4xszuh6,ohdd2026ov6i6o2m,hypodd,ohyp2026ufo6qq4y,2025-05-11T06:12:38.070000Z,13.86806,-89.69292,2.026,0.7347,MLc,0.094,142,7,0.0364,0.0359,
eslv20267a532bzy,ohdd2026l2zcylff,hypodd,ohyp2026afmg7abo,2025-05-13T09:16:59.259999Z,13.88279,-89.7361,7.092,1.0604,MLc,0.106,152,9,0.0304,0.0362,
eslv202676szscbg,ohdd2026pehdxi7i,hypodd,ohyp2026gen55dff,2025-05-13T16:49:34.149999Z,13.880294,-89.687817,7.659,1.4081,MLc,0.26,119,12,0.0196,0.031,
eslv2026ribjfzrl,ohdd2026jjdldwiv,hypodd,ohyp2026o4tvr43m,2025-05-15T13:42:46.490000Z,13.880605,-89.803434,8.488,1.7636,MLc,0.041,288,8,0.0811,0.0617,
eslv2026rxv7jj2a,ohdd2026pcpnh2hz,hypodd,ohyp2026opnzruup,2025-05-17T23:38:56.119999Z,13.889255,-89.741618,7.078,3.248,MLc,0.251,126,13,0.0212,0.0312,
eslv20262ue2ba2i,ohdd2026wx7umvdf,hypodd,ohyp2026xyswyms4,2025-05-17T23:40:07.900000Z,13.888977,-89.742326,7.177,3.0381,MLc,0.175,138,13,0.0193,0.0267,
eslv20265t7boh7g,ohdd2026kmikjrot,hypodd,ohyp20264uc6m2vf,2025-05-17T23:40:24.879999Z,13.888869,-89.7427,7.177,3.1139,MLc,0.119,148,11,0.0238,0.0214,
eslv2026dzjvyspn,ohdd2026uzp3i5ze,hypodd,ohyp2026we6ixqua,2025-05-17T23:42:03.960000Z,13.890128,-89.740145,6.864,2.0539,MLc,0.121,133,10,0.0181,0.0188,
eslv2026wwjaztcw,ohdd2026ulytpvzg,hypodd,ohyp2026mmb7adiv,2025-05-17T23:42:24.859999Z,13.907565,-89.753809,6.82,1.8353,MLc,0.402,220,6,0.0402,0.0498,
eslv20266psjlel4,ohdd20264zjwfquw,hypodd,ohyp2026uxepfckv,2025-05-17T23:45:57.600000Z,13.869358,-89.758016,4.417,1.5777,MLc,0.161,204,7,0.0255,0.0238,
eslv2026ybr2uw27,ohdd2026p6tnzxjn,hypodd,ohyp202647j2mnn6,2025-05-17T23:46:11.320000Z,13.890313,-89.743685,7.199,1.8989,MLc,0.191,130,10,0.0241,0.0206,
eslv2026eielyjqm,ohdd2026gvqcvkpd,hypodd,ohyp2026d6ixhm3m,2025-05-17T23:47:17.940000Z,13.889571,-89.743717,7.322,2.5164,MLc,0.207,147,13,0.0245,0.0264,
eslv2026fnqwaqs6,ohdd2026br7qtxqi,hypodd,ohyp2026q6icgylw,2025-05-17T23:47:47.479999Z,13.889798,-89.743587,7.282,2.7409,MLc,0.088,137,13,0.0188,0.0201,
eslv2026yjqxoe3q,ohdd2026pcsiu5rw,hypodd,ohyp2026qpttev4u,2025-05-17T23:48:19.620000Z,13.903267,-89.751204,8.515,1.8391,MLc,0.156,157,7,0.0495,0.0385,
eslv2026b3cgdwig,ohdd2026o5tq7wcc,hypodd,ohyp2026kdrfyhoo,2025-05-17T23:49:13.679999Z,13.890268,-89.742497,7.091,2.3069,MLc,0.115,135,13,0.0187,0.02,
eslv20265bumxdam,ohdd2026r7obh6bd,hypodd,ohyp2026u5epscbb,2025-05-17T23:49:33.420000Z,13.88932,-89.742407,6.993,2.7317,MLc,0.113,134,13,0.0194,0.0179,
eslv2026r2vmahem,ohdd20265llvu64u,hypodd,ohyp2026uzcluesf,2025-05-17T23:50:11.039999Z,13.891534,-89.74589,7.511,1.603,MLc,0.155,146,8,0.0292,0.0281,
eslv2026xpp7jxu2,ohdd2026ussc5md3,hypodd,ohyp2026utpow5i4,2025-05-17T23:50:50.899999Z,13.89141,-89.738883,6.711,1.6283,MLc,0.116,129,9,0.0246,0.0253,
eslv2026pownq4jx,ohdd2026jtjiwgh6,hypodd,ohyp20264in6omtf,2025-05-17T23:51:14.599999Z,13.889616,-89.74423,7.245,2.1361,MLc,0.185,123,13,0.0253,0.0281,
eslv20264n3ttm45,ohdd2026ej4x7ysm,hypodd,ohyp2026v3crml7e,2025-05-17T23:52:54.880000Z,13.88919,-89.742358,7.146,1.8868,MLc,0.123,141,10,0.0185,0.0235,
eslv2026ygqba5jb,ohdd2026msmb4g52,hypodd,ohyp20267cl5gr3q,2025-05-17T23:53:10.279999Z,13.889361,-89.743237,7.296,2.1558,MLc,0.118,133,13,0.0216,0.0229,
eslv2026gubryfte,ohdd2026egyyipc3,hypodd,ohyp2026rmjkbstp,2025-05-17T23:53:59.479999Z,13.887065,-89.741903,6.48,2.024,MLc,0.338,168,10,0.0383,0.0512,
eslv2026egbcwg62,ohdd20263ef4j7vw,hypodd,ohyp202672ie5xgf,2025-05-17T23:54:51.100000Z,13.889755,-89.743848,7.153,2.8656,MLc,0.136,141,14,0.0194,0.022,
eslv2026dudjohk5,ohdd2026u6mlymkz,hypodd,ohyp2026sixmnq6g,2025-05-17T23:57:04.719999Z,13.890284,-89.742855,7.185,2.232,MLc,0.118,125,12,0.0208,0.0191,
eslv2026ec7egimb,ohdd2026nj4jz53e,hypodd,ohyp20266ulkobdk,2025-05-17T23:58:26.059999Z,13.889283,-89.743685,7.224,2.3356,MLc,0.221,129,13,0.0226,0.0221,
eslv2026siyjpt5w,ohdd2026fvpqq2yz,hypodd,ohyp20262vkezt4t,2025-05-17T23:58:36.679999Z,13.889506,-89.743766,7.206,2.8023,MLc,0.135,134,13,0.0203,0.0223,
eslv2026f5ozqzqr,ohdd2026l4iocdqn,hypodd,ohyp2026udllonc4,2025-05-17T23:59:41.020000Z,13.926092,-89.746615,12.924,1.595,MLc,0.127,137,8,0.0058,0.0076,
eslv2026k2tvskek,ohdd2026dgqjzdz4,hypodd,ohyp2026gvt2jypc,2025-05-18T00:01:18.539999Z,13.891663,-89.781584,12.629,1.9475,MLc,0.157,140,12,0.0269,0.0295,
eslv20266nfhya6w,ohdd2026uo3q5y42,hypodd,ohyp2026vua6zulk,2025-05-18T00:03:12.730000Z,13.951829,-89.713184,8.239,1.4269,MLc,0.16,159,7,0.0385,0.0311,
eslv2026iyw7d6yj,ohdd2026dqumy3by,hypodd,ohyp2026xubysz5y,2025-05-18T00:07:01.189999Z,13.890388,-89.745288,7.214,2.5853,MLc,0.167,142,13,0.0217,0.0237,
eslv2026ziduu3lt,ohdd2026rwkxpyrw,hypodd,ohyp2026mu4wwuop,2025-05-18T00:07:45.649999Z,13.889431,-89.743831,7.357,2.4602,MLc,0.102,141,12,0.019,0.0209,
eslv2026nek3ie34,ohdd2026bttyemxx,hypodd,ohyp20266s2uc7lu,2025-05-18T00:08:36.780000Z,13.870518,-89.76259,5.327,1.3069,MLc,0.231,211,7,0.0346,0.0305,
eslv202646h63cbc,ohdd2026ulmxa44l,hypodd,ohyp202663lj364w,2025-05-18T00:11:04.660000Z,13.891001,-89.742188,7.315,2.6951,MLc,0.101,133,13,0.02,0.0192,
eslv2026sh2czqmj,ohdd20264hn3hzb2,hypodd,ohyp2026u6nlccco,2025-05-18T00:11:53.009999Z,13.870659,-89.756966,4.151,1.0985,MLc,0.178,175,6,0.0389,0.0299,
eslv2026bxlyiilk,ohdd2026ajmipjrr,hypodd,ohyp2026kipvz5ro,2025-05-18T00:13:11.689999Z,13.8935,-89.757121,6.889,1.3677,MLc,0.13,177,8,0.0328,0.0438,
eslv20266exrsgbr,ohdd2026irzl6slo,hypodd,ohyp2026rsxvbnr3,2025-05-18T00:15:48.659999Z,13.889556,-89.740633,6.945,2.1613,MLc,0.095,136,10,0.0193,0.0203,
eslv2026cohtm3tg,ohdd2026xceibnxh,hypodd,ohyp2026yjbbeemw,2025-05-18T00:16:15.109999Z,13.890612,-89.740763,6.753,1.3905,MLc,0.111,156,6,0.0216,0.027,
eslv2026yobni7xk,ohdd2026bmhmht46,hypodd,ohyp2026cypwtgri,2025-05-18T00:24:05.500000Z,13.891355,-89.737109,6.314,1.7544,MLc,0.121,124,11,0.0165,0.019,
eslv2026xjcq6zgz,ohdd2026zxza7ga7,hypodd,ohyp2026gm5sl4vt,2025-05-18T00:24:34.210000Z,13.88906,-89.739412,6.647,1.1711,MLc,0.129,166,6,0.0282,0.0342,
eslv2026vpknibxq,ohdd202623z2mdnp,hypodd,ohyp2026ung7a6rn,2025-05-18T00:30:28.320000Z,13.889702,-89.743213,7.264,2.0131,MLc,0.102,141,12,0.0195,0.0187,
eslv2026cybuayir,ohdd2026vvfdl2kj,hypodd,ohyp20267nyvss4v,2025-05-18T00:39:53.109999Z,13.870786,-89.757332,4.514,1.1621,MLc,0.245,210,7,0.0266,0.0215,
eslv2026jajehgvm,ohdd2026zlmvkol3,hypodd,ohyp2026sgned6pm,2025-05-18T00:40:50.359999Z,13.891078,-89.740503,6.598,1.6308,MLc,0.108,121,9,0.0243,0.0219,
eslv2026jmeop47o,ohdd2026mlyydojg,hypodd,ohyp20263civy5dn,2025-05-18T00:48:02.169999Z,13.890452,-89.742448,7.005,1.8781,MLc,0.129,157,9,0.0324,0.0307,
eslv2026ks56x3g5,ohdd2026ii3kzeyp,hypodd,ohyp2026ezagglo2,2025-05-18T01:06:47.380000Z,13.887944,-89.74126,6.938,1.1886,MLc,0.106,164,7,0.0216,0.019,
eslv20263kz4klio,ohdd2026fs4alglz,hypodd,ohyp2026gylajz45,2025-05-18T01:20:16.850000Z,13.881115,-89.72994,4.647,1.7945,MLc,0.14,133,12,0.0355,0.0303,
eslv2026375jrz26,ohdd2026tudy5aya,hypodd,ohyp20267mve4qxf,2025-05-18T01:21:07.469999Z,13.889563,-89.743856,7.337,2.0608,MLc,0.098,139,13,0.0186,0.0207,
eslv2026wmjhhq2u,ohdd2026chmmbrug,hypodd,ohyp2026aalblqhc,2025-05-18T01:23:49.229999Z,13.855988,-89.752287,3.98,1.0493,MLc,0.099,162,8,0.0224,0.038,
eslv2026g2jgbjhx,ohdd2026te2yls7p,hypodd,ohyp2026mlo7jp6s,2025-05-18T01:25:31.179999Z,13.873255,-89.701351,13.186,1.542,MLc,0.085,138,7,0.0321,0.0244,
eslv2026ulcmy7lz,ohdd20264dyxakyu,hypodd,ohyp2026ih5543uz,2025-05-18T02:13:45.369999Z,13.888899,-89.742253,7.221,1.8319,MLc,0.106,137,10,0.0199,0.0231,
eslv2026fikqo4ts,ohdd20264nmdz3li,hypodd,ohyp2026aw7zkozs,2025-05-18T02:27:11.039999Z,13.889256,-89.741121,7.068,1.4776,MLc,0.107,162,8,0.0208,0.0216,
eslv2026hqwyjgax,ohdd2026rdryva67,hypodd,ohyp2026hf6shfzq,2025-05-18T03:39:46.159999Z,13.889448,-89.738411,6.935,1.7244,MLc,0.118,136,11,0.0157,0.019,
eslv2026z3fizwgc,ohdd2026grukx3mw,hypodd,ohyp2026cj7imdaw,2025-05-18T03:40:04.309999Z,13.89042,-89.739827,6.869,1.5285,MLc,0.104,129,9,0.0189,0.0231,
eslv20265snnhnn5,ohdd20267fp2bquh,hypodd,ohyp2026fexlczkt,2025-05-18T03:46:05.759999Z,13.890359,-89.73929,6.957,1.2977,MLc,0.09,125,8,0.0175,0.0199,
eslv2026qqghhlkc,ohdd20267prffa3j,hypodd,ohyp2026frh5aw2i,2025-05-18T03:47:58.359999Z,13.887742,-89.734342,4.883,0.9997,MLc,0.101,162,7,0.0207,0.0185,
eslv2026twfqyput,ohdd2026ixyfbkd7,hypodd,ohyp2026yjw6whci,2025-05-18T03:50:48.780000Z,13.891104,-89.739364,6.833,1.0544,MLc,0.111,128,7,0.0184,0.0221,
eslv2026yzbqse47,ohdd2026dz6uifsb,hypodd,ohyp2026jkyi2h3s,2025-05-18T03:50:56.479999Z,13.831593,-89.657056,11.444,1.313,MLc,0.159,179,6,0.0316,0.0375,
eslv2026clzpw7iv,ohdd2026efwoc66v,hypodd,ohyp2026cmvndn7l,2025-05-18T03:56:22.539999Z,13.892093,-89.740381,7.012,1.0441,MLc,0.154,161,7,0.0172,0.0163,
eslv2026yrsi5yae,ohdd2026s2si6kwx,hypodd,ohyp20265ixrrnrd,2025-05-18T04:00:07.089999Z,13.889201,-89.74327,7.34,1.2603,MLc,0.131,136,8,0.0189,0.0198,
eslv2026ddb3jl3l,ohdd2026bycldf72,hypodd,ohyp2026pgqm2jiv,2025-05-18T04:00:29.820000Z,13.890693,-89.740715,6.966,1.2485,MLc,0.096,129,10,0.0196,0.0236,
eslv2026loj3lyqq,ohdd2026eyurlg36,hypodd,ohyp20266gjkpgss,2025-05-18T04:01:01.310000Z,13.890346,-89.74318,7.577,1.7342,MLc,0.097,139,12,0.0199,0.0192,
eslv2026hhvcpxph,ohdd2026vuybvf4m,hypodd,ohyp2026bpdphfck,2025-05-18T04:04:22.260000Z,13.889859,-89.740975,6.98,1.8853,MLc,0.104,131,13,0.0166,0.0206,
eslv2026vnnqctp5,ohdd2026o6zofe4w,hypodd,ohyp2026a7ksfuuz,2025-05-18T04:04:47.070000Z,13.889599,-89.742676,7.23,2.2995,MLc,0.113,134,13,0.0217,0.0226,
eslv20262h46ttxl,ohdd2026fgifghbz,hypodd,ohyp2026ulzocpn2,2025-05-18T04:08:00.640000Z,13.867665,-89.739697,7.807,0.961,MLc,0.118,165,6,0.0355,0.0273,
eslv2026i4537gbz,ohdd2026453sxkkh,hypodd,ohyp2026ciaoc3m6,2025-05-18T04:09:03.480000Z,13.890797,-89.739779,6.861,1.4675,MLc,0.098,124,9,0.0182,0.0188,
eslv2026dxrpfuzk,ohdd2026xfu6xds3,hypodd,ohyp2026g7w55diq,2025-05-18T04:11:53.960000Z,13.890803,-89.739632,6.744,0.9608,MLc,0.082,161,6,0.0175,0.0151,
eslv2026cdsuaf6a,ohdd2026kcaiskru,hypodd,ohyp2026q54uyl5u,2025-05-18T04:14:48.460000Z,13.889977,-89.73973,6.964,1.6714,MLc,0.098,125,10,0.018,0.0183,
eslv2026nkfeyv77,ohdd2026mjnvuz3d,hypodd,ohyp2026bt4jat6a,2025-05-18T04:16:07.750000Z,13.78101,-89.696012,0.12,0.7477,MLc,0.396,171,6,0.0386,0.0639,
eslv2026nckrbblw,ohdd20267g7nep7v,hypodd,ohyp2026izfdttmp,2025-05-18T04:20:03.500000Z,13.891063,-89.738818,6.919,0.8502,MLc,0.099,161,6,0.0207,0.0244,
eslv2026citil7k4,ohdd2026alhlr6l3,hypodd,ohyp2026t7mij3oj,2025-05-18T04:22:03.580000Z,13.889693,-89.745386,7.251,1.3157,MLc,0.108,128,8,0.0269,0.0287,
eslv2026rmunw7h3,ohdd20263nkyx2pz,hypodd,ohyp2026ckblbfa6,2025-05-18T04:26:33.590000Z,13.889541,-89.74397,7.383,2.0133,MLc,0.108,135,13,0.0203,0.0198,
eslv20263djxe3aq,ohdd2026b4ytmvjd,hypodd,ohyp2026i42te4ms,2025-05-18T04:27:44.240000Z,13.889718,-89.743636,7.414,1.4898,MLc,0.109,145,10,0.0209,0.0254,
eslv20262ujejkfp,ohdd20263qzgaxtk,hypodd,ohyp2026zgvpqyik,2025-05-18T04:45:34.840000Z,13.889961,-89.742147,6.958,1.363,MLc,0.088,124,8,0.0295,0.0325,
eslv20266fpjn2dd,ohdd2026n3estvso,hypodd,ohyp2026eefzdgfn,2025-05-18T04:55:34.600000Z,13.891497,-89.741895,7.158,0.873,MLc,0.12,127,8,0.0206,0.0236,
eslv202622kzafjv,ohdd2026m3flus5t,hypodd,ohyp2026if6swtuu,2025-05-18T05:07:14.160000Z,13.890974,-89.744971,7.475,0.7911,MLc,0.133,167,7,0.0235,0.0181,
eslv202664eaaebo,ohdd2026pohz2naz,hypodd,ohyp2026ppt7lojt,2025-05-18T05:26:57.840000Z,13.890939,-89.744027,7.32,1.8261,MLc,0.106,139,11,0.0219,0.0246,
eslv2026zg2nce3c,ohdd2026dlebb7gh,hypodd,ohyp20262ltewhw2,2025-05-18T05:27:45.060000Z,13.889968,-89.743376,7.415,1.0829,MLc,0.14,163,6,0.0228,0.0172,
eslv2026e53bweuc,ohdd2026la237wkc,hypodd,ohyp2026vmhph2wk,2025-05-18T05:47:05.209999Z,13.889585,-89.743221,9.431,0.6164,MLc,0.261,148,6,0.0405,0.0336,
eslv2026p3lqniss,ohdd2026finstt2q,hypodd,ohyp20266hkpj7gg,2025-05-18T05:57:52.509999Z,13.889962,-89.741016,6.924,1.2439,MLc,0.107,130,11,0.0193,0.0257,
eslv2026ontjlwzl,ohdd2026x6ju6qjt,hypodd,ohyp2026jgsjgnfr,2025-05-18T06:08:40.189999Z,13.889977,-89.740584,6.963,1.357,MLc,0.152,132,10,0.017,0.0198,
eslv20264ehickpp,ohdd2026iqtjyph3,hypodd,ohyp2026gq3sqkc2,2025-05-18T06:09:08.310000Z,13.891424,-89.741431,7.291,1.9959,MLc,0.094,133,12,0.0186,0.0205,
eslv2026okucxy7j,ohdd2026f7biqs77,hypodd,ohyp2026ovmmaosh,2025-05-18T06:09:43.820000Z,13.889865,-89.740601,6.694,1.5962,MLc,0.11,137,11,0.0168,0.019,
eslv2026tmowxyys,ohdd2026dfzqn5sp,hypodd,ohyp2026cb66ah65,2025-05-18T06:10:06.610000Z,13.891229,-89.740373,6.306,1.3863,MLc,0.173,120,10,0.0192,0.0245,
eslv2026l44i6wrd,ohdd2026rhqhzjmq,hypodd,ohyp2026smr2ptwi,2025-05-18T06:11:31.000000Z,13.889271,-89.744523,7.44,1.9247,MLc,0.171,126,11,0.0234,0.025,
eslv2026bpwaomtk,ohdd20264cq6a3hs,hypodd,ohyp20262gevhewq,2025-05-18T06:13:52.530000Z,13.888715,-89.749414,8.261,0.9865,MLc,0.102,140,7,0.0265,0.0206,
eslv2026vdaq6eur,ohdd2026qbtf3gek,hypodd,ohyp20262u7nw5qt,2025-05-18T06:15:27.940000Z,13.890219,-89.74012,6.706,1.3348,MLc,0.105,133,8,0.0175,0.0229,
eslv2026mbbj4lkm,ohdd2026cutkb5gy,hypodd,ohyp20263vbf5h3h,2025-05-18T06:16:15.310000Z,13.890345,-89.740942,7.066,0.9125,MLc,0.111,123,8,0.0198,0.0171,
eslv20266fatthfz,ohdd20267qhcpxar,hypodd,ohyp2026c33tdguy,2025-05-18T06:54:40.759999Z,13.890764,-89.740063,6.991,0.7692,MLc,0.092,163,6,0.0177,0.0136,
eslv2026wlg4xhdd,ohdd20263fp4azed,hypodd,ohyp2026kxiamgis,2025-05-18T07:04:40.320000Z,13.887646,-89.738403,6.805,1.0376,MLc,0.107,132,10,0.0177,0.0199,
eslv2026233jczqy,ohdd2026pg4yt6as,hypodd,ohyp20267ln2rqcj,2025-05-18T07:05:27.629999Z,13.888686,-89.739762,6.814,0.6897,MLc,0.104,164,7,0.0185,0.0214,
eslv2026nq77rfux,ohdd2026tkmbhxlm,hypodd,ohyp2026risf2m5d,2025-05-18T07:06:09.589999Z,13.891508,-89.741178,7.053,0.5727,MLc,0.136,164,6,0.022,0.0268,
eslv2026g5ieeptu,ohdd2026y2whv62s,hypodd,ohyp2026vzqxdice,2025-05-18T07:06:39.140000Z,13.890474,-89.743701,7.508,1.6872,MLc,0.103,137,11,0.0192,0.018,
eslv20267zekjaam,ohdd20266t2nw5ij,hypodd,ohyp2026entipaj4,2025-05-18T07:32:21.929999Z,13.890985,-89.740625,6.937,0.7265,MLc,0.095,127,7,0.0207,0.018,
eslv2026dtnu7r5h,ohdd2026yivltezz,hypodd,ohyp2026fqwpzoir,2025-05-18T07:57:15.970000Z,13.889474,-89.745654,7.702,1.0619,MLc,0.087,143,7,0.0209,0.0176,
eslv2026ss6k2zp2,ohdd2026re2c6hxb,hypodd,ohyp20263mvruv4u,2025-05-18T09:58:25.059999Z,13.890077,-89.740438,7.031,0.8251,MLc,0.114,157,7,0.0172,0.0206,
eslv2026nv2zq5vo,ohdd2026jtfe5me7,hypodd,ohyp2026sya56mjn,2025-05-18T10:18:47.039999Z,13.890502,-89.743237,7.36,1.121,MLc,0.111,138,10,0.0195,0.0227,
eslv20263olqgd3d,ohdd2026vdemnzsz,hypodd,ohyp2026v5ozhpmo,2025-05-18T10:19:57.159999Z,13.888412,-89.741398,7.164,0.7815,MLc,0.107,165,7,0.0216,0.0156,
eslv2026w5ivamvi,ohdd2026gdixlmlc,hypodd,ohyp20267yqabimq,2025-05-18T10:21:37.509999Z,13.891018,-89.744767,7.546,0.5562,MLc,0.161,166,6,0.0242,0.0223,
eslv2026jndgchoc,ohdd20262rvd2ygd,hypodd,ohyp2026a3ilfpii,2025-05-18T10:24:21.620000Z,13.888428,-89.742244,7.422,0.8042,MLc,0.088,161,6,0.0198,0.0216,
eslv2026pk7ezp2f,ohdd2026shwmdzfu,hypodd,ohyp2026aqji62cg,2025-05-18T10:25:24.679999Z,13.890131,-89.743449,7.452,1.5189,MLc,0.095,140,11,0.0202,0.0209,
eslv2026o3y4azuu,ohdd2026fqbjtexm,hypodd,ohyp2026ajcu6ptv,2025-05-18T10:34:11.470000Z,13.882976,-89.746606,7.097,0.8304,MLc,0.209,188,6,0.0272,0.0257,
eslv2026attmjb36,ohdd20266yctoefb,hypodd,ohyp2026mp4fwuo4,2025-05-18T11:04:28.489999Z,13.874829,-89.738249,11.559,1.2304,MLc,0.3,207,6,0.0781,0.0588,
eslv2026bmemznnw,ohdd2026q4p7pkek,hypodd,ohyp2026yieb6ddf,2025-05-18T11:06:27.149999Z,13.885124,-89.734131,6.053,1.1506,MLc,0.116,130,8,0.0306,0.037,
eslv2026zb3qo7iu,ohdd2026sn4uuxn2,hypodd,ohyp20265ka6fexp,2025-05-20T03:19:16.239999Z,13.885145,-89.754403,4.461,1.1647,MLc,0.255,224,6,0.0301,0.0273,
eslv2026xpubgqey,ohdd2026c4ohehuu,hypodd,ohyp202633dwl32p,2025-05-20T07:43:00.600000Z,13.887459,-89.74777,6.785,1.942,MLc,0.146,155,13,0.0196,0.0244,
eslv2026e2pbvjh4,ohdd2026il4wagrc,hypodd,ohyp2026yma4n2kw,2025-05-20T07:46:50.380000Z,13.889264,-89.743913,7.317,1.005,MLc,0.139,177,6,0.0234,0.0192,
eslv2026ki2ok5ji,ohdd2026e6snyhgk,hypodd,ohyp20264xcdxzaf,2025-05-20T07:56:39.179999Z,13.887719,-89.742375,6.778,0.7721,MLc,0.12,126,6,0.0303,0.0265,
eslv2026xx5buil7,ohdd2026xw7syadh,hypodd,ohyp2026t67725xj,2025-05-20T08:30:57.100000Z,13.886729,-89.748071,6.373,1.7526,MLc,0.177,158,13,0.0206,0.0279,
eslv2026eny7tsvu,ohdd2026p4435gwj,hypodd,ohyp2026b6apot5u,2025-05-20T08:34:09.330000Z,13.889839,-89.742342,7.033,2.0937,MLc,0.173,139,14,0.0185,0.0266,
eslv2026xsebjq5s,ohdd2026acwrwo4a,hypodd,ohyp2026jhacyr2c,2025-05-20T08:39:14.220000Z,13.889411,-89.744702,7.414,2.5928,MLc,0.149,144,14,0.0236,0.026,
eslv2026pidm4eej,ohdd2026tygk7zo6,hypodd,ohyp2026u3p63h5n,2025-05-20T09:00:19.989999Z,13.888057,-89.745768,6.822,1.268,MLc,0.14,147,9,0.0198,0.0265,
eslv2026xlsc2lh2,ohdd2026hn46agav,hypodd,ohyp20265xlzbo4g,2025-05-20T10:48:54.679999Z,13.887192,-89.747786,6.917,1.6592,MLc,0.148,156,9,0.022,0.0236,
eslv2026hnkzs2yw,ohdd20262bhlwu3n,hypodd,ohyp20263vwpvc6e,2025-05-20T13:10:37.829999Z,13.884646,-89.758993,7.232,1.3558,MLc,0.15,188,7,0.034,0.0314,
eslv2026d4ipq65c,ohdd2026bqiekqfp,hypodd,ohyp2026wdfjeyjr,2025-05-20T21:56:49.079999Z,13.882465,-89.729964,4.681,1.7959,MLc,0.204,144,9,0.0314,0.0296,
eslv2026eoaojosy,ohdd2026tklsmwxr,hypodd,ohyp2026dgbrtukp,2025-05-21T02:35:26.750000Z,14.060948,-89.712061,13.25,1.3413,MLc,0.157,278,8,0.3496,0.2796,
eslv2026jkwvgj3s,ohdd2026axks6d3a,hypodd,ohyp2026acm5q46i,2025-05-21T17:28:32.399999Z,13.889616,-89.738224,6.545,1.8643,MLc,0.149,139,8,0.0212,0.02,
eslv2026qgkh6coz,ohdd2026kn3s27d7,hypodd,ohyp2026wjqp6bqp,2025-05-24T09:01:48.280000Z,14.082295,-89.744035,12.315,0.7729,MLc,0.125,240,8,0.1599,0.246,
eslv2026dzovlhgx,ohdd2026txvzpral,hypodd,ohyp2026p7qntc5s,2025-05-24T09:43:55.969999Z,14.091494,-89.735938,11.885,1.0121,MLc,0.154,220,9,0.236,0.2216,
eslv20262u7mr6by,ohdd2026wwuvbigv,hypodd,ohyp2026m5hgbgi2,2025-05-24T16:43:11.470000Z,14.085613,-89.741455,12.175,1.2517,MLc,0.133,244,7,0.1278,0.1431,
eslv2026x3h7b2x3,ohdd2026fruvavyc,hypodd,ohyp2026xcunhvsh,2025-05-24T22:04:19.039999Z,14.088193,-89.731047,9.607,0.718,MLc,0.167,154,6,0.2083,0.1899,
eslv2026loxnn2dk,ohdd2026t73fqwbm,hypodd,ohyp2026vrb6r5l3,2025-05-25T14:48:31.140000Z,13.88987,-89.743457,7.43,1.6196,MLc,0.101,115,17,0.0191,0.0186,
eslv2026rxeshxy3,ohdd2026dggdahgy,hypodd,ohyp2026prary7ir,2025-05-25T17:01:26.960000Z,13.887996,-89.743774,7.531,1.9943,MLc,0.183,112,18,0.0275,0.0259,
eslv2026y2dtl2hf,ohdd2026uxrc3mlo,hypodd,ohyp2026arai3zi6,2025-05-25T20:08:47.759999Z,13.889081,-89.742733,7.395,2.1929,MLc,0.131,109,17,0.0227,0.0243,
eslv2026gfg3tpag,ohdd2026cjgzdbad,hypodd,ohyp2026q4h326ue,2025-05-25T20:13:03.660000Z,13.890074,-89.742139,7.053,0.9587,MLc,0.101,156,6,0.0184,0.0216,
eslv2026274pp65e,ohdd2026ieqfxoa7,hypodd,ohyp2026cb4abl6w,2025-05-25T23:28:27.320000Z,13.895094,-89.736336,6.953,1.1741,MLc,0.085,169,6,0.0256,0.0236,
eslv2026yjzx34i6,ohdd2026uv6leypm,hypodd,ohyp2026evhl73qp,2025-05-25T23:30:41.460000Z,13.889023,-89.742196,7.333,1.6129,MLc,0.108,137,11,0.017,0.0194,
eslv2026laxmo2qt,ohdd2026wo7hhdpr,hypodd,ohyp202676d3vjao,2025-05-25T23:57:37.520000Z,13.889439,-89.742676,7.378,1.3805,MLc,0.099,140,13,0.0192,0.0173,
eslv2026mdzxlmlu,ohdd20265wx53owu,hypodd,ohyp2026qezmdlqv,2025-05-26T04:27:33.219999Z,13.889596,-89.740446,7.046,1.2162,MLc,0.106,131,11,0.018,0.0198,
eslv2026jdayhxqp,ohdd2026orgshk34,hypodd,ohyp2026qusv5eeh,2025-05-26T04:28:16.760000Z,13.886928,-89.731706,5.928,0.9621,MLc,0.108,134,7,0.0186,0.0316,
eslv2026vmiqgqxh,ohdd2026x554gr4v,hypodd,ohyp202672qtq4f2,2025-05-27T07:45:57.600000Z,14.087564,-89.741789,12.092,0.638,MLc,0.136,246,8,0.1862,0.2362,
eslv202637ny6drl,ohdd2026r3k6bvvu,hypodd,ohyp2026yygozbu3,2025-05-28T01:28:41.039999Z,13.795454,-89.667822,6.768,1.191,MLc,0.369,123,6,0.7,0.8048,
eslv20262vpodv26,ohdd2026avjuuz4i,hypodd,ohyp2026etfxr736,2025-05-29T05:48:14.160000Z,13.724798,-89.651807,0.491,0.8526,MLc,0.145,253,6,1.5605,1.9029,
eslv2026zljjbos2,ohdd2026jz3f5ayx,hypodd,ohyp2026bfcdz6fy,2025-06-01T09:21:33.170000Z,13.888877,-89.737972,6.51,1.4587,MLc,0.142,142,12,0.021,0.0275,
eslv20262f4afqcx,ohdd2026bfeh3sew,hypodd,ohyp20265cznazlq,2025-06-01T09:21:42.170000Z,13.889959,-89.741992,7.103,1.829,MLc,0.103,114,17,0.0191,0.022,
eslv20264j3mvpgg,ohdd20262af4oyij,hypodd,ohyp202662unmzuj,2025-06-01T09:39:47.270000Z,13.917936,-89.727279,6.618,0.8463,MLc,0.175,245,7,0.0288,0.0294,
eslv2026556hhqjh,ohdd2026tlmy6hth,hypodd,ohyp2026oo4hzjle,2025-06-01T22:43:59.939999Z,13.975111,-89.72609,0.099,0.1772,MLc,0.398,233,6,0.0021,0.0039,
eslv2026ezrfvl42,ohdd2026hvr763qm,hypodd,ohyp2026sjod3ta5,2025-06-02T04:06:44.770000Z,13.896607,-89.62408,0.551,0.5621,MLc,0.129,158,6,3.0697,4.8442,
eslv2026ahnisjti,ohdd2026owjttogb,hypodd,ohyp2026hxn65vdx,2025-06-02T16:31:38.969999Z,13.880422,-89.75708,6.357,0.2325,MLc,0.11,215,6,0.0257,0.0244,
eslv2026zxnz7oyc,ohdd2026v3ak573x,hypodd,ohyp2026ecqavjni,2025-06-03T07:20:44.750000Z,13.929556,-89.708927,0.437,0.4716,MLc,0.028,245,6,0.0237,0.0511,
eslv2026fcrvqflb,ohdd20267ieblhgh,hypodd,ohyp2026mkgua3yk,2025-06-03T07:26:38.460000Z,13.887348,-89.734049,6.521,0.9209,MLc,0.131,169,8,0.021,0.0287,
eslv2026a3jnrqjt,ohdd2026cv6w6wup,hypodd,ohyp2026f73lijta,2025-06-03T09:32:44.079999Z,13.886964,-89.734823,6.735,1.0325,MLc,0.091,130,13,0.018,0.027,
eslv202624yvrzzn,ohdd2026cp3eyrvi,hypodd,ohyp2026qgn22ahv,2025-06-03T09:43:37.390000Z,13.884861,-89.731535,7.93,1.218,MLc,0.2,120,13,0.0266,0.0154,
eslv2026miu66v7p,ohdd2026wfubbcl3,hypodd,ohyp2026qrqikccs,2025-06-03T10:31:43.049999Z,13.888069,-89.73645,7.274,0.9477,MLc,0.106,127,9,0.0205,0.0238,
eslv2026bkywblq2,ohdd2026jci5edcr,hypodd,ohyp2026su4jf7bn,2025-06-04T08:40:05.620000Z,13.889285,-89.739461,6.623,0.9377,MLc,0.119,128,10,0.0177,0.0217,
eslv2026od6rvvc6,ohdd2026m4kv7txl,hypodd,ohyp2026f7hzevby,2025-06-06T07:03:15.980000Z,13.84779,-89.788078,3.966,1.1041,MLc,0.098,276,8,0.0909,0.1535,
eslv2026sgdc5fzi,ohdd2026kfdtxxqf,hypodd,ohyp2026l6hkncbq,2025-06-06T07:47:46.149999Z,14.078729,-89.74384,12.26,0.9851,MLc,0.186,145,12,0.2181,0.3005,
eslv2026svkjlep6,ohdd2026efdf3nxt,hypodd,ohyp2026v3frdqc5,2025-06-06T12:36:57.259999Z,13.915268,-89.707723,3.19,1.0813,MLc,0.212,165,9,0.0305,0.0403,
eslv2026i7jyxr2v,ohdd2026lvgcb4mm,hypodd,ohyp2026bl5tkwo7,2025-06-07T09:23:02.600000Z,13.860414,-89.708838,7.273,1.7749,MLc,0.178,145,12,0.0305,0.0195,
eslv2026jzqagsnz,ohdd2026fj7quqkz,hypodd,ohyp2026rzbrwqnv,2025-06-07T23:37:04.200000Z,13.86102,-89.709041,7.119,1.346,MLc,0.243,157,7,0.0326,0.0211,
eslv2026twup5ym7,ohdd2026rqrfz6gw,hypodd,ohyp202627eicl55,2025-06-08T09:59:58.369999Z,13.86533,-89.705461,7.429,1.3474,MLc,0.215,150,10,0.0376,0.0321,
eslv2026c7nn34qc,ohdd2026op5raveg,hypodd,ohyp2026lamy6opy,2025-06-08T15:46:07.089999Z,13.881616,-89.75839,5.615,2.0872,MLc,0.146,170,18,0.0224,0.0264,
eslv2026ypcw7fsp,ohdd2026ge4tmqdh,hypodd,ohyp20263xsqsdvh,2025-06-08T16:07:59.909999Z,13.881565,-89.75883,5.524,1.7129,MLc,0.129,177,11,0.0258,0.0238,
eslv2026s5fitl4u,ohdd2026am5jfbch,hypodd,ohyp2026n74hmh6m,2025-06-10T17:47:47.439999Z,14.088599,-89.714624,10.814,0.8882,MLc,0.173,139,8,0.3247,0.2426,
eslv2026clkmqu5o,ohdd2026spkbtesu,hypodd,ohyp2026odvgqgam,2025-06-11T05:03:06.719999Z,13.788722,-89.720581,3.621,0.2656,MLc,0.124,180,6,0.0809,0.0719,
eslv2026yssoe5qr,ohdd20265fo4b35c,hypodd,ohyp2026ch2cxjzj,2025-06-11T10:28:54.420000Z,13.915022,-89.694946,5.463,0.4258,MLc,0.172,178,6,0.0305,0.0222,
eslv20267sjii3xu,ohdd2026org2mehj,hypodd,ohyp2026wed4u725,2025-06-12T06:32:56.259999Z,14.078001,-89.748934,12.113,0.5327,MLc,0.126,233,10,0.2347,0.2632,
eslv2026lttcfath,ohdd2026a7y6zeqp,hypodd,ohyp2026zo6l4hne,2025-06-12T08:14:40.200000Z,13.886971,-89.731331,7.524,1.6745,MLc,0.176,75,20,0.0215,0.0264,
eslv2026cqovivhp,ohdd2026bjlwz4lz,hypodd,ohyp2026g522567v,2025-06-12T08:15:30.809999Z,13.886218,-89.729834,8.49,1.9866,MLc,0.235,84,21,0.026,0.0268,
eslv20263uuxosps,ohdd20265sbikgxy,hypodd,ohyp20266yamme35,2025-06-12T08:15:44.259999Z,13.890701,-89.7361,7.882,1.5139,MLc,0.276,109,14,0.0358,0.0393,
eslv20267n62fozp,ohdd20266nlnwofb,hypodd,ohyp2026hfrhel6b,2025-06-12T08:16:06.000000Z,13.91307,-89.724618,5.669,0.6021,MLc,0.235,145,8,0.0335,0.0289,
eslv2026g54vebbd,ohdd202662a6cfw5,hypodd,ohyp2026zhazhnjn,2025-06-12T08:16:55.270000Z,13.883525,-89.728516,4.609,0.5977,MLc,0.201,159,8,0.0322,0.0325,
eslv2026kzsz4arx,ohdd2026lio3afrk,hypodd,ohyp2026bps5utll,2025-06-12T08:18:26.000000Z,13.882953,-89.764022,8.381,0.6721,MLc,0.266,150,10,0.0601,0.0476,
eslv2026r6kqetnr,ohdd2026mtx2igdl,hypodd,ohyp2026w6gn6dy6,2025-06-12T08:24:03.580000Z,13.887587,-89.731877,7.5,1.8277,MLc,0.13,82,21,0.0221,0.0278,
eslv20266gytydlz,ohdd20263wp4bycp,hypodd,ohyp2026krlww6os,2025-06-12T08:25:18.309999Z,13.84042,-89.766341,5.373,0.3709,MLc,0.157,216,7,0.0271,0.048,
eslv2026egl5ryvu,ohdd2026pi7nj4mc,hypodd,ohyp2026svz4yajm,2025-06-12T08:25:36.479999Z,13.983066,-89.739836,10.351,0.823,MLc,0.144,190,12,0.0296,0.0199,
eslv20264rx6diq3,ohdd2026mrlbqwbk,hypodd,ohyp2026nr46v6lo,2025-06-12T08:27:42.359999Z,13.883476,-89.723649,6.807,0.6576,MLc,0.095,120,11,0.0141,0.0147,
eslv2026xua27wfb,ohdd2026y4pfbolo,hypodd,ohyp2026qemcp5r6,2025-06-12T08:34:32.799999Z,13.886614,-89.735775,7.595,0.6942,MLc,0.166,105,14,0.0201,0.0223,
eslv2026jg7i54f4,ohdd2026e7x46koa,hypodd,ohyp2026rtw3j77a,2025-06-12T08:34:58.549999Z,13.886696,-89.732552,7.571,1.4162,MLc,0.133,75,20,0.0207,0.0247,
eslv2026uejkg3s2,ohdd2026kyw4ye7d,hypodd,ohyp2026in7hfy25,2025-06-12T08:44:27.399999Z,13.886833,-89.734106,6.621,0.6054,MLc,0.297,90,13,0.0322,0.0385,
eslv2026galx7rib,ohdd2026bl4jd2dm,hypodd,ohyp2026qqbcuspz,2025-06-12T08:45:45.450000Z,13.888823,-89.734342,6.836,0.7781,MLc,0.34,131,16,0.0333,0.0363,
eslv2026wc7y7buq,ohdd20265v44xnmb,hypodd,ohyp2026keg65dmz,2025-06-12T10:26:17.460000Z,13.931998,-89.659497,1.502,0.9083,MLc,0.257,191,6,1.0407,1.4085,
eslv2026fkktfhbf,ohdd2026qhn4aydc,hypodd,ohyp2026bhy2iayp,2025-06-12T11:10:56.829999Z,13.85535,-89.704077,7.761,0.3816,MLc,0.208,229,6,0.0361,0.031,
eslv20265blnnbiy,ohdd20264ramle6d,hypodd,ohyp2026ckvuai52,2025-06-13T01:47:39.500000Z,14.081365,-89.737598,13.129,1.5175,MLc,0.187,146,11,0.3712,0.3404,
eslv2026tayd52kw,ohdd2026ghxzmreo,hypodd,ohyp2026i2xsccue,2025-06-13T17:10:24.640000Z,13.858981,-89.738843,13.257,1.0135,MLc,0.071,207,6,0.7034,1.0599,
eslv2026yvrmmc3c,ohdd20267pq43mpl,hypodd,ohyp2026kadhlkqb,2025-06-14T05:44:44.000000Z,14.092174,-89.735425,10.817,0.7847,MLc,0.124,162,10,0.237,0.2193,
eslv202627w7ansy,ohdd20262i65jjeh,hypodd,ohyp2026ktr2pgmi,2025-06-14T09:23:42.509999Z,13.878042,-89.761922,5.914,0.8854,MLc,0.109,179,9,0.0302,0.0278,
eslv2026crwdcsck,ohdd2026wquf5lso,hypodd,ohyp20262q7liqfe,2025-06-14T16:55:32.380000Z,14.07316,-89.730632,6.915,1.2172,MLc,0.29,151,6,0.168,0.281,
eslv2026ud6feycz,ohdd2026yq5clq2t,hypodd,ohyp2026ek4jzjaq,2025-06-15T21:50:28.039999Z,14.083254,-89.732983,8.7,1.1382,MLc,0.115,143,6,0.256,0.2247,
eslv2026uewf6kgq,ohdd20262lurwlf2,hypodd,ohyp2026a5vboey4,2025-06-16T03:18:13.679999Z,13.878879,-89.775073,5.304,1.3984,MLc,0.254,123,16,0.0353,0.0258,
eslv2026gzumr6mp,ohdd2026tbjkyvya,hypodd,ohyp2026qd7e3xga,2025-06-16T18:08:10.720000Z,14.053757,-89.823592,21.825,1.7321,MLc,0.002,182,6,0.0838,0.0505,
eslv2026mj2tn4tx,ohdd2026kksuavhz,hypodd,ohyp2026ny6sizo5,2025-06-17T01:45:48.049999Z,13.795247,-89.399829,14.288,2.2939,MLc,0.149,226,22,0.1746,0.2356,
eslv2026afolt3sl,ohdd2026ubsoe2uv,hypodd,ohyp2026dwcfd4ym,2025-06-17T01:46:10.970000Z,13.72407,-89.470166,18.521,2.3634,MLc,0.328,329,11,0.3304,0.4388,
eslv2026alfyfqrm,ohdd2026mwcnwi2d,hypodd,ohyp2026hb7w6cfx,2025-06-17T01:46:48.710000Z,13.761866,-89.467196,23.94,1.85,MLc,0.347,338,9,0.1562,0.1507,
eslv2026ptzjwxyl,ohdd2026bmkcbwxv,hypodd,ohyp2026p6qdqrjn,2025-06-17T01:47:05.589999Z,13.779745,-89.435091,17.113,1.9687,MLc,0.303,297,18,0.5372,0.6822,
eslv2026j432pul5,ohdd2026dyleil6c,hypodd,ohyp2026632bazbt,2025-06-17T01:47:43.969999Z,13.788018,-89.402979,13.862,2.2187,MLc,0.149,244,13,0.1928,0.2739,
eslv20265cqnm73k,ohdd2026qwapr47z,hypodd,ohyp202627pem7qi,2025-06-17T01:49:39.130000Z,13.763608,-89.395736,16.151,2.6127,MLc,0.121,152,22,0.2998,0.4114,
eslv2026webpelne,ohdd2026mkod5hvg,hypodd,ohyp2026kfrqvr2l,2025-06-17T01:50:46.780000Z,13.797433,-89.395719,15.926,1.9602,MLc,0.215,259,20,0.2371,0.3155,
eslv20264btdobds,ohdd2026ce2aq6kq,hypodd,ohyp2026tlsdaog7,2025-06-17T01:54:05.769999Z,13.747114,-89.46652,23.942,1.4222,MLc,0.407,295,15,0.1097,0.1155,
eslv2026lkaiww6h,ohdd20262uuey6d6,hypodd,ohyp2026jpo3zu7p,2025-06-17T02:19:49.189999Z,13.946937,-89.416178,10.259,1.1184,MLc,0.17,325,6,0.0016,0.0042,
eslv2026sggl3zo2,ohdd2026kxtceke6,hypodd,ohyp2026qmsm2qlg,2025-06-17T02:26:49.939999Z,13.735058,-89.466642,18.415,1.3283,MLc,0.234,330,14,0.3628,0.4025,
eslv20262fwkcw3n,ohdd2026tobbhzzx,hypodd,ohyp2026tmw63mf5,2025-06-17T05:07:45.509999Z,13.734034,-89.457349,17.759,1.558,MLc,0.246,332,13,0.4789,0.4914,
eslv2026u4mpkudi,ohdd2026fj62f6ca,hypodd,ohyp2026iewrumh7,2025-06-17T06:36:31.769999Z,13.73467,-89.473885,23.905,1.4123,MLc,0.44,329,14,0.1238,0.1368,
eslv2026uxakm4w6,ohdd20267s6j2ipz,hypodd,ohyp2026wr5hzrx2,2025-06-17T06:37:05.960000Z,13.79105,-89.400724,14.44,2.4609,MLc,0.151,139,22,0.2116,0.3106,
eslv2026eqjsc2nm,ohdd20263agi4ekt,hypodd,ohyp2026wwov3fhw,2025-06-17T06:37:32.740000Z,13.793925,-89.400374,13.103,2.2047,MLc,0.143,137,21,0.2117,0.369,
eslv20263xevwonq,ohdd2026ttpmxa25,hypodd,ohyp2026bk55bb5b,2025-06-17T06:40:43.140000Z,13.733881,-89.451758,21.998,1.3294,MLc,0.359,332,11,0.3803,0.2848,
eslv2026b26nbtgc,ohdd2026zzct42hm,hypodd,ohyp2026kxcuy4l5,2025-06-17T06:44:54.320000Z,13.800489,-89.393774,17.816,1.8043,MLc,0.199,288,19,0.311,0.458,
eslv2026c2fno2jw,ohdd2026sehr7lmq,hypodd,ohyp2026mfd4ec6p,2025-06-17T06:53:58.719999Z,13.7186,-89.439673,21.047,1.8538,MLc,0.451,339,13,0.1717,0.2354,
eslv2026gzjqddtd,ohdd202675u552qj,hypodd,ohyp2026qpchudq5,2025-06-17T06:55:03.660000Z,13.78831,-89.396566,15.587,2.572,MLc,0.17,140,23,0.3013,0.42,
eslv2026qqso2a7m,ohdd2026c5k52ct4,hypodd,ohyp2026b2eb2b2b,2025-06-17T07:44:40.909999Z,13.723714,-89.438525,21.957,1.0421,MLc,0.341,358,7,0.2095,0.2681,
eslv2026cnnvbgfz,ohdd2026bnzglbzz,hypodd,ohyp2026fmfh44hi,2025-06-17T07:46:56.689999Z,13.88798,-89.750081,5.932,0.8194,MLc,0.272,136,12,0.0265,0.0251,
eslv2026gwatyabs,ohdd20267ln6dqwc,hypodd,ohyp2026fd7ryue3,2025-06-17T09:21:06.960000Z,13.803064,-89.392651,17.961,1.4152,MLc,0.112,305,17,0.3842,0.5154,
eslv2026n3l5wru7,ohdd2026edn4ofg6,hypodd,ohyp20266z3uczev,2025-06-17T11:19:30.530000Z,13.872526,-89.413086,10.339,1.5132,MLc,0.222,331,7,0.5001,0.9174,
eslv20265n3w5jrx,ohdd2026o4s3hryb,hypodd,ohyp2026qddrfbvb,2025-06-17T12:37:26.910000Z,13.716928,-89.461141,17.265,1.6395,MLc,0.291,330,15,0.4557,0.5352,
eslv2026ew4hnomr,ohdd2026hibvojli,hypodd,ohyp2026uulktj3i,2025-06-17T23:38:27.039999Z,13.942161,-89.408716,10.24,1.4461,MLc,0.17,340,7,0.0016,0.0044,
eslv20264hr4c524,ohdd2026lesvykvb,hypodd,ohyp2026qky7gesr,2025-06-18T15:09:01.100000Z,14.076922,-89.745646,12.319,1.4209,MLc,0.139,235,7,0.2979,0.284,
eslv2026z5ruyjyb,ohdd2026yfw6d2ir,hypodd,ohyp2026ixol3li4,2025-06-18T15:14:57.820000Z,13.932955,-89.740853,4.753,1.3228,MLc,0.148,230,8,0.0545,0.0494,
eslv2026ic6zypko,ohdd2026fpvwmlii,hypodd,ohyp2026tiocglsr,2025-06-18T21:12:42.119999Z,14.080335,-89.733,7.752,0.522,MLc,0.111,142,8,0.1035,0.303,
eslv2026miij6oar,ohdd2026kszj5yus,hypodd,ohyp2026aythqcet,2025-06-19T01:44:07.740000Z,14.052101,-89.823877,8.647,1.4307,MLc,0.319,141,8,0.0378,0.0325,
eslv20267mtgt3cj,ohdd20264xldoof3,hypodd,ohyp20265zdvlnao,2025-06-20T02:30:02.740000Z,13.921743,-89.736434,6.877,1.4141,MLc,0.165,218,11,0.0212,0.0286,
eslv2026yk4uioql,ohdd2026o4jfy2wv,hypodd,ohyp2026adnaceib,2025-06-20T05:40:11.130000Z,13.922051,-89.735701,6.583,0.7715,MLc,0.258,186,8,0.0184,0.0342,
eslv2026a6sspuqw,ohdd2026qyc2ppjh,hypodd,ohyp2026svhhnt4z,2025-06-20T22:55:14.699999Z,14.101308,-89.741911,8.941,1.3261,MLc,0.114,249,9,0.337,0.2964,
eslv2026p7uqinwg,ohdd2026nyu3us2o,hypodd,ohyp2026z5zj42g3,2025-06-21T23:51:05.960000Z,13.874161,-89.802629,4.639,1.5867,MLc,0.287,313,8,0.0222,0.0197,
eslv2026vaur3nse,ohdd2026fvto3x5c,hypodd,ohyp202642yna6dy,2025-06-21T23:51:52.039999Z,13.839155,-89.797062,6.174,2.0063,MLc,0.147,253,10,0.0486,0.053,
eslv2026t4sxfp2s,ohdd20265ygynhws,hypodd,ohyp2026t7vaojod,2025-06-22T02:38:57.840000Z,13.874606,-89.803027,4.151,1.4972,MLc,0.31,250,8,0.024,0.0259,
eslv2026kxafkgch,ohdd2026ig63n5zp,hypodd,ohyp2026sdmi6kwq,2025-06-22T17:49:51.840000Z,13.842357,-89.740959,13.766,0.4232,MLc,0.135,179,6,0.0444,0.0293,
eslv2026euxamm6y,ohdd2026m2fgerwz,hypodd,ohyp2026a7youeti,2025-06-23T08:51:30.300000Z,13.875322,-89.792114,3.746,1.6042,MLc,0.264,265,10,0.0252,0.0323,
eslv20265gk6fswh,ohdd2026qt7klbqm,hypodd,ohyp20262k6wvnpj,2025-06-23T09:18:28.949999Z,13.888772,-89.741821,7.255,2.248,MLc,0.178,99,16,0.022,0.0157,
eslv2026zpxx5j4t,ohdd20265mwy2wwi,hypodd,ohyp2026cpdqj7sa,2025-06-23T09:19:47.140000Z,13.892868,-89.735832,5.823,1.3166,MLc,0.142,119,8,0.0167,0.0285,
eslv2026mh5c5cvk,ohdd2026nz65sgxa,hypodd,ohyp2026answjdfk,2025-06-26T10:14:56.149999Z,13.884704,-89.731307,8.019,2.9738,MLc,0.226,89,20,0.0283,0.0304,
eslv2026ruhsvpjh,ohdd20263sazogzh,hypodd,ohyp2026kpj7fjmd,2025-06-26T10:41:31.260000Z,13.840342,-89.744971,7.008,0.6274,MLc,0.129,128,6,0.0264,0.0233,
eslv2026oekdkjkm,ohdd2026sq5nt3wx,hypodd,ohyp20267ohpsvto,2025-06-27T00:59:17.859999Z,14.090307,-89.708016,11.55,1.5372,MLc,0.118,196,13,0.364,0.3574,
eslv2026nakm7mue,ohdd2026vk6hitdk,hypodd,ohyp2026jluchxtq,2025-06-27T08:07:35.579999Z,13.840548,-89.804248,4.756,1.4261,MLc,0.264,162,12,0.0114,0.0125,
eslv20263sbv6c5p,ohdd20266sx2575l,hypodd,ohyp2026rgav5edi,2025-06-29T10:28:51.229999Z,13.877433,-89.708512,6.354,1.3649,MLc,0.329,102,13,0.0414,0.0344,
eslv2026fl2w4f63,ohdd2026wsmfkizr,hypodd,ohyp2026r7soz5uy,2025-06-30T06:21:39.070000Z,14.101737,-89.72631,10.722,1.018,MLc,0.198,228,11,0.3808,0.2377,
eslv2026t4v2njmx,ohdd2026ykkeuzhf,hypodd,ohyp2026wgsqic6a,2025-06-30T07:17:54.810000Z,14.120056,-89.709717,11.95,0.813,MLc,0.165,261,10,0.4719,0.4182,
eslv2026pahhv5pu,ohdd2026tyaszm5x,hypodd,ohyp2026lgnnis7z,2025-06-30T07:29:04.230000Z,14.109702,-89.71862,13.958,1.2941,MLc,0.226,246,12,0.4114,0.445,
eslv20267satn7h3,ohdd2026lwhfmnlq,hypodd,ohyp2026jodplzml,2025-06-30T18:39:40.399999Z,13.882157,-89.725659,1.767,0.2895,MLc,0.135,241,7,0.0284,0.0405,
eslv2026ekbazz7o,ohdd2026h2qn73ya,hypodd,ohyp2026pojz7fkj,2025-07-02T02:00:40.229999Z,13.885846,-89.78217,3.478,0.6636,MLc,0.136,175,6,0.0571,0.0236,
eslv2026iyrny4o7,ohdd2026fbgw62bp,hypodd,ohyp2026pj555a7k,2025-07-02T10:55:38.729999Z,13.839144,-89.785645,9.351,1.5103,MLc,0.267,128,7,0.0522,0.0388,
eslv2026ipvefeac,ohdd2026ruelqoyj,hypodd,ohyp2026hqymonsu,2025-07-02T17:47:48.520000Z,13.84605,-89.760734,7.754,2.0067,MLc,0.341,100,12,0.0431,0.0456,
eslv20265l4e7ibe,ohdd2026msezxdhd,hypodd,ohyp2026eo7mrlja,2025-07-02T17:49:30.019999Z,13.844201,-89.761165,7.304,1.9625,MLc,0.307,103,10,0.0442,0.0513,
eslv2026o5nybzaz,ohdd2026tmvnw24e,hypodd,ohyp2026ev34p5om,2025-07-04T13:39:38.979999Z,13.776812,-89.458691,14.864,2.4604,MLc,0.262,192,16,0.3387,0.4022,
eslv20262y6w3grx,ohdd20263wvs2of2,hypodd,ohyp2026mx4diaxa,2025-07-05T17:24:55.159999Z,13.888287,-89.749479,8.149,1.7616,MLc,0.295,101,11,0.0319,0.0298,
eslv2026yuqca2ch,ohdd20264xbrp4jn,hypodd,ohyp2026yfa52g4u,2025-07-05T17:25:51.439999Z,13.90948,-89.777856,11.66,1.8435,MLc,0.001,242,11,0.0856,0.0897,
eslv2026vq25um2d,ohdd2026733gawfq,hypodd,ohyp2026dqywwx7g,2025-07-06T07:35:50.439999Z,13.909671,-89.744539,5.632,0.472,MLc,0.115,182,6,0.0277,0.0271,
eslv2026cvjihueb,ohdd2026jcorpagp,hypodd,ohyp2026o4i2ygvb,2025-07-06T07:39:13.289999Z,13.889621,-89.751603,5.983,1.0286,MLc,0.121,184,10,0.0203,0.0265,
eslv20263i4xp5v2,ohdd2026cosozc4q,hypodd,ohyp2026yuzylnyq,2025-07-10T09:05:38.090000Z,13.879314,-89.689046,6.937,0.9423,MLc,0.18,193,10,0.0324,0.0435,
eslv20266h62cmaz,ohdd2026ts36swec,hypodd,ohyp2026spaz7xpp,2025-07-10T20:57:06.879999Z,13.859939,-89.70826,7.722,2.0547,MLc,0.114,105,12,0.0343,0.0198,
eslv2026q26k3zxq,ohdd2026xm6izyhs,hypodd,ohyp2026qnlnkowk,2025-07-12T05:36:54.820000Z,13.838792,-89.770532,8.008,0.0973,MLc,0.029,152,6,0.0226,0.0188,
eslv202652ewzay7,ohdd2026fsm7h6hs,hypodd,ohyp2026luq53bhk,2025-07-13T05:35:36.869999Z,13.859196,-89.706893,3.416,1.0638,MLc,0.107,161,6,0.032,0.0343,
eslv2026bgn3hfcz,ohdd2026uu3bymim,hypodd,ohyp2026xtx4ggia,2025-07-13T06:28:01.639999Z,13.873079,-89.711702,6.974,0.9764,MLc,0.223,87,12,0.0407,0.0257,
eslv2026w2g5cqpb,ohdd20265e5737sv,hypodd,ohyp2026ha6jn4m5,2025-07-13T10:24:51.659999Z,13.872044,-89.711515,6.751,0.8658,MLc,0.228,89,16,0.0329,0.0213,
eslv2026x5lqlfn3,ohdd2026qr5e6acc,hypodd,ohyp2026skky3fd2,2025-07-17T07:28:34.640000Z,14.089725,-89.719987,10.687,2.017,MLc,0.151,143,18,0.3028,0.1982,
eslv2026bk3qzyxo,ohdd20265q6mmz7v,hypodd,ohyp2026u3ev6b2w,2025-07-17T08:11:24.609999Z,14.082272,-89.733219,10.849,0.8599,MLc,0.116,245,6,0.2491,0.2297,
eslv2026wddvvmmt,ohdd2026i3ggew64,hypodd,ohyp2026xisihrlp,2025-07-17T09:07:30.570000Z,14.081191,-89.735701,12.429,0.9965,MLc,0.253,254,7,0.3912,0.4483,
eslv2026ai4w6onn,ohdd2026ndtimflb,hypodd,ohyp2026ksijnsh2,2025-07-17T16:15:19.739999Z,14.096431,-89.737533,11.107,2.5889,MLc,0.178,169,18,0.1696,0.2294,
eslv2026zytqa7xg,ohdd2026qrqhmsxb,hypodd,ohyp20265ovqhg3r,2025-07-17T18:57:21.539999Z,14.098653,-89.73623,10.835,1.8028,MLc,0.171,173,15,0.1847,0.1851,
eslv20265b6mnmq5,ohdd2026rbdxv7go,hypodd,ohyp2026tyzu3vmv,2025-07-18T05:27:54.530000Z,13.837121,-89.782365,4.648,1.1023,MLc,0.041,199,6,0.0651,0.0434,
eslv20266uhaui77,ohdd2026twiufrft,hypodd,ohyp2026a4x4ofwz,2025-07-18T06:57:45.960000Z,14.079306,-89.74012,12.665,0.9335,MLc,0.157,242,6,0.2558,0.2602,
eslv2026iqghbche,ohdd2026dxgugswq,hypodd,ohyp2026nm53ce7j,2025-07-20T02:15:41.659999Z,14.068043,-89.953052,5.224,2.1391,MLc,0.139,316,7,0.037,0.0616,
eslv2026dxoi7gqt,ohdd2026oxesr44k,hypodd,ohyp2026menivc6l,2025-07-21T04:35:31.449999Z,14.094398,-89.739445,12.009,2.7259,MLc,0.186,166,18,0.1833,0.2969,
eslv2026br3gofp4,ohdd2026yke5l4dc,hypodd,ohyp2026v6x5voma,2025-07-21T04:37:56.060000Z,14.092915,-89.739974,11.356,1.7786,MLc,0.163,164,18,0.1926,0.1956,
eslv2026izvwmhhg,ohdd2026iijbmco2,hypodd,ohyp2026cqroaxi3,2025-07-21T08:09:27.390000Z,13.910703,-89.723088,4.68,0.8541,MLc,0.327,249,7,0.023,0.0247,
eslv2026gopg7acy,ohdd2026f7e7eji3,hypodd,ohyp2026s5lmm522,2025-07-22T06:09:44.289999Z,13.886361,-89.750423,4.821,0.8224,MLc,0.146,192,6,0.0294,0.0297,
eslv2026d4mflrtg,ohdd2026fonvfbec,hypodd,ohyp2026ocsnd6dn,2025-07-24T13:07:57.929999Z,13.911981,-89.672868,10.145,1.4922,MLc,0.106,133,8,0.0849,0.0774,
eslv2026kjuedxsr,ohdd2026e2hskdsu,hypodd,ohyp2026nro75ck4,2025-07-26T05:44:59.240000Z,14.09043,-89.736711,9.058,0.8116,MLc,0.124,162,7,0.1881,0.2308,
eslv20267rumnmjf,ohdd2026pqb2bple,hypodd,ohyp2026ano3opwa,2025-07-28T08:02:47.000000Z,13.926693,-89.792537,3.417,1.011,MLc,0.259,238,8,0.0246,0.0376,
eslv2026wboztyyk,ohdd2026wmwzibu5,hypodd,ohyp2026mgpcicol,2025-07-29T21:21:46.840000Z,14.088066,-89.84078,11.186,5.4234,MLc,0.119,166,20,0.0372,0.0423,
eslv20264vzmttrd,ohdd20267jyzyllr,hypodd,ohyp2026xuyl4pom,2025-07-29T21:23:50.880000Z,14.049764,-89.819572,5.339,3.3314,MLc,0.108,125,7,0.0243,0.0228,
eslv2026sf4cbjpc,ohdd2026d7qc6rbr,hypodd,ohyp2026fe7y56wb,2025-07-29T21:24:33.359999Z,14.050081,-89.81556,4.346,3.3651,MLc,0.257,142,14,0.0287,0.038,
eslv2026hrllwkyn,ohdd2026cweic2gp,hypodd,ohyp2026byzxym65,2025-07-29T21:24:45.880000Z,14.079741,-89.865063,9.681,3.7947,MLc,0.124,217,14,0.0355,0.0348,
eslv2026x5tbbxnq,ohdd2026fu2edgdq,hypodd,ohyp20265hgaq3xu,2025-07-29T21:25:16.260000Z,14.050478,-89.829622,6.251,,,0.092,121,8,0.0335,0.025,
eslv2026ynlb5fye,ohdd20262b646ixt,hypodd,ohyp2026wxll6vnh,2025-07-29T21:25:16.399999Z,14.057508,-89.823698,4.79,5.3206,MLc,0.044,121,8,0.0503,0.0312,
eslv2026a6fxmjg3,ohdd2026j6kvgo32,hypodd,ohyp2026lrlee4v2,2025-07-29T21:28:52.520000Z,14.043861,-89.809465,9.381,,,0.165,219,6,0.0335,0.0538,
eslv2026fvmkrt25,ohdd2026infw7yas,hypodd,ohyp20262y2zp3js,2025-07-29T21:29:34.439999Z,14.102699,-89.858822,7.198,3.2997,MLc,0.236,192,10,0.0359,0.0406,
eslv2026zkyatjm3,ohdd2026dhiogmzd,hypodd,ohyp2026uzalcubh,2025-07-29T21:30:09.240000Z,14.106081,-89.837207,4.685,4.1353,MLc,0.251,180,12,0.0429,0.0323,
eslv2026trisyvkr,ohdd2026ow6lgt2u,hypodd,ohyp2026zkd3vrb4,2025-07-29T21:30:18.160000Z,14.078843,-89.862272,6.36,3.6109,MLc,0.281,148,13,0.0632,0.0651,
eslv2026g7yqnj3b,ohdd2026bs23s7ag,hypodd,ohyp2026l2l234or,2025-07-29T21:32:23.399999Z,14.045161,-89.828988,5.523,2.9837,MLc,0.198,126,13,0.0273,0.035,
eslv202672jm2gw4,ohdd2026vbkwyg7u,hypodd,ohyp2026spfpacyg,2025-07-29T21:32:45.920000Z,14.084711,-89.844694,6.776,2.8436,MLc,0.223,153,12,0.0287,0.0465,
eslv2026y5mytk5t,ohdd2026f474drpy,hypodd,ohyp2026drgez4hg,2025-07-29T21:33:10.759999Z,14.08163,-89.841919,6.173,3.2901,MLc,0.132,158,14,0.025,0.0306,
eslv2026zxdmqolf,ohdd2026jtbldoxd,hypodd,ohyp2026turrh2rc,2025-07-29T21:33:42.439999Z,14.104767,-89.859912,6.851,3.7827,MLc,0.257,279,11,0.04,0.0379,
eslv2026apkzzcnk,ohdd2026yjbrkul3,hypodd,ohyp2026eh7tr545,2025-07-29T21:34:17.679999Z,14.058309,-89.82679,4.705,2.5193,MLc,0.124,131,12,0.0239,0.0222,
eslv20265ftnq6w6,ohdd2026nev7l3cy,hypodd,ohyp2026xatm2voe,2025-07-29T21:37:59.880000Z,14.074015,-89.831144,4.573,3.4297,MLc,0.245,153,15,0.0324,0.0343,
eslv2026d2qcn5xs,ohdd2026nvibso43,hypodd,ohyp2026yyellw6y,2025-07-29T21:39:04.160000Z,14.069433,-89.856079,3.999,2.9391,MLc,0.203,159,13,0.0273,0.0226,
eslv2026gh2onlmi,ohdd2026w3hq5lrv,hypodd,ohyp2026ijgbof67,2025-07-29T21:39:32.640000Z,14.068462,-89.858455,4.255,2.5373,MLc,0.194,185,8,0.0311,0.0244,
eslv2026t3efbl2l,ohdd20265zi4vu4k,hypodd,ohyp2026kzkh3g7m,2025-07-29T21:42:03.120000Z,14.073997,-89.865894,4.942,3.3535,MLc,0.197,237,13,0.0322,0.0299,
eslv2026s4io44pd,ohdd2026n3672wic,hypodd,ohyp2026ceelvmax,2025-07-29T21:42:25.859999Z,14.134492,-89.869173,3.991,5.0729,MLc,0.17,279,18,0.0528,0.0569,
eslv2026gb5rzrai,ohdd2026lwgrl2cc,hypodd,ohyp2026dskarg4f,2025-07-29T21:44:05.500000Z,14.099379,-89.879232,5.457,3.5654,MLc,0.18,275,15,0.0369,0.0712,
eslv20264wre76yh,ohdd2026wtgsjlsj,hypodd,ohyp20266wkfr7t2,2025-07-29T21:46:22.239999Z,14.049539,-89.802596,4.278,2.0443,MLc,0.165,181,10,0.0462,0.0431,
eslv20262dywyal7,ohdd20263dsjijgi,hypodd,ohyp2026v6oqvf5u,2025-07-29T21:48:28.879999Z,14.081011,-89.835636,6.334,2.3256,MLc,0.125,148,13,0.0214,0.031,
eslv2026hznecnr5,ohdd202642sb7ugc,hypodd,ohyp2026mqp5y43o,2025-07-29T21:49:01.340000Z,14.07343,-89.860539,4.706,2.178,MLc,0.364,152,10,0.0326,0.024,
eslv2026jhybam3n,ohdd2026vhadlgcv,hypodd,ohyp2026umwsrbzx,2025-07-29T21:50:16.039999Z,14.056858,-89.824618,10.072,2.6119,MLc,0.197,131,9,0.0666,0.0482,
eslv2026wv2joq5q,ohdd2026knyw4zzw,hypodd,ohyp2026nojosmdp,2025-07-29T21:50:39.320000Z,14.073058,-89.823218,4.648,2.9443,MLc,0.224,165,16,0.037,0.044,
eslv20262yzzbonj,ohdd20263xqglxef,hypodd,ohyp2026iquy4ehm,2025-07-29T21:51:18.859999Z,14.101291,-89.879321,6.01,2.7087,MLc,0.35,305,12,0.0387,0.044,
eslv2026uhmuwzsw,ohdd2026v7wxis7y,hypodd,ohyp2026copscwa2,2025-07-29T21:53:26.019999Z,14.070351,-89.826156,4.38,3.1171,MLc,0.252,149,16,0.0392,0.0476,
eslv20266jgbjs3r,ohdd2026d3s2k7ix,hypodd,ohyp2026nbavuspy,2025-07-29T21:53:43.640000Z,14.042917,-89.826058,6.498,3.6445,MLc,0.159,126,16,0.0337,0.0581,
eslv2026oqm4sfwn,ohdd2026kyx5wswb,hypodd,ohyp202632ca5dcm,2025-07-29T21:55:02.960000Z,14.037907,-89.834945,2.13,3.2744,MLc,0.123,146,7,0.0566,0.0537,
eslv20263sumycaw,ohdd20262xhjrtpa,hypodd,ohyp2026natbp4vb,2025-07-29T21:57:10.359999Z,14.082178,-89.836751,6.534,2.3725,MLc,0.334,211,16,0.0293,0.0328,
eslv2026ddo6d7cm,ohdd2026q5eg7nlv,hypodd,ohyp2026aw54wwd6,2025-07-29T21:57:27.079999Z,14.094775,-89.850423,11.637,2.8645,MLc,0.242,202,6,0.1376,0.0466,
eslv2026wqfz6y5c,ohdd20263lqqo3j3,hypodd,ohyp20264kdvr5od,2025-07-29T21:57:52.920000Z,14.069863,-89.888493,7.712,4.0482,MLc,0.003,155,16,0.0636,0.0747,
eslv2026xgrjbkl6,ohdd2026gyjftjtn,hypodd,ohyp2026sccbpesu,2025-07-29T21:59:44.640000Z,14.050072,-89.81547,4.152,3.0636,MLc,0.183,125,12,0.0259,0.0321,
eslv2026pjyc253a,ohdd2026mdwawpks,hypodd,ohyp2026jnqnc57b,2025-07-29T22:00:04.440000Z,14.041946,-89.823625,7.212,3.0642,MLc,0.135,121,16,0.0344,0.0346,
eslv2026b6jwktpu,ohdd2026ays7ltlm,hypodd,ohyp20266bgdw4ns,2025-07-29T22:00:28.260000Z,14.015137,-89.788558,7.154,2.9955,MLc,0.222,145,14,0.0184,0.0333,
eslv2026775inbfy,ohdd2026bo3y3lwp,hypodd,ohyp2026igiylfvh,2025-07-29T22:03:34.880000Z,14.061959,-89.855745,8.161,2.2684,MLc,0.081,122,7,0.037,0.039,
eslv2026pjrew3qz,ohdd2026n7wpmx4w,hypodd,ohyp2026anx52xih,2025-07-29T22:03:59.079999Z,14.06979,-89.850244,10.117,2.5571,MLc,0.231,152,14,0.0109,0.0151,
eslv2026gmpxaxqp,ohdd2026sykgkx4c,hypodd,ohyp20263j6ihats,2025-07-29T22:04:50.240000Z,14.04535,-89.814941,4.013,2.4544,MLc,0.292,123,15,0.034,0.0453,
eslv2026spl6mdmb,ohdd20266ewwp3un,hypodd,ohyp20262hf5it2w,2025-07-29T22:05:24.359999Z,14.066692,-89.918148,6.269,2.5842,MLc,0.161,272,7,0.0703,0.0865,
eslv2026k5fkbwzz,ohdd2026ovjccgnf,hypodd,ohyp2026osecd7jj,2025-07-29T22:05:51.119999Z,14.048778,-89.813916,5.841,2.4962,MLc,0.139,134,15,0.031,0.0337,
eslv202675seipi3,ohdd20266vzpm3sj,hypodd,ohyp2026unwaswkt,2025-07-29T22:06:48.060000Z,14.100363,-89.879053,5.863,2.3073,MLc,0.206,274,12,0.0299,0.0358,
eslv20266arbkzca,ohdd202635n7s2sa,hypodd,ohyp2026xwd746nm,2025-07-29T22:07:56.159999Z,14.077175,-89.841276,8.312,2.7059,MLc,0.139,275,15,0.0358,0.0213,
eslv2026peufvv7x,ohdd2026rj54eimb,hypodd,ohyp2026zfzehms7,2025-07-29T22:09:35.159999Z,14.061099,-89.832259,5.496,2.5199,MLc,0.219,127,11,0.0327,0.0325,
eslv2026mvug4yqn,ohdd20263xzxdapv,hypodd,ohyp2026yabkmq3c,2025-07-29T22:09:48.960000Z,14.042802,-89.809375,6.438,2.9659,MLc,0.236,115,13,0.0354,0.0643,
eslv20262bf3loyq,ohdd2026juf4w567,hypodd,ohyp2026uzprdd43,2025-07-29T22:10:19.039999Z,14.056217,-89.858976,9.075,2.7139,MLc,0.232,182,6,0.0172,0.0151,
eslv2026fsly2d3t,ohdd2026ba2zeckd,hypodd,ohyp202673yca2qk,2025-07-29T22:11:30.440000Z,14.120895,-89.877409,6.559,2.4004,MLc,0.242,282,13,0.0506,0.0586,
eslv2026dihfhgwu,ohdd2026kg6lqi6m,hypodd,ohyp2026u7tcr3wk,2025-07-29T22:12:17.679999Z,14.073627,-89.862435,4.876,2.1256,MLc,0.173,205,10,0.029,0.0288,
eslv2026fwpjypkm,ohdd2026hdrgyizl,hypodd,ohyp202665gpnau3,2025-07-29T22:13:03.279999Z,14.066491,-89.85328,3.848,,,0.18,235,10,0.0317,0.0319,
eslv2026wgr53oqr,ohdd2026rgoalolb,hypodd,ohyp2026avrhjn4k,2025-07-29T22:16:32.359999Z,14.12271,-89.874284,6.625,2.8487,MLc,0.259,272,9,0.0404,0.0426,
eslv2026aanbqe63,ohdd20267e2eonez,hypodd,ohyp2026m76rp4wz,2025-07-29T22:17:38.600000Z,14.06783,-89.858569,4.273,1.9984,MLc,0.148,199,9,0.0314,0.0205,
eslv2026f6arnnph,ohdd2026gnq7qezf,hypodd,ohyp2026gvhjhpum,2025-07-29T22:19:44.280000Z,14.043887,-89.817546,3.576,1.8035,MLc,0.374,121,10,0.0299,0.0341,
eslv20265ycpdfwr,ohdd20267bsbelrn,hypodd,ohyp20266lgzidio,2025-07-29T22:20:14.279999Z,14.056226,-89.821745,4.316,2.2038,MLc,0.229,151,12,0.0264,0.0317,
eslv20264mui3xac,ohdd2026g6dii7wl,hypodd,ohyp2026qypckcw4,2025-07-29T22:20:40.880000Z,14.085411,-89.844938,6.53,2.3024,MLc,0.119,172,13,0.0274,0.0307,
eslv2026onz6brjp,ohdd2026quatbcta,hypodd,ohyp2026bjwag636,2025-07-29T22:20:59.679999Z,14.060502,-89.827791,5.961,2.6545,MLc,0.153,138,16,0.0218,0.0309,
eslv20263524viaj,ohdd202635vvq242,hypodd,ohyp2026khcpcqbp,2025-07-29T22:22:25.679999Z,14.104515,-89.886222,6.134,2.4685,MLc,0.215,279,8,0.0339,0.0363,
eslv202637pawrvy,ohdd20262bqn2ocp,hypodd,ohyp2026b2fags3m,2025-07-29T22:24:40.799999Z,14.058891,-89.827433,4.919,1.6668,MLc,0.147,141,8,0.0187,0.0224,
eslv202667knsjcu,ohdd2026km446d22,hypodd,ohyp2026fullwh4a,2025-07-29T22:27:42.280000Z,14.041423,-89.825163,4.524,3.0112,MLc,0.143,129,16,0.0423,0.0478,
eslv202664c4sh4l,ohdd2026newf23fa,hypodd,ohyp2026qsr34eba,2025-07-29T22:28:22.920000Z,14.102729,-89.859847,6.284,2.492,MLc,0.21,260,11,0.0323,0.0247,
eslv20267c26fzfv,ohdd2026l6rsfpsg,hypodd,ohyp2026lrqt4ug2,2025-07-29T22:29:13.759999Z,14.099654,-89.881022,5.926,2.3938,MLc,0.277,304,7,0.0403,0.0454,
eslv2026ivw7jsr7,ohdd20267msffyri,hypodd,ohyp202623pj7nsw,2025-07-29T22:30:05.639999Z,14.083539,-89.843091,6.588,2.1718,MLc,0.084,146,8,0.0214,0.0227,
eslv2026qn3vta67,ohdd2026n7jaiu67,hypodd,ohyp2026bpkk7j34,2025-07-29T22:30:24.920000Z,14.046014,-89.815552,3.711,2.4296,MLc,0.304,167,15,0.0294,0.0456,
eslv2026n2l6bvg4,ohdd2026nk2kcubp,hypodd,ohyp2026lurjvxhl,2025-07-29T22:31:00.160000Z,14.102168,-89.855062,6.6,2.7462,MLc,0.11,216,8,0.0324,0.0284,
eslv2026dzbl57ed,ohdd20262sbgme44,hypodd,ohyp2026ub3pcshx,2025-07-29T22:31:17.879999Z,14.053721,-89.822135,4.852,2.678,MLc,0.122,132,14,0.0261,0.0246,
eslv20264qpafegr,ohdd2026e2jwfu2r,hypodd,ohyp2026mek6twtf,2025-07-29T22:32:02.140000Z,14.043625,-89.810636,4.438,2.2905,MLc,0.167,120,11,0.0277,0.0283,
eslv2026r563qusa,ohdd2026s6nb6pcp,hypodd,ohyp2026hbzflnpb,2025-07-29T22:35:04.559999Z,14.079182,-89.824561,8.222,1.6127,MLc,0.202,161,12,0.0374,0.0342,
eslv2026y42kot75,ohdd2026tlo7kw6n,hypodd,ohyp2026fg2fchdd,2025-07-29T22:35:22.539999Z,14.004599,-89.643685,12.521,1.6113,MLc,0.078,177,7,0.0011,0.0007,
eslv20265dbh2qvq,ohdd2026pothd67s,hypodd,ohyp2026xcnuvvff,2025-07-29T22:35:34.000000Z,14.047923,-89.822477,4.612,,,0.211,120,12,0.0277,0.0332,
eslv2026iseufe5g,ohdd2026b3tmpds4,hypodd,ohyp2026ysdi36wv,2025-07-29T22:36:18.960000Z,14.043486,-89.829549,7.107,2.3167,MLc,0.139,133,17,0.0321,0.0436,
eslv20265zijvpwe,ohdd2026ccwrqdif,hypodd,ohyp2026zrff7lbb,2025-07-29T22:37:45.460000Z,14.10065,-89.879183,6.056,3.127,MLc,0.186,276,17,0.031,0.0319,
eslv2026j6di3dn7,ohdd2026hnh4yb3i,hypodd,ohyp2026g2golkso,2025-07-29T22:38:10.339999Z,14.098654,-89.879264,5.928,3.1961,MLc,0.214,277,15,0.0313,0.0313,
eslv2026q4e2fi6j,ohdd2026c245aaam,hypodd,ohyp2026dygvtqvb,2025-07-29T22:39:22.120000Z,14.069881,-89.85319,13.13,1.7977,MLc,0.134,129,8,0.1892,0.0624,
eslv2026tmxac3k4,ohdd20265q6vrzrk,hypodd,ohyp2026bwmolbdt,2025-07-29T22:39:52.840000Z,14.099756,-89.855745,6.511,2.5841,MLc,0.232,216,16,0.0318,0.0385,
eslv2026ug2btq6f,ohdd2026gunzjdoi,hypodd,ohyp2026unbgtw2m,2025-07-29T22:42:16.719999Z,13.978408,-89.855176,8.448,2.5454,MLc,0.28,165,16,0.0307,0.0175,
eslv2026f75jvrhk,ohdd2026dbhj7nex,hypodd,ohyp20264e57okwo,2025-07-29T22:43:24.199999Z,13.960153,-89.834863,9.165,,,0.184,161,18,0.0117,0.0165,
eslv2026fkesg3zq,ohdd2026hanvnyyy,hypodd,ohyp2026yp2454is,2025-07-29T22:45:02.140000Z,14.104533,-89.88641,4.671,2.3587,MLc,0.309,284,9,0.0607,0.0373,
eslv2026hcq4vjmm,ohdd2026veyi23fo,hypodd,ohyp2026denminqe,2025-07-29T22:46:45.659999Z,14.06039,-89.825252,9.576,1.4904,MLc,0.198,139,10,0.0271,0.0346,
eslv2026nrvgjmhn,ohdd2026r34qkxrq,hypodd,ohyp2026d6tkwjk4,2025-07-29T22:47:20.199999Z,14.108485,-89.879321,4.997,2.4054,MLc,0.019,314,7,0.0344,0.0364,
eslv2026iruqvt5p,ohdd2026mg7tcqwm,hypodd,ohyp20264mxbp4d6,2025-07-29T22:49:15.099999Z,14.052864,-89.862549,9.135,1.5334,MLc,0.304,208,6,0.0196,0.0182,
eslv20263zfrjzuc,ohdd2026zqgfoyvb,hypodd,ohyp2026xz7srpz4,2025-07-29T22:49:46.039999Z,14.056055,-89.827287,4.08,1.7655,MLc,0.146,160,8,0.0363,0.0291,
eslv2026cm4o6sgl,ohdd2026fuxqhba5,hypodd,ohyp2026ggpqpbod,2025-07-29T22:49:57.880000Z,14.042257,-89.827629,3.735,1.5388,MLc,0.143,170,6,0.0404,0.0449,
eslv2026qivuvw2q,ohdd202635quseh2,hypodd,ohyp2026m3werkzp,2025-07-29T22:50:24.780000Z,13.96,-89.835986,9.232,2.1847,MLc,0.267,209,16,0.0217,0.0336,
eslv2026u74kgb4n,ohdd2026df3naxfx,hypodd,ohyp2026lkzrkr67,2025-07-29T22:50:45.200000Z,14.061708,-89.831063,5.579,2.7605,MLc,0.163,132,6,0.0218,0.0281,
eslv2026wdfxir24,ohdd2026xzzxhkom,hypodd,ohyp2026ujcv6gch,2025-07-29T22:51:23.920000Z,14.102496,-89.856844,6.411,1.7032,MLc,0.167,229,8,0.0293,0.0292,
eslv2026hxhtel4k,ohdd2026bnzjgtpn,hypodd,ohyp2026nlyqcqkb,2025-07-29T22:52:53.280000Z,14.046442,-89.851082,13.889,,,0.153,148,9,0.0745,0.0727,
eslv2026cs6cglil,ohdd202676jn3huc,hypodd,ohyp2026ihdux5hg,2025-07-29T22:55:00.800000Z,14.078853,-89.832585,6.269,2.6639,MLc,0.211,145,18,0.0274,0.035,
eslv2026fcpzo3vn,ohdd2026fyvzxx6v,hypodd,ohyp2026ey244ita,2025-07-29T22:56:06.780000Z,14.044582,-89.809399,4.162,2.4093,MLc,0.136,121,18,0.0284,0.036,
eslv2026zznoikbo,ohdd2026iphqjys5,hypodd,ohyp2026xkllxavw,2025-07-29T22:56:48.939999Z,14.103829,-89.864966,6.707,3.7633,MLc,0.192,274,20,0.0324,0.0289,
eslv20266nzesmab,ohdd2026m2iru6qn,hypodd,ohyp2026muzba3gl,2025-07-29T22:57:46.640000Z,14.076911,-89.854891,8.856,2.82,MLc,0.171,289,6,0.035,0.0353,
eslv2026tj4x2qvl,ohdd20262jxq6khb,hypodd,ohyp2026elj22zdy,2025-07-29T22:58:04.860000Z,14.164287,-89.839429,0.478,3.2551,MLc,0.196,267,7,0.9226,1.5332,
eslv2026zpimn22x,ohdd2026pnihh56j,hypodd,ohyp2026wbqerbfa,2025-07-29T22:58:35.780000Z,14.10642,-89.864103,6.864,2.4667,MLc,0.185,250,16,0.0316,0.0316,
eslv2026jxwbodns,ohdd2026mtsz2mhc,hypodd,ohyp2026cijbxkfx,2025-07-29T22:59:45.920000Z,14.097115,-89.870801,5.261,2.2203,MLc,0.203,270,16,0.0301,0.0362,
eslv2026uhcmcnzn,ohdd2026mtaqd5mb,hypodd,ohyp2026qfoy6wab,2025-07-29T23:00:23.359999Z,13.959075,-89.834172,8.913,3.6254,MLc,0.168,158,20,0.0122,0.0174,
eslv2026vj3viobb,ohdd2026cex5ueqs,hypodd,ohyp2026pgyry5ts,2025-07-29T23:00:52.179999Z,13.955687,-89.833748,6.773,3.5739,MLc,0.224,187,9,0.029,0.0411,
eslv2026rlzs3lhq,ohdd2026zy32ledk,hypodd,ohyp2026kozqfepg,2025-07-29T23:01:27.339999Z,13.960244,-89.833667,9.172,2.5335,MLc,0.158,153,16,0.0114,0.0148,
eslv202667rbuaum,ohdd2026yk4hestw,hypodd,ohyp2026xcj24qo7,2025-07-29T23:02:15.660000Z,13.995453,-89.846615,7.854,2.3882,MLc,0.321,225,10,0.024,0.0195,
eslv2026w4f2g7m5,ohdd2026fkn63w5j,hypodd,ohyp2026rar6idfy,2025-07-29T23:02:41.079999Z,14.058723,-89.826359,4.993,2.1169,MLc,0.152,131,16,0.0185,0.0233,
eslv2026smi2dzcr,ohdd20267eq7tyul,hypodd,ohyp2026km5vnjso,2025-07-29T23:03:52.679999Z,13.958679,-89.833431,8.993,3.1245,MLc,0.196,162,17,0.0136,0.0214,
eslv2026vi2bksxs,ohdd20265adxksrd,hypodd,ohyp2026kup7cpjs,2025-07-29T23:05:20.199999Z,14.104073,-89.865454,6.67,4.831,MLc,0.273,274,20,0.0383,0.0456,
eslv2026halqn3ki,ohdd20264j32ik2r,hypodd,ohyp20266fw5vkfl,2025-07-29T23:07:34.679999Z,14.082908,-89.842952,6.413,3.805,MLc,0.127,170,20,0.0229,0.0251,
eslv2026y52v6l42,ohdd20262vlyvhcu,hypodd,ohyp2026al56qhfz,2025-07-29T23:08:58.759999Z,14.128168,-89.819222,6.162,2.7388,MLc,0.164,215,11,0.1,0.1153,
eslv2026vw45obv6,ohdd2026p75fms5h,hypodd,ohyp2026zw7xxo77,2025-07-29T23:09:27.379999Z,14.044486,-89.83077,7.175,2.9031,MLc,0.206,145,16,0.033,0.0594,
eslv2026cfgzgekq,ohdd2026gd5oil3f,hypodd,ohyp2026wot7kpxu,2025-07-29T23:10:37.719999Z,14.054044,-89.813875,4.709,1.9654,MLc,0.123,184,9,0.035,0.0198,
eslv2026u22qzn6o,ohdd2026ubago7gy,hypodd,ohyp20267xsfqxz7,2025-07-29T23:11:53.619999Z,14.041703,-89.826107,6.957,2.3932,MLc,0.115,127,17,0.0275,0.0307,
eslv20265bk34dpa,ohdd2026hhfwz7rg,hypodd,ohyp2026ysvgtodt,2025-07-29T23:12:34.439999Z,14.058406,-89.823348,4.658,2.2016,MLc,0.241,146,9,0.0235,0.0232,
eslv2026k5thfbhb,ohdd2026x7j23i5b,hypodd,ohyp2026ile2cc33,2025-07-29T23:13:12.640000Z,13.959232,-89.836947,9.08,3.5711,MLc,0.186,158,18,0.0168,0.0243,
eslv20265xtqxl7z,ohdd2026mkpw4tuq,hypodd,ohyp2026rdnncjid,2025-07-29T23:15:44.759999Z,13.960239,-89.835913,8.804,2.1295,MLc,0.228,156,16,0.0174,0.0201,
eslv20264z4d3pg6,ohdd20267rqbzysf,hypodd,ohyp2026cjszy4th,2025-07-29T23:16:38.039999Z,14.070577,-89.857926,4.305,2.518,MLc,0.2,155,18,0.0323,0.0195,
eslv2026524l3hky,ohdd2026rk35t2t5,hypodd,ohyp2026z3bdwvle,2025-07-29T23:17:32.399999Z,14.0523,-89.815511,7.265,2.0052,MLc,0.154,135,13,0.03,0.0232,
eslv2026v7s3uqsh,ohdd2026j3vkq4np,hypodd,ohyp2026vdk26iiq,2025-07-29T23:19:41.320000Z,13.93137,-89.788525,2.853,1.7357,MLc,0.145,109,13,0.0198,0.0358,
eslv20265i6udctj,ohdd2026mewzw7z4,hypodd,ohyp2026a3o3de2w,2025-07-29T23:20:53.979999Z,14.10401,-89.86027,6.828,3.0437,MLc,0.192,223,8,0.0361,0.0287,
eslv2026qh4fqdu5,ohdd2026rs4eaucw,hypodd,ohyp2026xsxhkzsw,2025-07-29T23:21:30.859999Z,14.057694,-89.827083,4.992,2.0779,MLc,0.258,189,10,0.0277,0.0262,
eslv20267q7exk5y,ohdd2026fosbvfvw,hypodd,ohyp202664wniixj,2025-07-29T23:22:37.039999Z,14.104806,-89.885091,6.043,2.6352,MLc,0.215,278,16,0.0357,0.0367,
eslv2026fo2bhd3j,ohdd2026ssw3paim,hypodd,ohyp20265sis7o5b,2025-07-29T23:23:50.679999Z,14.101907,-89.883301,6.041,2.8164,MLc,0.2,280,18,0.0355,0.0369,
eslv2026oczxpx4h,ohdd2026c3frvq5b,hypodd,ohyp20266nuk5tvy,2025-07-29T23:26:32.479999Z,14.104007,-89.879744,6.517,2.2492,MLc,0.257,303,14,0.0487,0.0372,
eslv2026ht2ahrrf,ohdd202677vbed6e,hypodd,ohyp202663hqxwap,2025-07-29T23:29:37.240000Z,14.061189,-89.863875,10.27,,,0.088,230,6,0.0955,0.0374,
eslv202672dmuyiq,ohdd2026egjjehpr,hypodd,ohyp2026prfjbeau,2025-07-29T23:33:19.699999Z,14.082441,-89.830713,9.372,,,0.06,180,13,0.0294,0.036,
eslv2026iqsajvje,ohdd20264rh5taqc,hypodd,ohyp2026kvdyx7vp,2025-07-29T23:34:12.919999Z,14.078222,-89.823641,7.965,2.8364,MLc,0.276,154,7,0.0388,0.0342,
eslv2026znk7bd5l,ohdd2026jfp5ykuc,hypodd,ohyp2026jsdt5zcm,2025-07-29T23:35:49.039999Z,14.054223,-89.790218,4.461,1.9413,MLc,0.177,282,9,0.0574,0.0653,
eslv2026hlao3fr7,ohdd2026mnowps4z,hypodd,ohyp2026mjm23qv6,2025-07-29T23:36:05.320000Z,14.099234,-89.840739,2.061,1.9872,MLc,0.336,292,14,0.0316,0.0322,
eslv2026kgtn6fm6,ohdd20267lxmrsx6,hypodd,ohyp2026tvpuq45d,2025-07-29T23:37:01.040000Z,14.103417,-89.878304,6.071,2.4183,MLc,0.17,294,6,0.0378,0.0353,
eslv2026jrltdwxn,ohdd2026iaeesqs3,hypodd,ohyp2026dczmawmv,2025-07-29T23:38:50.039999Z,14.105637,-89.887679,6.371,2.8525,MLc,0.186,282,17,0.0388,0.0383,
eslv2026hsgqiib5,ohdd2026get74kf4,hypodd,ohyp2026z3fux7sx,2025-07-29T23:40:08.380000Z,14.034731,-89.861108,12.505,1.9492,MLc,0.132,206,6,0.0397,0.0398,
eslv2026fkgjwchu,ohdd2026qb5iiyao,hypodd,ohyp2026xziimyea,2025-07-29T23:41:55.600000Z,14.08312,-89.834505,6.807,2.2171,MLc,0.138,175,12,0.0325,0.0392,
eslv2026f7bsgcsc,ohdd2026syojcqfv,hypodd,ohyp2026clwek2ps,2025-07-29T23:42:22.660000Z,14.0564,-89.818278,7.391,1.8256,MLc,0.249,141,8,0.0309,0.0408,
eslv2026s2wtrhpb,ohdd2026m6vf5k7f,hypodd,ohyp2026udidzai3,2025-07-29T23:42:47.200000Z,14.053485,-89.82391,7.933,,,0.244,150,6,0.0427,0.0384,
eslv2026jzlse66p,ohdd2026pby3yoqm,hypodd,ohyp2026oyhe5cp4,2025-07-29T23:44:38.619999Z,14.038166,-89.817871,4.456,1.8709,MLc,0.128,127,9,0.0308,0.0344,
eslv2026ntgdhbre,ohdd2026w5cgz5j6,hypodd,ohyp20265gx4o4qw,2025-07-29T23:47:14.679999Z,14.042588,-89.823991,6.846,1.8763,MLc,0.162,125,14,0.0308,0.03,
eslv2026bld7zzco,ohdd2026xf32z3h6,hypodd,ohyp2026qv2qn6o5,2025-07-29T23:48:08.839999Z,13.960541,-89.837533,9.29,4.3088,MLc,0.163,156,14,0.0171,0.0213,
eslv2026ftbc3mt4,ohdd2026ubvr2clq,hypodd,ohyp2026mvlnejvk,2025-07-29T23:49:35.560000Z,14.056876,-89.826636,4.402,2.6329,MLc,0.123,132,9,0.0239,0.0244,
eslv2026ps4w73lx,ohdd2026hhvydp6m,hypodd,ohyp20265qkpolor,2025-07-29T23:49:56.619999Z,14.054583,-89.823592,3.898,2.0615,MLc,0.182,152,7,0.0303,0.0321,
eslv2026yikoksod,ohdd202664vljjgb,hypodd,ohyp2026atcgyntt,2025-07-29T23:52:47.799999Z,14.0278,-89.790641,12.903,,,0.157,254,8,0.0862,0.0728,
eslv2026zppzbeg7,ohdd2026fqrbj3z4,hypodd,ohyp2026xyp7qnis,2025-07-29T23:58:39.520000Z,14.04507,-89.846883,4.893,1.7807,MLc,0.272,140,7,0.033,0.0264,
eslv2026oynutazp,ohdd20264gfctvxu,hypodd,ohyp2026r6wqner3,2025-07-30T00:00:01.530000Z,14.043345,-89.826432,5.722,,,0.126,132,15,0.0264,0.0339,
eslv2026h5gcw6ha,ohdd2026r5hdy64u,hypodd,ohyp20265jdiy2sz,2025-07-30T00:03:25.089999Z,14.109493,-89.84834,6.073,1.9523,MLc,0.212,240,8,0.0564,0.0491,
eslv20264bdi6d22,ohdd20265anyxby3,hypodd,ohyp20266mpynadv,2025-07-30T00:07:12.269999Z,14.078002,-89.861263,4.874,2.0909,MLc,0.208,269,7,0.0258,0.027,
eslv2026glh6mjus,ohdd2026fuh77rdp,hypodd,ohyp2026u2clbwjd,2025-07-30T00:08:41.920000Z,14.06059,-89.826115,5.114,1.8702,MLc,0.169,141,10,0.0209,0.0394,
eslv2026hiy4ukpd,ohdd2026f5e3p7o4,hypodd,ohyp2026kflq6ddt,2025-07-30T00:10:09.460000Z,13.960802,-89.836613,8.003,1.864,MLc,0.285,154,8,0.0283,0.0211,
eslv2026gb52j4we,ohdd20266ulcvtdk,hypodd,ohyp20262bag323q,2025-07-30T00:11:24.899999Z,14.070087,-89.859188,4.375,2.6239,MLc,0.257,173,18,0.034,0.0215,
eslv2026xyjgxyoj,ohdd2026aiu37nbn,hypodd,ohyp20267wxkqelf,2025-07-30T00:12:10.480000Z,14.033419,-89.860392,7.599,2.7103,MLc,0.213,171,8,0.0519,0.0499,
eslv2026rjbyewx6,ohdd2026zcaloj5z,hypodd,ohyp2026hskkc3pj,2025-07-30T00:14:32.789999Z,13.959882,-89.834603,9.071,2.3997,MLc,0.181,160,18,0.013,0.0167,
eslv2026gljjxnjl,ohdd2026mexeo2sf,hypodd,ohyp2026qomm7qim,2025-07-30T00:15:16.030000Z,14.107955,-89.867334,7.194,1.9857,MLc,0.274,280,12,0.0386,0.0338,
eslv2026scsizf72,ohdd2026lpiriokt,hypodd,ohyp2026tyqb4jgr,2025-07-30T00:16:11.300000Z,14.084701,-89.845443,6.891,2.1896,MLc,0.268,172,11,0.0283,0.0284,
eslv2026nhxjsgna,ohdd2026ie6c63yn,hypodd,ohyp2026gfnt7eas,2025-07-30T00:19:12.689999Z,14.099482,-89.853394,6.248,2.0419,MLc,0.301,209,12,0.0423,0.0401,
eslv202624t2wfsq,ohdd20267x5znfgm,hypodd,ohyp2026plbdmlir,2025-07-30T00:20:07.809999Z,14.047973,-89.814746,4.228,1.9786,MLc,0.13,125,11,0.0258,0.0248,
eslv2026dx5mqchb,ohdd2026obpzqz3n,hypodd,ohyp2026qimkzxpl,2025-07-30T00:20:49.369999Z,13.872636,-89.788338,5.167,1.3729,MLc,0.135,278,6,0.0724,0.068,
eslv2026yeg5bowp,ohdd2026h3ume7et,hypodd,ohyp2026p7sx5kfr,2025-07-30T00:21:06.299999Z,14.055368,-89.822005,7.752,2.4031,MLc,0.204,140,18,0.0375,0.0458,
eslv2026fbnpkjka,ohdd2026mkyq343n,hypodd,ohyp2026cckohuxe,2025-07-30T00:22:23.750000Z,14.071738,-89.859131,4.483,1.953,MLc,0.169,174,16,0.0299,0.0256,
eslv2026cw6wiyss,ohdd2026h4jwrmio,hypodd,ohyp2026x6nae5ol,2025-07-30T00:24:28.350000Z,14.103248,-89.875448,5.269,2.4071,MLc,0.219,278,11,0.0317,0.0417,
eslv2026rybbzciy,ohdd2026u6bg7lgt,hypodd,ohyp20267enaeod2,2025-07-30T00:25:41.439999Z,14.057622,-89.825179,4.545,2.7179,MLc,0.16,137,10,0.0226,0.0242,
eslv2026b7tprsrz,ohdd2026lguu3xsb,hypodd,ohyp2026txx7d4ll,2025-07-30T00:29:13.439999Z,14.042616,-89.824658,6.844,2.258,MLc,0.12,156,16,0.031,0.058,
eslv2026ksimgrsu,ohdd2026vkdczsou,hypodd,ohyp2026occtshzz,2025-07-30T00:29:52.329999Z,14.022496,-89.857552,9.615,2.5612,MLc,0.295,133,17,0.077,0.0906,
eslv2026fvshvxza,ohdd2026qqdygwc4,hypodd,ohyp2026ipvt3om2,2025-07-30T00:30:19.030000Z,14.058543,-89.826074,4.738,2.7487,MLc,0.145,133,9,0.0228,0.0228,
eslv2026nwyrps5d,ohdd20264cslypte,hypodd,ohyp2026aljyplyn,2025-07-30T00:31:45.570000Z,14.07878,-89.822697,8.179,2.0271,MLc,0.172,169,16,0.024,0.0323,
eslv2026v4takzqe,ohdd2026lsk5yfkr,hypodd,ohyp2026ljhzbmz3,2025-07-30T00:32:52.000000Z,14.08462,-89.843766,6.659,2.1588,MLc,0.091,161,9,0.0219,0.0228,
eslv202677b7v67s,ohdd2026ynm3k7cg,hypodd,ohyp202655w4toa7,2025-07-30T00:34:16.300000Z,13.960998,-89.83221,9.145,2.2767,MLc,0.214,161,16,0.0131,0.0195,
eslv2026b4al4cp3,ohdd2026ozrdos55,hypodd,ohyp2026irddagtm,2025-07-30T00:35:36.170000Z,14.040198,-89.824227,6.967,3.1961,MLc,0.128,125,18,0.0286,0.0271,
eslv2026oixnnad6,ohdd2026iuqhaxjo,hypodd,ohyp2026qexwg6mq,2025-07-30T00:36:24.289999Z,14.03727,-89.818717,4.6,2.0265,MLc,0.143,150,7,0.0408,0.0477,
eslv2026vdhm3evf,ohdd2026xzyxssya,hypodd,ohyp2026pjhrcd4w,2025-07-30T00:37:27.210000Z,13.959776,-89.835905,8.89,2.0074,MLc,0.24,161,15,0.0196,0.0246,
eslv2026vfefp6dc,ohdd2026sogxa5jd,hypodd,ohyp2026mrquxbei,2025-07-30T00:37:41.149999Z,14.043807,-89.821444,6.823,2.7959,MLc,0.149,123,18,0.0251,0.0328,
eslv2026iukyptmd,ohdd202644lhcf5j,hypodd,ohyp2026aexofewj,2025-07-30T00:38:26.859999Z,14.07069,-89.858358,4.311,2.214,MLc,0.287,150,15,0.0375,0.0249,
eslv2026ewibnkmz,ohdd2026ic5w5n3a,hypodd,ohyp2026xglfh47q,2025-07-30T00:39:11.009999Z,14.102598,-89.879753,5.846,2.0636,MLc,0.235,279,13,0.0337,0.0375,
eslv2026xkis4e77,ohdd20262bavnitq,hypodd,ohyp2026axru4daq,2025-07-30T00:39:31.789999Z,14.099763,-89.870679,4.972,2.0915,MLc,0.253,278,9,0.0278,0.0324,
eslv2026yckro5ah,ohdd2026txg6fkv5,hypodd,ohyp2026xffxzqrr,2025-07-30T00:40:48.340000Z,14.045851,-89.818986,7.309,2.4059,MLc,0.173,116,17,0.0272,0.035,
eslv2026yfdc6n5m,ohdd2026annndbnf,hypodd,ohyp2026kglv2mma,2025-07-30T00:43:49.399999Z,14.055502,-89.82583,3.793,2.1263,MLc,0.25,146,18,0.0262,0.0353,
eslv20266z3stcw6,ohdd2026afrrjdb4,hypodd,ohyp2026agsujwp2,2025-07-30T00:45:26.500000Z,14.041711,-89.821704,2.616,2.0512,MLc,0.208,132,18,0.0289,0.0425,
eslv2026qb5wngoj,ohdd2026iwuk5k6e,hypodd,ohyp2026pdkj6cem,2025-07-30T00:46:13.060000Z,14.061584,-89.831665,7.549,3.4386,MLc,0.113,135,6,0.0277,0.0343,
eslv20263cxfxd43,ohdd2026dcsqzxyc,hypodd,ohyp2026kgfj3muo,2025-07-30T00:47:09.330000Z,13.961283,-89.835059,8.239,1.8303,MLc,0.202,155,16,0.0188,0.0221,
eslv202624besadt,ohdd2026bwehkxtz,hypodd,ohyp2026dp6tm5cy,2025-07-30T00:48:29.660000Z,14.083347,-89.836149,7.013,1.9155,MLc,0.133,172,12,0.0278,0.0311,
eslv2026s3cc2o3y,ohdd2026i7tpqm6x,hypodd,ohyp2026qz725sid,2025-07-30T00:50:25.399999Z,14.082972,-89.838143,6.234,1.8404,MLc,0.138,161,9,0.0245,0.0276,
eslv2026jggv33ww,ohdd20267unbcgtr,hypodd,ohyp20264oojwjbp,2025-07-30T00:52:05.219999Z,14.119354,-89.848088,4.732,3.1957,MLc,0.005,249,6,0.0087,0.0063,
eslv2026bjmopemp,ohdd2026fzrbheyk,hypodd,ohyp2026odchyzo6,2025-07-30T00:54:37.259999Z,14.042742,-89.821533,6.793,2.1253,MLc,0.155,126,16,0.0219,0.031,
eslv2026hn4l4kur,ohdd2026fk4nyg3y,hypodd,ohyp2026i7d4guau,2025-07-30T00:55:40.609999Z,14.041461,-89.823617,7.255,2.2884,MLc,0.154,134,14,0.0297,0.0299,
eslv2026bu73xi37,ohdd2026ys46i4id,hypodd,ohyp20266oqoxh5h,2025-07-30T00:59:43.270000Z,14.048093,-89.821004,7.595,1.9178,MLc,0.122,122,14,0.0259,0.0327,
eslv20265xb73vpn,ohdd2026kwbauiub,hypodd,ohyp2026bdcs5y3l,2025-07-30T01:00:12.910000Z,14.102567,-89.875138,6.039,2.1134,MLc,0.202,314,11,0.0348,0.0304,
eslv2026xa33tuxm,ohdd2026wkqpn644,hypodd,ohyp2026dlhtkmuw,2025-07-30T01:01:31.070000Z,14.043979,-89.823983,6.855,1.9211,MLc,0.134,124,15,0.0303,0.0387,
eslv2026evhac7ib,ohdd2026ldwrdxbp,hypodd,ohyp2026c6u6speg,2025-07-30T01:02:30.260000Z,14.042568,-89.825374,6.493,1.6942,MLc,0.151,126,10,0.0264,0.0332,
eslv2026brt2mu3w,ohdd2026bapktq4s,hypodd,ohyp2026447z4p24,2025-07-30T01:02:59.539999Z,14.045095,-89.823853,6.723,,,0.125,157,7,0.0363,0.0412,
eslv2026xbntpchu,ohdd2026z4dwh52j,hypodd,ohyp2026qbnwoq5o,2025-07-30T01:04:42.189999Z,14.086812,-89.847323,6.994,1.7577,MLc,0.14,182,6,0.0341,0.0317,
eslv2026edounvan,ohdd2026emntxauu,hypodd,ohyp2026ar7olsif,2025-07-30T01:08:20.629999Z,14.078807,-89.824357,7.889,1.7073,MLc,0.311,160,10,0.0393,0.0357,
eslv2026hqn35fg7,ohdd2026vb5hy6o3,hypodd,ohyp2026jmuhdqfk,2025-07-30T01:08:38.670000Z,14.078555,-89.823812,7.884,1.8881,MLc,0.111,171,14,0.0266,0.0283,
eslv2026imnd72oo,ohdd2026byt2tikn,hypodd,ohyp2026es5vuoxr,2025-07-30T01:09:25.879999Z,14.099181,-89.86036,6.333,2.5329,MLc,0.191,243,17,0.0297,0.0252,
eslv2026njcc34f5,ohdd2026bfjaalq3,hypodd,ohyp2026fced4og6,2025-07-30T01:11:10.609999Z,14.041355,-89.825317,7.12,2.2501,MLc,0.19,135,18,0.0251,0.028,
eslv2026aj42x34s,ohdd2026hyqw67ly,hypodd,ohyp2026ewt3tmfp,2025-07-30T01:11:33.270000Z,14.083411,-89.857113,5.77,2.644,MLc,0.215,233,7,0.058,0.0324,
eslv2026f4yllr2v,ohdd2026asgm7rzx,hypodd,ohyp2026znfscexf,2025-07-30T01:12:20.719999Z,14.043233,-89.825635,7.579,1.8254,MLc,0.145,126,9,0.0243,0.0327,
eslv2026ddnh27p7,ohdd2026yd7oj34s,hypodd,ohyp2026fezdnwzb,2025-07-30T01:13:22.530000Z,14.041053,-89.825008,5.941,1.8298,MLc,0.133,137,15,0.0253,0.0257,
eslv20265pqpxyyy,ohdd2026rimyxujs,hypodd,ohyp2026j26cscmy,2025-07-30T01:15:16.839999Z,14.05851,-89.828434,5.479,1.2794,MLc,0.211,136,7,0.0226,0.036,
eslv2026roxwzaku,ohdd2026xr4rmuae,hypodd,ohyp2026q36vdznj,2025-07-30T01:17:01.700000Z,14.103719,-89.857121,6.22,1.7386,MLc,0.139,248,7,0.0311,0.0295,
eslv2026omsazbms,ohdd2026l2gicknk,hypodd,ohyp2026vmxbjsmg,2025-07-30T01:19:39.600000Z,14.073077,-89.867171,5.124,2.7403,MLc,0.258,171,16,0.0378,0.0383,
eslv2026lvoeopl5,ohdd2026576mqkrg,hypodd,ohyp2026odxn7avm,2025-07-30T01:21:37.520000Z,13.961171,-89.832332,8.802,1.796,MLc,0.336,164,14,0.0158,0.0223,
eslv2026gqs5xgqh,ohdd2026g3bkwcrb,hypodd,ohyp2026t6jemqja,2025-07-30T01:22:28.789999Z,14.100555,-89.861076,6.983,1.2541,MLc,0.104,241,6,0.0331,0.0245,
eslv20267sosqovr,ohdd20266t6mjcd7,hypodd,ohyp2026ak7urn73,2025-07-30T01:23:05.309999Z,14.043787,-89.82535,6.998,3.2159,MLc,0.148,131,20,0.0259,0.0362,
eslv2026taqml5co,ohdd2026bzmogoke,hypodd,ohyp20266scg4ezz,2025-07-30T01:24:06.259999Z,14.048167,-89.823608,6.838,2.4665,MLc,0.159,151,11,0.0388,0.0331,
eslv20267ynou4uj,ohdd2026wt67dupv,hypodd,ohyp20266tzm76pv,2025-07-30T01:27:06.940000Z,14.102039,-89.867244,5.806,1.7597,MLc,0.197,252,6,0.0359,0.0326,
eslv2026i5rggazw,ohdd2026pwrgwz3b,hypodd,ohyp2026pe5z5mwe,2025-07-30T01:27:20.250000Z,14.105174,-89.866113,6.523,3.5755,MLc,0.189,266,19,0.0337,0.0331,
eslv2026yox2boax,ohdd2026ckelqvzu,hypodd,ohyp2026f7nszoqz,2025-07-30T01:30:19.850000Z,14.047696,-89.822721,6.303,2.7302,MLc,0.154,125,18,0.0308,0.0355,
eslv2026heycacxf,ohdd2026nerw4tnz,hypodd,ohyp2026t4536muu,2025-07-30T01:32:58.700000Z,14.043527,-89.82618,6.564,2.6418,MLc,0.163,134,18,0.0286,0.0345,
eslv2026a2xsalmm,ohdd2026sppguug2,hypodd,ohyp2026bd7qma6u,2025-07-30T01:34:25.250000Z,14.107413,-89.857275,6.224,1.8298,MLc,0.164,248,7,0.0346,0.0365,
eslv2026wjiqwsnj,ohdd2026vltnzqzo,hypodd,ohyp2026ic6yxobu,2025-07-30T01:35:29.010000Z,14.039954,-89.82356,5.713,1.6541,MLc,0.119,129,12,0.0283,0.0352,
eslv2026nayxk35s,ohdd2026kmig2feo,hypodd,ohyp2026kuztefc5,2025-07-30T01:36:51.100000Z,14.060087,-89.919263,2.712,1.4356,MLc,0.124,287,6,0.0385,0.0517,
eslv2026g2tt5io2,ohdd2026vqrwnhkf,hypodd,ohyp2026sfng5n5g,2025-07-30T01:37:06.440000Z,14.104671,-89.85686,6.035,1.8284,MLc,0.232,236,10,0.0403,0.0359,
eslv20264a25xrlw,ohdd2026kmgytcpy,hypodd,ohyp2026onqkbfd5,2025-07-30T01:39:09.699999Z,14.049166,-89.820516,7.563,2.348,MLc,0.177,122,18,0.0246,0.028,
eslv20263x4tute2,ohdd2026bq2j7mrf,hypodd,ohyp2026oqaeo4op,2025-07-30T01:39:33.640000Z,14.045349,-89.824959,7.474,2.5257,MLc,0.125,127,13,0.0276,0.0345,
eslv20263rsoku25,ohdd2026y677ozbi,hypodd,ohyp2026ir2zmbw3,2025-07-30T01:39:56.929999Z,14.042223,-89.826343,6.403,2.3918,MLc,0.127,130,15,0.0229,0.0231,
eslv20266v34gjto,ohdd2026pghr5z65,hypodd,ohyp2026f5z5a4il,2025-07-30T01:42:48.340000Z,14.114747,-89.826546,0.994,1.9892,MLc,0.238,242,9,0.0371,0.0576,
eslv2026e5ayo2od,ohdd202656v4pj32,hypodd,ohyp2026kwziicah,2025-07-30T01:43:30.030000Z,13.922712,-89.790861,4.737,1.4229,MLc,0.197,188,9,0.0295,0.032,
eslv2026lt2gfsz6,ohdd2026jwxvzhxy,hypodd,ohyp2026lg7kft4n,2025-07-30T01:44:12.939999Z,14.061005,-89.843343,11.199,1.7905,MLc,0.136,135,9,0.0588,0.0349,
eslv20262jz4fvrj,ohdd2026ujv3nhvk,hypodd,ohyp202676rmnj2q,2025-07-30T01:47:33.229999Z,14.10283,-89.863509,6.734,3.6624,MLc,0.189,259,20,0.0336,0.0341,
eslv20263kapnq26,ohdd2026tcnw4vpe,hypodd,ohyp2026inunzqqq,2025-07-30T01:50:10.869999Z,14.053244,-89.825798,4.482,1.4935,MLc,0.19,128,11,0.0296,0.0279,
eslv2026vd7467cm,ohdd2026lbjuyeqo,hypodd,ohyp2026mfldtxk3,2025-07-30T01:54:59.090000Z,14.049778,-89.820166,7.478,3.2628,MLc,0.145,119,19,0.0245,0.0324,
eslv2026a7ze4bkg,ohdd2026ozgwqnpo,hypodd,ohyp2026uxwznp5e,2025-07-30T01:56:58.869999Z,14.100977,-89.880216,5.858,2.3353,MLc,0.365,279,16,0.0468,0.0492,
eslv20262azzny6m,ohdd2026flepo5do,hypodd,ohyp2026bbh2cwqr,2025-07-30T01:57:13.310000Z,14.062049,-89.82832,6.541,2.3613,MLc,0.12,138,15,0.0288,0.0353,
eslv202655duqmjq,ohdd2026jdj5wpz2,hypodd,ohyp2026zbomljns,2025-07-30T01:59:03.480000Z,14.050898,-89.908,14.172,2.0084,MLc,0.216,267,7,0.2924,0.3066,
eslv2026ch66jo3x,ohdd2026s7n66ozh,hypodd,ohyp2026kmfapshl,2025-07-30T01:59:49.289999Z,14.037464,-89.820955,4.617,1.7296,MLc,0.088,156,7,0.028,0.0227,
eslv2026p53fylms,ohdd202677hst5mp,hypodd,ohyp2026vdyswuj7,2025-07-30T02:01:01.810000Z,14.05071,-89.821875,4.412,1.9562,MLc,0.114,125,15,0.0269,0.031,
eslv2026xmlexjgj,ohdd2026jwfkhjvl,hypodd,ohyp2026e7yjum24,2025-07-30T02:01:58.729999Z,14.080785,-89.840096,6.731,2.5266,MLc,0.247,161,18,0.024,0.0313,
eslv2026a2dfuksd,ohdd2026wts5mwjc,hypodd,ohyp2026fyu63utb,2025-07-30T02:02:42.799999Z,14.081943,-89.837646,6.893,2.9388,MLc,0.111,185,9,0.0274,0.0253,
eslv2026gfyoj2jb,ohdd2026octdae2l,hypodd,ohyp20266onnfkzm,2025-07-30T02:04:30.800000Z,14.08407,-89.841895,6.48,1.5902,MLc,0.113,171,13,0.0193,0.0256,
eslv2026o2qi2jfd,ohdd20265knvo37u,hypodd,ohyp20262nni35wy,2025-07-30T02:07:44.189999Z,14.053548,-89.821899,6.571,2.478,MLc,0.19,135,16,0.0248,0.0417,
eslv2026q4lz6ynj,ohdd2026wh3jyq4t,hypodd,ohyp2026leomjpxu,2025-07-30T02:09:02.859999Z,14.106175,-89.8729,6.386,2.0796,MLc,0.29,258,11,0.041,0.0364,
eslv2026p3myutq4,ohdd2026d4ymqzbk,hypodd,ohyp2026j7mqz2ev,2025-07-30T02:09:51.240000Z,14.047361,-89.803556,3.952,3.7427,MLc,0.237,132,18,0.0357,0.0344,
eslv2026tb7artdj,ohdd2026n7kb7ftt,hypodd,ohyp2026hmjr76wm,2025-07-30T02:11:35.630000Z,14.101136,-89.853735,6.327,2.2707,MLc,0.205,213,18,0.0356,0.033,
eslv2026d2uxhbkj,ohdd20264hujwijl,hypodd,ohyp2026nz5prcsi,2025-07-30T02:12:23.510000Z,14.031388,-89.884408,6.442,1.8342,MLc,0.141,215,7,0.0423,0.0352,
eslv2026a7rjlirc,ohdd2026mnxuqlnd,hypodd,ohyp2026tho2bbd5,2025-07-30T02:16:06.960000Z,14.052416,-89.820085,4.901,1.5477,MLc,0.16,124,10,0.0221,0.0174,
eslv2026hubzwcw2,ohdd2026jel4ldvj,hypodd,ohyp2026jfz2nrs2,2025-07-30T02:16:49.259999Z,14.052435,-89.821159,7.817,,,0.148,173,6,0.0242,0.0371,
eslv2026pi2kcybo,ohdd2026ld5ahglt,hypodd,ohyp2026z27ws2ye,2025-07-30T02:17:12.699999Z,14.05408,-89.814494,4.607,2.3392,MLc,0.216,185,9,0.0411,0.0343,
eslv202674r2sfvm,ohdd2026uz23zyjo,hypodd,ohyp2026p44xgshq,2025-07-30T02:18:35.619999Z,14.043993,-89.809823,4.45,1.8784,MLc,0.117,121,15,0.0266,0.0269,
eslv20264xlcdrs6,ohdd2026wxpw56lb,hypodd,ohyp2026bieuacp5,2025-07-30T02:19:11.859999Z,14.051421,-89.819124,4.831,2.38,MLc,0.134,132,17,0.0236,0.0189,
eslv20262z5nktai,ohdd2026tfvl5ulo,hypodd,ohyp20265gihew4v,2025-07-30T02:19:41.630000Z,14.08087,-89.845866,6.464,2.3899,MLc,0.175,170,14,0.0229,0.0293,
eslv2026d3ftvwfa,ohdd2026pwiweqy5,hypodd,ohyp2026rgdswrty,2025-07-30T02:20:08.849999Z,14.05,-89.815951,7.253,2.5899,MLc,0.132,126,18,0.0276,0.0267,
eslv2026g3xbgpzz,ohdd2026kh2rf2ss,hypodd,ohyp2026atoipwiv,2025-07-30T02:21:15.529999Z,14.049661,-89.816073,4.341,2.1951,MLc,0.143,123,18,0.0237,0.0283,
eslv2026kwhbzalf,ohdd2026iunip62a,hypodd,ohyp2026syvpo2qb,2025-07-30T02:21:38.759999Z,14.046639,-89.809928,5.374,2.2113,MLc,0.176,120,16,0.0267,0.0273,
eslv2026zmprgma3,ohdd2026dngoxeel,hypodd,ohyp2026oovi6spl,2025-07-30T02:22:31.239999Z,14.044186,-89.809261,4.408,1.5241,MLc,0.121,118,9,0.0275,0.0301,
eslv2026kvljifxr,ohdd2026ihv5xg6c,hypodd,ohyp2026isnd7zjn,2025-07-30T02:23:03.940000Z,14.046101,-89.814982,6.895,3.0793,MLc,0.152,127,19,0.0287,0.0363,
eslv2026d6uytfxm,ohdd2026rehnwlt2,hypodd,ohyp2026znzzjpfw,2025-07-30T02:23:53.929999Z,14.060362,-89.838411,14.44,3.323,MLc,0.111,130,17,0.0325,0.0393,
eslv2026sdrookfg,ohdd2026ittlg6mr,hypodd,ohyp2026vhet3bmf,2025-07-30T02:24:25.010000Z,14.047713,-89.815617,6.696,3.1341,MLc,0.125,126,20,0.027,0.0322,
eslv20267sbelpm4,ohdd2026ic5fcoyk,hypodd,ohyp2026demo4jt2,2025-07-30T02:26:20.530000Z,14.113966,-89.888468,6.325,1.6765,MLc,0.118,257,9,0.045,0.0573,
eslv2026myg4ds5l,ohdd2026ettaxnen,hypodd,ohyp2026htqvfyyi,2025-07-30T02:26:42.270000Z,14.042328,-89.823112,7.248,1.9534,MLc,0.188,131,16,0.0262,0.0378,
eslv20267kjaiegv,ohdd2026mxlor5tc,hypodd,ohyp2026owidnimm,2025-07-30T02:27:28.839999Z,14.040828,-89.823389,7.18,2.0678,MLc,0.145,147,14,0.0197,0.044,
eslv20264cd6znlk,ohdd2026zjdztro2,hypodd,ohyp2026huge6up7,2025-07-30T02:29:11.669999Z,14.043863,-89.826416,7.062,1.8572,MLc,0.178,129,14,0.0277,0.0506,
eslv2026t52usv6l,ohdd20267xksfri6,hypodd,ohyp20265icmruvm,2025-07-30T02:30:19.320000Z,14.048155,-89.819694,6.206,1.6946,MLc,0.147,122,12,0.03,0.0412,
eslv2026nhppwak7,ohdd2026cumq7nqi,hypodd,ohyp2026v4sbzqls,2025-07-30T02:32:25.699999Z,14.047327,-89.81591,7.019,2.6584,MLc,0.14,126,17,0.0286,0.0322,
eslv2026q4iqonrk,ohdd2026mlr4mnn4,hypodd,ohyp2026nxikabl2,2025-07-30T02:33:21.609999Z,14.100581,-89.857756,6.452,2.1137,MLc,0.244,217,15,0.0309,0.0249,
eslv2026mgn6s2kb,ohdd2026ukgdnyxv,hypodd,ohyp202642zh6wei,2025-07-30T02:34:43.799999Z,14.079198,-89.833529,5.555,1.8193,MLc,0.176,175,10,0.0309,0.0421,
eslv20264tgrdj7l,ohdd2026khvygzzj,hypodd,ohyp20267c6b6zwm,2025-07-30T02:35:04.500000Z,14.036641,-89.820947,4.612,2.0224,MLc,0.123,140,10,0.0347,0.0303,
eslv2026q3wcoway,ohdd2026266qsb5m,hypodd,ohyp2026uen2ae26,2025-07-30T02:35:16.480000Z,14.052534,-89.802987,16.116,2.6863,MLc,0.327,324,12,0.3592,0.3585,
eslv20264rblovnr,ohdd2026gkhvr2wu,hypodd,ohyp2026pl3jrxqe,2025-07-30T02:35:49.259999Z,14.103972,-89.883439,6.233,2.1083,MLc,0.384,305,11,0.0405,0.0332,
eslv2026ty77ddgy,ohdd2026o333rl2z,hypodd,ohyp2026h6t5gesn,2025-07-30T02:38:26.649999Z,14.102125,-89.875236,6.208,1.977,MLc,0.3,275,8,0.0409,0.0381,
eslv2026pzfwwabc,ohdd2026ktuoorev,hypodd,ohyp2026lzl5kszh,2025-07-30T02:39:08.949999Z,14.097085,-89.874447,5.719,2.4918,MLc,0.218,274,18,0.0395,0.0321,
eslv2026mpw3oacs,ohdd2026xekjlx6d,hypodd,ohyp2026mt5vuvum,2025-07-30T02:41:04.769999Z,14.017703,-89.828271,5.754,1.5551,MLc,0.248,173,6,0.0355,0.0427,
eslv2026buswi6tw,ohdd2026weiadyr6,hypodd,ohyp2026m3dh33s3,2025-07-30T02:43:58.840000Z,14.041966,-89.826196,6.953,2.0432,MLc,0.128,125,15,0.0258,0.0228,
eslv2026l4qihost,ohdd2026k3m7ygpd,hypodd,ohyp2026fvz5kguu,2025-07-30T02:44:41.789999Z,14.052455,-89.816097,3.823,1.675,MLc,0.257,154,11,0.027,0.0378,
eslv2026yal6rnv6,ohdd2026k7ig2tco,hypodd,ohyp2026r54sjxty,2025-07-30T02:46:34.119999Z,14.038429,-89.826978,6.722,2.1804,MLc,0.236,139,8,0.0305,0.0355,
eslv2026ldgvv77w,ohdd2026d5zcnelv,hypodd,ohyp2026zuh4swxg,2025-07-30T02:48:24.519999Z,14.153335,-89.843408,0.509,2.3059,MLc,0.26,263,7,0.9262,1.7933,
eslv2026xol7u5wn,ohdd2026ftryvypu,hypodd,ohyp2026ns4y5xwa,2025-07-30T02:51:18.320000Z,14.047545,-89.819735,7.435,1.8492,MLc,0.13,119,15,0.0224,0.0318,
eslv20265inur4h7,ohdd2026fohhuvty,hypodd,ohyp2026654xwkvm,2025-07-30T02:51:42.640000Z,13.983749,-89.803849,13.305,1.9604,MLc,0.109,127,17,0.0032,0.001,
eslv2026bsdzox2f,ohdd2026ixb5l4a7,hypodd,ohyp2026k3dh5m3e,2025-07-30T02:53:26.219999Z,14.056576,-89.824585,8.956,1.408,MLc,0.218,137,9,0.0469,0.0355,
eslv2026oa4tkmu4,ohdd2026zfkbuohk,hypodd,ohyp2026hjorwboo,2025-07-30T02:55:04.919999Z,14.046987,-89.808724,4.416,1.6533,MLc,0.189,173,13,0.0363,0.0343,
eslv2026pfxg4thp,ohdd2026epjycvkq,hypodd,ohyp2026im263v3k,2025-07-30T02:57:46.179999Z,14.062072,-89.830412,6.8,1.6367,MLc,0.174,141,10,0.0243,0.0282,
eslv2026jjw7ldi5,ohdd2026hmw6okev,hypodd,ohyp2026sgf355cv,2025-07-30T02:59:14.119999Z,14.109667,-89.79257,10.395,1.4761,MLc,0.034,166,7,0.1278,0.1146,
eslv2026kvhhkfmo,ohdd20264gkjcwk4,hypodd,ohyp2026gyhsiyy5,2025-07-30T03:00:44.060000Z,14.051733,-89.833936,4.312,1.7208,MLc,0.152,147,10,0.0294,0.0338,
eslv2026bgzrvf2x,ohdd2026vuy4ybp4,hypodd,ohyp2026537ayh3c,2025-07-30T03:01:44.590000Z,14.044326,-89.807544,4.292,1.6539,MLc,0.119,116,12,0.0287,0.0323,
eslv2026ybxchbo7,ohdd2026wkhityur,hypodd,ohyp2026qw3dxfca,2025-07-30T03:02:16.449999Z,14.050292,-89.838485,4.651,3.1529,MLc,0.147,147,17,0.032,0.0248,
eslv2026anynxcsc,ohdd20266wuuxjzn,hypodd,ohyp2026dmko6xnm,2025-07-30T03:07:31.000000Z,14.058066,-89.824219,4.404,1.7753,MLc,0.136,135,13,0.0224,0.0206,
eslv2026aj445yol,ohdd2026t5kvtbos,hypodd,ohyp2026d7khskch,2025-07-30T03:13:57.929999Z,14.059505,-89.829126,5.389,2.096,MLc,0.117,125,16,0.0248,0.0247,
eslv20267u5h5brd,ohdd2026nowwb4ek,hypodd,ohyp2026aanvo6sa,2025-07-30T03:17:37.719999Z,14.052142,-89.822909,10.06,1.7013,MLc,0.105,135,6,0.0402,0.0459,
eslv2026gzwwqo4z,ohdd20264e6ynujb,hypodd,ohyp2026nmeehgtj,2025-07-30T03:17:52.670000Z,14.0464,-89.81027,5.014,1.7648,MLc,0.103,120,13,0.023,0.0531,
eslv20267bx4gwgj,ohdd2026zx55ooey,hypodd,ohyp2026lle7nbfc,2025-07-30T03:18:18.670000Z,14.046118,-89.807454,4.843,2.0326,MLc,0.127,137,6,0.0302,0.026,
eslv2026txq6feja,ohdd2026v27gp7fa,hypodd,ohyp20264iorcvup,2025-07-30T03:19:57.810000Z,14.037012,-89.819368,4.051,1.5793,MLc,0.201,132,11,0.0285,0.0293,
eslv2026hcc36f7y,ohdd2026se4r3j5r,hypodd,ohyp2026j6goqpqh,2025-07-30T03:20:17.940000Z,14.046668,-89.813184,5.971,2.254,MLc,0.128,129,18,0.0291,0.0337,
eslv2026sz2dqeww,ohdd2026akrdsdju,hypodd,ohyp2026wlbtyfxs,2025-07-30T03:20:55.109999Z,14.053499,-89.822445,8.601,1.931,MLc,0.16,127,15,0.0234,0.0267,
eslv2026ie66b7u6,ohdd2026f6vz5okq,hypodd,ohyp2026daxljni2,2025-07-30T03:21:51.380000Z,14.010557,-89.871908,9.774,1.6648,MLc,0.139,148,9,0.054,0.0526,
eslv2026vtmqx5ez,ohdd2026nhoj6awc,hypodd,ohyp2026bni67yob,2025-07-30T03:22:28.699999Z,14.080657,-89.839941,6.368,1.9919,MLc,0.132,175,18,0.0199,0.0231,
eslv2026w6s5anci,ohdd20264jn6cmuf,hypodd,ohyp2026ktxyjmt5,2025-07-30T03:26:08.900000Z,14.081555,-89.835856,6.353,3.0405,MLc,0.179,153,18,0.0235,0.0347,
eslv2026qghm7mfd,ohdd2026nlx7vugw,hypodd,ohyp2026nvokb3lr,2025-07-30T03:30:18.829999Z,14.082506,-89.841724,6.62,1.8436,MLc,0.22,189,9,0.0305,0.0349,
eslv2026px2zaunz,ohdd2026nbkg7pkf,hypodd,ohyp2026p2fjqsea,2025-07-30T03:30:44.240000Z,14.082709,-89.835734,6.867,1.8526,MLc,0.105,178,13,0.0287,0.0329,
eslv2026rdugtkj5,ohdd2026kj6rtyme,hypodd,ohyp20265w3py3jx,2025-07-30T03:32:34.920000Z,14.099111,-89.879191,6.026,2.7885,MLc,0.213,276,18,0.0324,0.0517,
eslv2026umr4c2tr,ohdd2026imakus34,hypodd,ohyp2026w6yftmpn,2025-07-30T03:34:30.629999Z,14.060812,-89.829102,5.041,1.768,MLc,0.163,138,9,0.0257,0.0365,
eslv2026bw3a3q3l,ohdd2026oftdnfbw,hypodd,ohyp2026t5yrgzln,2025-07-30T03:38:05.480000Z,14.068015,-89.82998,5.853,1.5015,MLc,0.169,144,9,0.0271,0.0336,
eslv2026uhvs5pgz,ohdd2026dysmlv3x,hypodd,ohyp2026x6w3dnuv,2025-07-30T03:38:50.969999Z,14.042707,-89.824316,6.067,1.9399,MLc,0.115,131,12,0.0255,0.035,
eslv20267aubyqjy,ohdd2026runaphba,hypodd,ohyp2026cq7blyt3,2025-07-30T03:44:01.229999Z,14.102119,-89.85411,6.36,1.7859,MLc,0.304,255,9,0.0408,0.0326,
eslv20265edbtkwg,ohdd2026mk55iii7,hypodd,ohyp2026czfw5sm5,2025-07-30T03:44:29.449999Z,14.044343,-89.809399,4.444,1.5874,MLc,0.22,117,15,0.0317,0.0428,
eslv2026digao6ln,ohdd2026odebmnt3,hypodd,ohyp2026wyg2mfzc,2025-07-30T03:48:46.530000Z,14.09957,-89.853654,6.222,1.4612,MLc,0.226,243,8,0.0368,0.0297,
eslv2026awleydio,ohdd20262d6dvq32,hypodd,ohyp2026sb2ooj2x,2025-07-30T03:50:10.730000Z,14.060012,-89.828662,5.538,1.8993,MLc,0.224,138,12,0.0233,0.0388,
eslv2026l7lqo2gw,ohdd2026hlfoehrx,hypodd,ohyp2026rfkwps5o,2025-07-30T03:51:27.199999Z,14.054845,-89.877694,14.244,2.1343,MLc,0.135,162,13,0.0351,0.0219,
eslv202637stkkqk,ohdd2026f5wuu7hm,hypodd,ohyp2026ke3wl2sc,2025-07-30T03:56:41.859999Z,14.085976,-89.835506,6.865,1.3407,MLc,0.112,173,7,0.0256,0.025,
eslv2026c6qcrfzo,ohdd2026wy5iahi5,hypodd,ohyp2026clfcwg7p,2025-07-30T03:57:20.109999Z,13.9844,-89.800627,3.987,1.5806,MLc,0.235,156,8,0.011,0.011,
eslv20267xrh7mch,ohdd2026dnkblevc,hypodd,ohyp2026cgtf23nc,2025-07-30T03:58:07.710000Z,14.078951,-89.825781,8.976,1.1107,MLc,0.354,138,8,0.0264,0.0259,
eslv202622dq7ia7,ohdd2026ptptmpj6,hypodd,ohyp2026ng3l64bt,2025-07-30T03:58:59.890000Z,14.053319,-89.843351,5.797,1.4777,MLc,0.244,163,9,0.0403,0.0337,
eslv2026mwdrvz2z,ohdd2026qcjxuv2b,hypodd,ohyp2026syl7hszu,2025-07-30T04:00:05.690000Z,14.061039,-89.823853,4.989,1.7125,MLc,0.171,131,9,0.0207,0.0617,
eslv2026jvkpr5yl,ohdd2026cawavda3,hypodd,ohyp2026eqcxvgff,2025-07-30T04:03:12.939999Z,14.084762,-89.844491,6.644,2.0397,MLc,0.116,156,6,0.0202,0.0247,
eslv2026ortpeqqp,ohdd2026xbkj2ykc,hypodd,ohyp2026imn2dmbe,2025-07-30T04:04:05.219999Z,13.960054,-89.834546,9.286,2.1066,MLc,0.199,165,17,0.0139,0.0187,
eslv2026hqrt6ckn,ohdd2026nj6a5teq,hypodd,ohyp2026jnc2lmk2,2025-07-30T04:06:37.679999Z,14.101099,-89.856868,6.358,2.7094,MLc,0.138,252,6,0.0288,0.0241,
eslv2026u6iouzw7,ohdd20262lauttkc,hypodd,ohyp2026kpxqsdoi,2025-07-30T04:09:28.699999Z,14.009663,-89.881576,2.897,1.1471,MLc,0.299,229,7,0.0278,0.0444,
eslv20263xwppjcx,ohdd2026i5ipr4c4,hypodd,ohyp2026zyb5kcd4,2025-07-30T04:11:06.360000Z,14.078351,-89.822306,8.038,1.8107,MLc,0.222,172,17,0.0265,0.0373,
eslv2026lk4epr6u,ohdd20262r24cfy2,hypodd,ohyp20267v34jq4v,2025-07-30T04:11:31.289999Z,14.052538,-89.818294,4.801,2.5469,MLc,0.146,135,19,0.0245,0.0224,
eslv2026ldicmeg4,ohdd2026g43wayz6,hypodd,ohyp2026mi5jg2oi,2025-07-30T04:11:45.740000Z,14.082821,-89.840926,6.347,2.3127,MLc,0.109,156,6,0.0221,0.0285,
eslv2026sn4k6v3p,ohdd2026627kfcjp,hypodd,ohyp2026dcweryj7,2025-07-30T04:13:07.209999Z,14.05041,-89.818018,4.466,2.1463,MLc,0.161,130,18,0.0241,0.0216,
eslv2026yb2t2hud,ohdd2026zl4efnll,hypodd,ohyp2026hqijfevy,2025-07-30T04:13:51.289999Z,14.049626,-89.813159,6.38,2.3906,MLc,0.133,134,18,0.0295,0.0362,
eslv2026bbr3eeej,ohdd20265y5w2dhm,hypodd,ohyp2026xs3ii3ft,2025-07-30T04:14:46.009999Z,14.061139,-89.827645,6.05,2.0157,MLc,0.147,138,16,0.0224,0.0297,
eslv2026mglaasyb,ohdd2026u3aapflw,hypodd,ohyp2026nvqsf44y,2025-07-30T04:15:19.609999Z,14.051893,-89.820435,4.753,1.4646,MLc,0.141,153,10,0.0266,0.0213,
eslv202667vsfuo4,ohdd2026bufcyhum,hypodd,ohyp20265i362zk6,2025-07-30T04:16:50.229999Z,14.102586,-89.855029,6.402,1.7264,MLc,0.104,226,10,0.0296,0.0267,
eslv2026oleii2sn,ohdd2026ldiwlu2p,hypodd,ohyp2026l7g4pqwp,2025-07-30T04:17:50.679999Z,14.051513,-89.819621,6.939,2.7071,MLc,0.36,144,18,0.0332,0.0528,
eslv2026k3pp4z7y,ohdd2026ghctrynt,hypodd,ohyp2026avvfappa,2025-07-30T04:18:37.119999Z,14.078893,-89.822453,7.759,2.336,MLc,0.086,165,10,0.02,0.0244,
eslv2026ov6bznkq,ohdd2026lhy6jbza,hypodd,ohyp20267qarattx,2025-07-30T04:19:16.579999Z,14.05376,-89.823958,5.705,1.339,MLc,0.111,142,8,0.0243,0.0313,
eslv2026edgsl7n3,ohdd2026u45pjyrq,hypodd,ohyp2026pmxjxt6m,2025-07-30T04:20:06.919999Z,14.056665,-89.825765,5.584,2.2317,MLc,0.148,139,17,0.0217,0.0386,
eslv2026aicn7ejo,ohdd2026lwrztyac,hypodd,ohyp2026cvs52ms4,2025-07-30T04:21:48.170000Z,14.079458,-89.832137,5.394,1.6001,MLc,0.168,166,10,0.029,0.0394,
eslv20266k63jodl,ohdd2026a5lxtpoh,hypodd,ohyp2026l7roahzg,2025-07-30T04:27:23.850000Z,14.076498,-89.83195,4.872,1.7748,MLc,0.17,180,13,0.025,0.0268,
eslv2026opbqwjqp,ohdd2026gfopjit2,hypodd,ohyp2026tjlj5tn4,2025-07-30T04:28:08.269999Z,14.080807,-89.838021,7.004,1.7862,MLc,0.117,151,7,0.0251,0.0269,
eslv2026qdbwdbqw,ohdd2026luaclp6k,hypodd,ohyp2026c76hp2ah,2025-07-30T04:28:44.579999Z,14.103563,-89.858195,6.256,1.9181,MLc,0.204,256,16,0.034,0.0274,
eslv2026lne6f7n7,ohdd2026no2ofam3,hypodd,ohyp2026eizsauq4,2025-07-30T04:31:55.179999Z,14.060591,-89.827425,6.039,1.7288,MLc,0.208,150,14,0.0251,0.0286,
eslv2026cp3e5jsu,ohdd2026hp4d7vf6,hypodd,ohyp2026garqjapb,2025-07-30T04:38:21.789999Z,14.044987,-89.822607,7.511,1.5823,MLc,0.147,127,13,0.0283,0.0381,
eslv2026s2f3rcm3,ohdd20267xihhcwr,hypodd,ohyp2026psns4ixi,2025-07-30T04:39:07.660000Z,14.085667,-89.843636,6.781,1.4571,MLc,0.109,157,14,0.0218,0.022,
eslv2026mi3rrbo7,ohdd2026q5uiwttn,hypodd,ohyp2026plzjrlee,2025-07-30T04:39:49.289999Z,14.036115,-89.822087,4.405,1.5896,MLc,0.184,164,9,0.0288,0.0309,
eslv2026mnnlygrv,ohdd2026huojfuak,hypodd,ohyp2026sf5ghxzd,2025-07-30T04:40:12.710000Z,14.040803,-89.820475,4.773,2.3418,MLc,0.154,123,13,0.0298,0.0531,
eslv2026bnpc2cqc,ohdd2026aqtmnpr2,hypodd,ohyp2026fzeev6oo,2025-07-30T04:40:44.289999Z,14.060026,-89.826107,4.86,1.5276,MLc,0.103,138,9,0.0202,0.023,
eslv2026unv5g4jm,ohdd2026w4joxlls,hypodd,ohyp20267woej4qu,2025-07-30T04:41:10.220000Z,14.10612,-89.857959,6.658,1.4593,MLc,0.243,259,7,0.0358,0.0271,
eslv2026o25vm4fl,ohdd2026ibwnqvsx,hypodd,ohyp2026sorcaskd,2025-07-30T04:42:50.049999Z,14.079373,-89.831909,5.436,1.6088,MLc,0.173,147,14,0.0304,0.0358,
eslv2026csfnkgj4,ohdd2026kcs4orhb,hypodd,ohyp2026a47nbdcp,2025-07-30T04:43:47.659999Z,14.094615,-89.853239,5.606,1.7004,MLc,0.109,170,17,0.026,0.0359,
eslv2026ybtsshks,ohdd2026e57oxn3v,hypodd,ohyp2026nz4ujwga,2025-07-30T04:44:53.329999Z,14.043699,-89.821842,7.554,1.9844,MLc,0.121,129,15,0.0282,0.0294,
eslv20265zy3y2y2,ohdd2026tammexhe,hypodd,ohyp2026dga4pejw,2025-07-30T04:46:06.429999Z,14.064551,-89.911873,3.796,1.5438,MLc,0.219,281,6,0.0471,0.0522,
eslv2026zychlxrj,ohdd2026dw5jrjbm,hypodd,ohyp2026u2fnwojn,2025-07-30T04:46:50.820000Z,14.053181,-89.866333,7.857,1.4441,MLc,0.206,172,7,0.0251,0.0454,
eslv2026c2d63vzq,ohdd2026k6xecini,hypodd,ohyp2026wjwmsmrd,2025-07-30T04:47:34.359999Z,14.036861,-89.822713,4.624,1.0936,MLc,0.15,165,7,0.0302,0.0365,
eslv2026mg2up25z,ohdd2026u3tabhhu,hypodd,ohyp20264mhe2hx2,2025-07-30T04:47:51.100000Z,14.07821,-89.863794,7.319,1.7432,MLc,0.077,143,9,0.0351,0.0235,
eslv2026nbflyind,ohdd2026xukv4a7g,hypodd,ohyp2026mnlnibnh,2025-07-30T04:49:10.490000Z,14.041869,-89.827856,6.896,1.5514,MLc,0.122,135,13,0.0281,0.0297,
eslv20264ieqwumx,ohdd2026qsgieshr,hypodd,ohyp2026eiog6vf3,2025-07-30T04:49:46.079999Z,14.078595,-89.82391,7.536,2.0957,MLc,0.125,174,15,0.0252,0.0332,
eslv2026chi4hzdo,ohdd2026rsfzktse,hypodd,ohyp2026woowgs5a,2025-07-30T04:51:14.839999Z,14.084058,-89.841797,7.006,1.7618,MLc,0.127,153,11,0.0248,0.0324,
eslv2026igg3ssd5,ohdd2026o6ul7qm3,hypodd,ohyp2026iiju646l,2025-07-30T04:52:46.670000Z,14.104247,-89.860075,6.546,2.9151,MLc,0.175,245,20,0.0306,0.0256,
eslv2026s2jjzcvs,ohdd2026ou6czxqs,hypodd,ohyp20262ew5xpvy,2025-07-30T04:54:02.120000Z,14.041795,-89.823486,4.653,2.0247,MLc,0.148,128,17,0.0255,0.0272,
eslv20263pbkn7br,ohdd2026zlzetpzf,hypodd,ohyp2026ewldpk2e,2025-07-30T04:54:44.219999Z,14.044292,-89.827979,6.761,2.8666,MLc,0.136,136,19,0.0231,0.0315,
eslv2026556obdyz,ohdd2026ukphzhb6,hypodd,ohyp20266h6dcwyo,2025-07-30T04:58:55.609999Z,14.047455,-89.817456,6.978,2.3855,MLc,0.142,122,18,0.0254,0.0252,
eslv20262pjkppoq,ohdd20267eaqtp6d,hypodd,ohyp2026nmrl6uur,2025-07-30T05:02:17.000000Z,14.049454,-89.815796,4.446,2.1895,MLc,0.152,121,14,0.0253,0.0307,
eslv2026lr5ny7wu,ohdd2026ozvlbe6n,hypodd,ohyp20264kfpt725,2025-07-30T05:02:50.549999Z,14.048082,-89.81508,6.844,2.292,MLc,0.174,121,16,0.0239,0.0257,
eslv2026se7anf5t,ohdd2026lrxijqmg,hypodd,ohyp2026ihl4qg52,2025-07-30T05:04:18.129999Z,14.04744,-89.81674,6.672,2.6634,MLc,0.157,118,14,0.0306,0.0365,
eslv2026btybuqbm,ohdd2026gu2s3cp4,hypodd,ohyp2026qqgvx77o,2025-07-30T05:05:41.219999Z,14.058249,-89.82583,4.534,2.6295,MLc,0.144,132,13,0.029,0.0264,
eslv2026ozlqm2c4,ohdd20265jyawbrc,hypodd,ohyp2026imgkjho7,2025-07-30T05:08:22.160000Z,14.039287,-89.819539,4.545,1.6196,MLc,0.117,167,8,0.0234,0.0298,
eslv2026vv6x52xy,ohdd2026hcr6447w,hypodd,ohyp2026gkdhhdob,2025-07-30T05:08:53.679999Z,14.042829,-89.825513,7.071,1.66,MLc,0.131,169,7,0.0267,0.0295,
eslv2026vdlfvist,ohdd2026ndpylcdz,hypodd,ohyp2026dh5adryh,2025-07-30T05:09:06.410000Z,14.00224,-89.861125,9.645,2.7659,MLc,0.116,275,13,0.0453,0.0581,
eslv2026oy4mbtsv,ohdd2026yep5ctfd,hypodd,ohyp20262wpvydv4,2025-07-30T05:10:37.219999Z,14.039672,-89.827148,7.802,1.4992,MLc,0.266,314,6,0.032,0.046,
eslv2026hrv4i2te,ohdd202642wefvg4,hypodd,ohyp2026mbqjpbwn,2025-07-30T05:11:32.060000Z,14.049337,-89.814705,6.477,1.6312,MLc,0.2,131,15,0.0339,0.0253,
eslv20262t6esako,ohdd2026ch5pgti6,hypodd,ohyp2026bej336kc,2025-07-30T05:12:36.320000Z,14.05874,-89.825448,4.697,1.4664,MLc,0.105,132,9,0.0233,0.028,
eslv20267vkciiaq,ohdd2026jjlmf2cx,hypodd,ohyp2026gxjyxv3w,2025-07-30T05:17:23.500000Z,14.105758,-89.855249,6.482,1.4839,MLc,0.179,228,10,0.0288,0.0307,
eslv2026x2h34kpn,ohdd2026jylvd4c5,hypodd,ohyp2026d4gtnhap,2025-07-30T05:18:07.780000Z,14.053927,-89.823299,4.08,1.8455,MLc,0.163,132,12,0.0261,0.0339,
eslv2026h44ihl56,ohdd2026amril4jk,hypodd,ohyp2026fjx2cbcj,2025-07-30T05:19:24.940000Z,13.879769,-89.833838,8.952,1.4985,MLc,0.096,168,7,0.1134,0.1337,
eslv2026bvayn77e,ohdd2026gk5mrarm,hypodd,ohyp2026dtmzogh6,2025-07-30T05:19:34.439999Z,14.048246,-89.8434,5.494,1.9258,MLc,0.264,162,17,0.0402,0.0458,
eslv2026x7c3niuq,ohdd2026otb2xyuy,hypodd,ohyp2026rdt4n7sq,2025-07-30T05:22:30.789999Z,14.049234,-89.866406,3.786,1.8124,MLc,0.208,277,11,0.0583,0.0327,
eslv2026n4wfuqnz,ohdd2026puaknp4b,hypodd,ohyp2026munwtp2m,2025-07-30T05:22:44.350000Z,14.102561,-89.880322,6.624,2.7983,MLc,0.208,279,16,0.0336,0.0306,
eslv20262q344f5u,ohdd2026ie53p7no,hypodd,ohyp2026cids6pq3,2025-07-30T05:25:39.399999Z,14.057369,-89.825464,4.333,1.201,MLc,0.138,130,12,0.0259,0.0246,
eslv2026hr3cpwzu,ohdd2026xmk3t7bp,hypodd,ohyp2026bmxzir57,2025-07-30T05:27:52.119999Z,14.041153,-89.825732,7.798,1.8452,MLc,0.207,139,16,0.0288,0.0267,
eslv20265ym3jfe4,ohdd20266jhle3bm,hypodd,ohyp2026qzfvzybo,2025-07-30T05:28:16.050000Z,14.037595,-89.818221,4.169,1.8612,MLc,0.123,127,7,0.0328,0.0243,
eslv2026qk3p23ua,ohdd2026qzdgwdgz,hypodd,ohyp2026z5epbsai,2025-07-30T05:28:49.939999Z,14.054177,-89.818237,8.765,1.6729,MLc,0.194,136,17,0.0277,0.0301,
eslv2026bdie5jxz,ohdd2026lz6jjpuz,hypodd,ohyp2026p6zqgcna,2025-07-30T05:31:07.230000Z,14.060519,-89.827091,5.714,1.2805,MLc,0.176,149,11,0.0244,0.0331,
eslv2026teqbdute,ohdd2026abcsnnzo,hypodd,ohyp2026ywdzbsfv,2025-07-30T05:31:34.640000Z,14.057994,-89.827507,4.245,1.4627,MLc,0.193,127,10,0.0379,0.0245,
eslv2026zhfcyvi7,ohdd2026gyiv5qdo,hypodd,ohyp2026fst2lbx3,2025-07-30T05:32:01.419999Z,14.09799,-89.869881,5.023,1.1696,MLc,0.249,270,11,0.0239,0.0305,
eslv2026qb77odh7,ohdd202666qtjbu3,hypodd,ohyp2026gzgpwsiy,2025-07-30T05:33:20.050000Z,14.020076,-89.915771,2.289,1.1831,MLc,0.202,187,9,0.0274,0.0536,
eslv2026crhh6cba,ohdd2026ycxn7maw,hypodd,ohyp20264cdjxrae,2025-07-30T05:35:14.070000Z,14.03785,-89.820719,4.705,1.3826,MLc,0.204,124,10,0.0327,0.028,
eslv20264zusaw5z,ohdd202646fozwfg,hypodd,ohyp2026ekbbkend,2025-07-30T05:36:19.870000Z,14.042123,-89.825553,7.259,1.6638,MLc,0.131,133,12,0.0294,0.0261,
eslv2026jkyrasza,ohdd2026j73fpj5s,hypodd,ohyp2026yzjc5ibq,2025-07-30T05:37:21.789999Z,14.079663,-89.824715,8.316,2.1508,MLc,0.132,164,18,0.0243,0.031,
eslv2026dsfwcx6j,ohdd20263hpci6rb,hypodd,ohyp2026fglzyrfw,2025-07-30T05:38:18.750000Z,14.082472,-89.837394,6.521,1.2227,MLc,0.105,168,8,0.0217,0.0249,
eslv2026mnqmgo4n,ohdd2026wcbafhds,hypodd,ohyp2026opxlb27c,2025-07-30T05:38:31.850000Z,14.103838,-89.858976,6.998,2.108,MLc,0.282,229,17,0.0353,0.0381,
eslv2026mamtjxkl,ohdd2026wbaecfgr,hypodd,ohyp2026bmtl76ij,2025-07-30T05:39:14.070000Z,14.05711,-89.82299,5.691,1.8116,MLc,0.237,144,17,0.0268,0.0359,
eslv2026bozm4agp,ohdd2026ehkjcygd,hypodd,ohyp2026f7j2mnmk,2025-07-30T05:40:29.750000Z,14.079367,-89.821362,7.766,1.1206,MLc,0.19,161,6,0.0338,0.0304,
eslv2026qbv7yzov,ohdd2026sjda4xs3,hypodd,ohyp2026ykop6xz7,2025-07-30T05:42:56.259999Z,14.083189,-89.832039,6.915,1.4214,MLc,0.118,168,10,0.0408,0.054,
eslv2026ojlhyyov,ohdd2026fj5mgci5,hypodd,ohyp2026swiprwab,2025-07-30T05:43:40.719999Z,14.09997,-89.85354,5.785,1.7339,MLc,0.143,225,13,0.0406,0.0328,
eslv20263cxanvrx,ohdd20263d4ldtvt,hypodd,ohyp20262kcpoxn6,2025-07-30T05:45:25.980000Z,14.029206,-89.86687,12.928,1.0668,MLc,0.082,201,7,0.0512,0.0177,
eslv2026qxzgmz7k,ohdd2026ljuowdbv,hypodd,ohyp2026p5dsxd32,2025-07-30T05:46:39.030000Z,14.090967,-89.84834,4.492,1.5812,MLc,0.082,219,15,0.0963,0.0891,
eslv2026cnhteylq,ohdd2026g4c6ji5t,hypodd,ohyp2026x35ec7kw,2025-07-30T05:47:42.759999Z,14.081277,-89.843481,6.181,1.226,MLc,0.108,180,10,0.0234,0.0296,
eslv2026yi72k4gy,ohdd2026tgndfblp,hypodd,ohyp20262lup7fpf,2025-07-30T05:48:16.820000Z,14.043052,-89.821631,7.077,1.8934,MLc,0.156,125,18,0.0266,0.026,
eslv20265w36nmg2,ohdd2026rk4yd7ao,hypodd,ohyp202647cs7fjq,2025-07-30T05:50:32.770000Z,14.08615,-89.838452,7.029,0.8233,MLc,0.102,172,6,0.0252,0.0291,
eslv2026ppudxkfm,ohdd2026cm5vhiak,hypodd,ohyp2026peammw4k,2025-07-30T05:51:20.260000Z,14.08219,-89.836222,6.395,0.8386,MLc,0.131,187,7,0.0238,0.0254,
eslv2026vlvbj5f2,ohdd2026uk22c3qn,hypodd,ohyp2026clvgd6bl,2025-07-30T05:52:01.710000Z,14.080301,-89.826969,9.225,0.9481,MLc,0.354,145,12,0.0367,0.0372,
eslv2026bs5qhsq4,ohdd2026intfmbih,hypodd,ohyp20263lre7rh5,2025-07-30T05:52:35.219999Z,14.094892,-89.835946,2.821,1.5101,MLc,0.195,226,9,0.0471,0.0476,
eslv2026ml6j5lpu,ohdd2026ebglqtzb,hypodd,ohyp2026xd3f5rdi,2025-07-30T05:53:49.890000Z,14.054568,-89.827799,4.246,1.7535,MLc,0.132,134,11,0.0288,0.0262,
eslv20266rho3a3y,ohdd2026nbf53azu,hypodd,ohyp20265n4xljh2,2025-07-30T05:54:10.490000Z,13.960876,-89.833691,8.702,1.619,MLc,0.272,157,11,0.0167,0.0309,
eslv2026dn73bjbd,ohdd2026wccelh6q,hypodd,ohyp2026qxjt7qbz,2025-07-30T05:54:56.350000Z,14.074465,-89.851506,10.254,1.0686,MLc,0.112,183,13,0.0449,0.0382,
eslv2026s2iyu7yg,ohdd2026jl6qvkwq,hypodd,ohyp2026e5sr73sv,2025-07-30T05:57:33.969999Z,14.05099,-89.816626,4.57,1.3052,MLc,0.123,128,11,0.0247,0.0291,
eslv2026osop3hde,ohdd2026bbgbahcg,hypodd,ohyp2026hjestxtz,2025-07-30T05:58:26.219999Z,14.099582,-89.858781,6.907,2.9178,MLc,0.192,227,20,0.0345,0.0295,
eslv20263pfmfflm,ohdd2026yape6kyy,hypodd,ohyp2026i2a4e6xx,2025-07-30T06:00:50.310000Z,13.959694,-89.834977,9.172,1.8741,MLc,0.175,155,17,0.0102,0.0101,
eslv2026pkuk6uq6,ohdd2026ydmexhw2,hypodd,ohyp2026gnkh65tv,2025-07-30T06:01:33.070000Z,14.084635,-89.841479,4.166,1.3736,MLc,0.229,250,7,0.0517,0.0449,
eslv20264luvezsa,ohdd20263cqniz5l,hypodd,ohyp2026t4kx5jgo,2025-07-30T06:03:33.469999Z,14.000837,-89.841626,11.447,1.5064,MLc,0.192,161,14,0.023,0.0227,
eslv2026677occqv,ohdd2026y4nf2j7t,hypodd,ohyp2026mj4lnwm5,2025-07-30T06:08:06.179999Z,14.035285,-89.903516,12.086,1.4667,MLc,0.078,203,9,0.0472,0.0359,
eslv20267afy24fw,ohdd2026ol7b7isk,hypodd,ohyp2026ah75xahk,2025-07-30T06:09:36.429999Z,14.053484,-89.814974,9.144,1.3984,MLc,0.265,232,11,0.0368,0.0451,
eslv2026eg5blxli,ohdd2026l3awhukp,hypodd,ohyp2026tjdp4vl6,2025-07-30T06:10:20.750000Z,14.052943,-89.831917,3.564,1.4815,MLc,0.29,155,9,0.0356,0.0446,
eslv20265pj6wx4f,ohdd2026lgg3xxmm,hypodd,ohyp2026xxh5vp43,2025-07-30T06:10:37.460000Z,14.045926,-89.842871,4.762,1.7147,MLc,0.323,165,14,0.0377,0.0326,
eslv2026xlutsx43,ohdd2026p2fx55ya,hypodd,ohyp202672rjw3wf,2025-07-30T06:12:48.399999Z,14.054022,-89.824316,4.146,1.3564,MLc,0.213,134,14,0.0263,0.0358,
eslv2026q7gkhbi2,ohdd2026qim36p7f,hypodd,ohyp2026vibgncli,2025-07-30T06:17:22.000000Z,14.085266,-89.894946,4.874,1.0327,MLc,0.181,287,7,0.0388,0.0364,
eslv2026c2gfyg23,ohdd2026ztg75djw,hypodd,ohyp2026ysg2wp6y,2025-07-30T06:20:30.809999Z,14.035465,-89.821981,4.389,1.4313,MLc,0.15,153,11,0.0292,0.027,
eslv2026wnzlzuvk,ohdd2026svqurqq2,hypodd,ohyp20263dmbbjsc,2025-07-30T06:21:31.329999Z,14.063703,-89.822168,7.789,1.3198,MLc,0.295,162,13,0.0466,0.0449,
eslv2026ahxc7fui,ohdd2026brvxcday,hypodd,ohyp20267gft7fv4,2025-07-30T06:22:42.030000Z,14.105227,-89.851774,6.339,1.7058,MLc,0.226,217,8,0.0278,0.0257,
eslv2026qbzt7mrm,ohdd2026wevm7mu4,hypodd,ohyp2026dtsekqc4,2025-07-30T06:23:15.330000Z,13.957076,-89.839884,4.504,1.6514,MLc,0.314,164,16,0.0307,0.0348,
eslv2026gyet5qqh,ohdd2026pnnentzq,hypodd,ohyp2026nhznpwom,2025-07-30T06:24:02.770000Z,13.956601,-89.837419,9.732,1.3427,MLc,0.249,155,8,0.0251,0.0291,
eslv2026joevntif,ohdd2026vu54j2k6,hypodd,ohyp20267ouvm42m,2025-07-30T06:26:45.840000Z,14.025603,-89.900228,2.192,1.6923,MLc,0.154,232,12,0.0129,0.02,
eslv2026xvr43l7t,ohdd2026fr23b3sz,hypodd,ohyp2026yhuwwd37,2025-07-30T06:27:28.120000Z,14.099589,-89.862028,7.607,1.629,MLc,0.27,319,10,0.0451,0.0357,
eslv2026ofjsjtif,ohdd20263a5nboix,hypodd,ohyp2026cn3or3vp,2025-07-30T06:31:32.880000Z,14.108577,-89.862964,6.833,1.6666,MLc,0.357,291,11,0.0381,0.0286,
eslv2026qrr36xyc,ohdd2026257bcenl,hypodd,ohyp2026xkudxug2,2025-07-30T06:32:42.130000Z,14.07962,-89.822005,7.399,0.8834,MLc,0.139,176,7,0.0282,0.0309,
eslv2026zaixrciw,ohdd2026uxqfmp7t,hypodd,ohyp2026dkkjpfxh,2025-07-30T06:33:42.579999Z,14.048665,-89.815804,4.474,2.3935,MLc,0.158,167,13,0.0276,0.0267,
eslv2026ktouiplv,ohdd202673gckhfr,hypodd,ohyp2026mp6zwxec,2025-07-30T06:36:29.850000Z,14.075084,-89.859969,4.842,1.648,MLc,0.249,170,14,0.0296,0.0221,
eslv2026jy7kinvo,ohdd2026crmtqz5h,hypodd,ohyp2026hux5ps5b,2025-07-30T06:37:32.850000Z,14.02003,-89.84318,7.748,1.4826,MLc,0.273,145,16,0.0359,0.0693,
eslv2026scmvf6go,ohdd2026kixowess,hypodd,ohyp20266dbx6ega,2025-07-30T06:38:02.189999Z,14.052007,-89.834448,4.275,1.8667,MLc,0.18,159,16,0.0327,0.0317,
eslv2026rsvrs47d,ohdd2026ekw4hxf5,hypodd,ohyp2026nghawtqp,2025-07-30T06:42:22.949999Z,14.03755,-89.828499,6.913,1.1575,MLc,0.161,145,8,0.0312,0.0261,
eslv2026ehqwspwf,ohdd2026bxu5p5wl,hypodd,ohyp20265blaf5xk,2025-07-30T06:42:32.409999Z,14.067514,-89.866634,4.431,2.0983,MLc,0.189,152,11,0.0476,0.036,
eslv2026hmbbybnq,ohdd2026eyhtqmcj,hypodd,ohyp20267bukm7su,2025-07-30T06:43:25.550000Z,14.073324,-89.831901,4.915,1.3102,MLc,0.174,194,8,0.0389,0.0232,
eslv2026cfndg4wv,ohdd2026fjq2sh7g,hypodd,ohyp2026hm3lcfak,2025-07-30T06:43:59.619999Z,14.047201,-89.817985,9.773,1.3045,MLc,0.426,143,8,0.0395,0.0357,
eslv20262p3umaok,ohdd2026azaslhx2,hypodd,ohyp2026u7qrjzwo,2025-07-30T06:46:44.969999Z,14.041682,-89.825724,7.199,0.8272,MLc,0.117,155,8,0.0248,0.0181,
eslv2026p2o7spe6,ohdd2026koi6tjcr,hypodd,ohyp2026xuhgkhcn,2025-07-30T06:47:09.259999Z,14.03908,-89.890413,8.036,1.3138,MLc,0.214,217,10,0.0286,0.0261,
eslv2026dovv2x6k,ohdd2026fmx6to6a,hypodd,ohyp2026ujxbx234,2025-07-30T06:47:51.490000Z,14.07672,-89.822811,4.963,1.2298,MLc,0.22,166,12,0.0339,0.0463,
eslv2026uarf6nps,ohdd2026jest4aka,hypodd,ohyp2026xpdx6ryl,2025-07-30T06:48:28.739999Z,14.083807,-89.84043,6.575,1.3237,MLc,0.183,190,8,0.0272,0.0295,
eslv2026b7nnypid,ohdd2026hewezgh6,hypodd,ohyp2026hkzpz5mu,2025-07-30T06:48:55.799999Z,14.049077,-89.819906,7.315,1.6219,MLc,0.151,118,17,0.0208,0.0261,
eslv20267wl5xydp,ohdd2026yrmkkegx,hypodd,ohyp2026lb7stlgv,2025-07-30T06:50:28.649999Z,14.039215,-89.823055,4.942,1.031,MLc,0.195,150,11,0.0338,0.0301,
eslv2026jch4ftpj,ohdd2026hnejzmzx,hypodd,ohyp2026zg3sdtqu,2025-07-30T06:51:57.130000Z,14.078079,-89.831828,5.869,1.8979,MLc,0.201,146,18,0.0244,0.0335,
eslv2026jr6ee5c6,ohdd2026gk2qxeyh,hypodd,ohyp202675gmqnil,2025-07-30T06:52:40.280000Z,14.05202,-89.834904,4.107,1.8585,MLc,0.144,150,16,0.0315,0.0316,
eslv2026o7rus4w2,ohdd2026bg55qlml,hypodd,ohyp20264yx7x3ph,2025-07-30T06:53:02.379999Z,14.107323,-89.856201,6.455,1.3129,MLc,0.181,243,12,0.031,0.0304,
eslv2026wgzagtcm,ohdd2026klykrjc6,hypodd,ohyp2026a3rk47qk,2025-07-30T06:55:30.640000Z,14.051156,-89.815568,7.091,2.9475,MLc,0.17,137,20,0.0266,0.0318,
eslv2026hl6gcu27,ohdd2026j5as5ubj,hypodd,ohyp20267ghu5q56,2025-07-30T06:57:44.579999Z,14.061231,-89.828003,17.336,1.5803,MLc,0.13,144,11,0.1281,0.063,
eslv20264in2jl5r,ohdd2026jznqjs6o,hypodd,ohyp2026o3gdmexe,2025-07-30T06:58:10.820000Z,14.057589,-89.824422,5.176,1.9918,MLc,0.114,130,18,0.0205,0.039,
eslv2026gqd7fxzc,ohdd20265qdsn4cg,hypodd,ohyp2026ua7pwq7z,2025-07-30T06:58:32.500000Z,13.960179,-89.832674,9.22,1.9162,MLc,0.263,160,11,0.015,0.0213,
eslv20264niolbt7,ohdd2026upjegyic,hypodd,ohyp2026q3yzbtps,2025-07-30T06:59:01.590000Z,14.08253,-89.843888,6.745,2.314,MLc,0.105,169,18,0.0225,0.0272,
eslv2026orshmvhd,ohdd20266ahvyxey,hypodd,ohyp20264wjpnljh,2025-07-30T07:01:59.490000Z,14.050276,-89.825773,6.955,1.8342,MLc,0.174,126,14,0.0238,0.0319,
eslv2026tjqiaoli,ohdd2026i57fbj36,hypodd,ohyp2026k3vidfyg,2025-07-30T07:02:04.980000Z,14.109737,-89.876278,5.476,2.1265,MLc,0.268,317,8,0.0454,0.0529,
eslv2026t2qkcnxj,ohdd2026yub2ip7x,hypodd,ohyp2026ovdtmr5n,2025-07-30T07:02:45.350000Z,14.046009,-89.807609,4.251,1.0321,MLc,0.105,119,8,0.0275,0.0353,
eslv2026elqcfzuf,ohdd2026lhpg5crl,hypodd,ohyp2026ru7qd3zr,2025-07-30T07:04:06.400000Z,14.083614,-89.842611,6.53,1.2543,MLc,0.085,159,13,0.0212,0.0246,
eslv2026j5js6nur,ohdd2026lovh2n5u,hypodd,ohyp20267pjlxay4,2025-07-30T07:04:40.899999Z,14.036673,-89.822363,4.603,1.5685,MLc,0.175,136,15,0.0273,0.0279,
eslv2026c3kqoco6,ohdd2026voeg4la7,hypodd,ohyp2026cmsdnjnr,2025-07-30T07:06:48.899999Z,14.021786,-89.853849,8.401,1.6313,MLc,0.217,174,13,0.0213,0.0223,
eslv20263jw7pttr,ohdd2026adeuj5i3,hypodd,ohyp2026uioxp3go,2025-07-30T07:07:44.960000Z,14.046677,-89.823201,4.624,1.366,MLc,0.123,156,11,0.0323,0.0267,
eslv2026zs6k4rdq,ohdd2026nj4o4fxc,hypodd,ohyp20264b4hky7t,2025-07-30T07:08:56.640000Z,14.055818,-89.828158,4.314,1.3203,MLc,0.206,178,9,0.0354,0.0311,
eslv2026u3uxgner,ohdd2026xln2nt53,hypodd,ohyp2026xofohf2t,2025-07-30T07:09:23.350000Z,14.112515,-89.872941,7.792,2.0617,MLc,0.081,265,13,0.049,0.0515,
eslv20264rg6daio,ohdd2026bhgkkwx2,hypodd,ohyp2026rgu3gger,2025-07-30T07:13:13.119999Z,14.105048,-89.860547,6.513,1.7941,MLc,0.173,267,16,0.0349,0.032,
eslv2026zqtnrqky,ohdd20263wytquwa,hypodd,ohyp2026oorej2vp,2025-07-30T07:15:05.960000Z,14.083585,-89.838477,6.527,1.2938,MLc,0.166,172,10,0.0284,0.0308,
eslv2026gvwytp6b,ohdd2026ahekiokz,hypodd,ohyp2026owv5fmna,2025-07-30T07:15:55.079999Z,14.117766,-89.837524,4.016,1.1037,MLc,0.263,297,7,0.0481,0.0298,
eslv2026nkqz7tm6,ohdd2026jy4eworz,hypodd,ohyp2026tsoqnqqg,2025-07-30T07:17:27.269999Z,14.10219,-89.856592,6.361,1.2352,MLc,0.228,244,10,0.037,0.0315,
eslv2026a6x3ylrf,ohdd2026kqbwow3g,hypodd,ohyp2026vfketmvw,2025-07-30T07:18:54.020000Z,14.020143,-89.851742,7.093,1.5031,MLc,0.289,143,13,0.0273,0.0453,
eslv2026knl5p2pd,ohdd2026nhze2f6o,hypodd,ohyp2026skf6nutk,2025-07-30T07:20:48.630000Z,14.05379,-89.823161,8.902,3.2444,MLc,0.17,125,20,0.0245,0.0322,
eslv2026s5kdysa4,ohdd2026qjebxwgj,hypodd,ohyp20266c2lwvqy,2025-07-30T07:23:53.200000Z,14.057846,-89.863753,8.69,1.1208,MLc,0.22,181,9,0.027,0.0282,
eslv20266cdug4j4,ohdd2026mr6o5nor,hypodd,ohyp2026tnfykniu,2025-07-30T07:24:28.519999Z,14.056789,-89.821916,4.251,0.7279,MLc,0.273,155,12,0.0289,0.0258,
eslv2026msxr4e5m,ohdd2026vblqphww,hypodd,ohyp2026z5pkrec5,2025-07-30T07:25:54.409999Z,14.05817,-89.869499,8.194,1.4737,MLc,0.001,246,6,0.011,0.0091,
eslv20262j4ypljp,ohdd2026fgxriinp,hypodd,ohyp2026lu6mzomr,2025-07-30T07:27:12.300000Z,14.066485,-89.821729,10.234,1.7127,MLc,0.234,281,9,0.0576,0.0918,
eslv2026quctmy5a,ohdd2026tcu4xg56,hypodd,ohyp2026njctqomf,2025-07-30T07:30:25.820000Z,14.083951,-89.839038,6.728,1.622,MLc,0.161,188,13,0.0253,0.0306,
eslv2026n22atnf7,ohdd20267qy22ykg,hypodd,ohyp2026lrpbavea,2025-07-30T07:33:14.339999Z,14.075073,-89.86464,5.028,1.849,MLc,0.21,201,17,0.0297,0.0239,
eslv2026xnypgga6,ohdd2026lvwrh2di,hypodd,ohyp2026dzkhjbdu,2025-07-30T07:33:52.479999Z,14.05112,-89.808602,6.421,1.2705,MLc,0.137,188,9,0.035,0.0428,
eslv2026sxmp3b5x,ohdd2026mzusr4en,hypodd,ohyp2026degyx27o,2025-07-30T07:34:07.919999Z,14.055884,-89.830705,4.405,1.1985,MLc,0.193,179,8,0.0376,0.0322,
eslv2026etpsay3x,ohdd20264ux5mmnv,hypodd,ohyp2026vv6j3xhu,2025-07-30T07:34:27.230000Z,14.045867,-89.826074,4.785,1.404,MLc,0.11,213,6,0.0357,0.0224,
eslv20264td3yfnm,ohdd2026nc7zyjkj,hypodd,ohyp2026h2zcpzcy,2025-07-30T07:35:28.969999Z,13.979053,-89.793571,11.795,0.8339,MLc,0.109,204,6,0.003,0.0011,
eslv2026uo4ajakd,ohdd2026gfqpip63,hypodd,ohyp20262gyszc4b,2025-07-30T07:35:46.460000Z,14.08036,-89.836051,5.944,1.0135,MLc,0.187,166,12,0.0329,0.0365,
eslv2026ganvyusc,ohdd2026x3j4wf4y,hypodd,ohyp2026gznxbndc,2025-07-30T07:36:24.289999Z,14.044749,-89.831413,4.165,1.2172,MLc,0.144,150,7,0.0511,0.0478,
eslv2026rwblkckg,ohdd2026aorwcjyx,hypodd,ohyp2026rvycfku6,2025-07-30T07:39:13.419999Z,14.066233,-89.817204,6.197,0.907,MLc,0.185,264,7,0.0998,0.0985,
eslv20262n6khonh,ohdd2026xfh6uo3a,hypodd,ohyp2026stocurkz,2025-07-30T07:43:47.850000Z,14.079537,-89.822957,7.989,1.1992,MLc,0.092,163,8,0.0272,0.0365,
eslv202627yblgca,ohdd20263tkx6npn,hypodd,ohyp2026sxxs2k3j,2025-07-30T07:45:11.080000Z,14.138234,-89.917603,7.385,,,0.118,282,7,0.0481,0.0506,
eslv2026d2kyqkfw,ohdd202632tb77ik,hypodd,ohyp2026wa6rwexb,2025-07-30T07:47:06.269999Z,14.078935,-89.856266,5.096,1.4342,MLc,0.197,131,13,0.0382,0.1366,
eslv2026h5o62ocv,ohdd2026wlaizdy4,hypodd,ohyp2026j7ieic2f,2025-07-30T07:48:05.139999Z,14.047879,-89.814958,4.767,1.0099,MLc,0.145,130,6,0.0327,0.0243,
eslv2026oszncjqt,ohdd2026onpqljii,hypodd,ohyp20263ftobhl5,2025-07-30T07:48:37.689999Z,14.0787,-89.826619,7.82,0.6468,MLc,0.124,161,7,0.0287,0.0254,
eslv2026utfi4ae7,ohdd2026ztbyoech,hypodd,ohyp2026r3h5g42t,2025-07-30T07:51:34.270000Z,14.047812,-89.819588,7.549,1.7741,MLc,0.151,118,17,0.0247,0.03,
eslv2026nnltdefp,ohdd202656rdnlvj,hypodd,ohyp202643p6vulr,2025-07-30T07:52:28.609999Z,14.0525,-89.817179,4.226,1.3398,MLc,0.279,154,13,0.0308,0.0364,
eslv20263ztvff4v,ohdd2026f5aqmm7a,hypodd,ohyp20263d3q5owg,2025-07-30T07:53:01.639999Z,14.047532,-89.816089,6.897,2.0131,MLc,0.225,134,9,0.0274,0.045,
eslv2026xpmtfdmq,ohdd2026vfzp5idk,hypodd,ohyp20265fprkby6,2025-07-30T07:53:09.810000Z,14.043843,-89.823486,7.591,1.2059,MLc,0.18,151,11,0.0292,0.0329,
eslv202667hnngsh,ohdd2026wj54gdpn,hypodd,ohyp2026zfiyqhmm,2025-07-30T07:55:21.839999Z,14.078867,-89.824202,7.899,1.8414,MLc,0.144,179,16,0.0244,0.0322,
eslv20266penbkbg,ohdd20267hk3jvhd,hypodd,ohyp2026z5vawfli,2025-07-30T07:57:48.310000Z,14.09964,-89.881063,5.878,1.5443,MLc,0.205,302,12,0.0356,0.0396,
eslv2026dcz66kjd,ohdd2026h7ta6sl3,hypodd,ohyp2026dum3cd34,2025-07-30T07:59:45.179999Z,14.067544,-89.867074,4.485,0.9919,MLc,0.249,220,7,0.0538,0.0379,
eslv2026w67rtgvs,ohdd2026vwb7gufz,hypodd,ohyp2026we7zeorq,2025-07-30T08:00:23.760000Z,14.079277,-89.824862,8.095,1.0073,MLc,0.155,179,7,0.0325,0.0308,
eslv2026ajmx4jns,ohdd2026lifglh2x,hypodd,ohyp202652ak6bu4,2025-07-30T08:01:27.339999Z,14.047616,-89.81779,7.348,1.6442,MLc,0.161,165,17,0.0331,0.0265,
eslv2026vq42lgrq,ohdd2026s2rnyyfk,hypodd,ohyp2026veo3dtpj,2025-07-30T08:03:52.850000Z,14.046306,-89.862809,8.086,2.065,MLc,0.227,158,14,0.0365,0.0225,
eslv2026kzhb4qr7,ohdd2026lrhf3yqa,hypodd,ohyp2026l3lpdcbn,2025-07-30T08:09:07.259999Z,14.061814,-89.833919,5.69,1.6023,MLc,0.177,131,14,0.0344,0.0331,
eslv2026pckdj2lw,ohdd2026mfdi3s5t,hypodd,ohyp2026x7a7rtox,2025-07-30T08:11:23.070000Z,14.086283,-89.839795,3.415,1.2596,MLc,0.402,272,11,0.0507,0.0443,
eslv2026ilwvgnp2,ohdd20264suge4ce,hypodd,ohyp2026ywpofll2,2025-07-30T08:14:28.429999Z,14.051026,-89.821077,4.518,1.8241,MLc,0.36,195,13,0.0382,0.0406,
eslv2026m2nsv4c4,ohdd2026hko5obkx,hypodd,ohyp2026j7pcpwxg,2025-07-30T08:17:35.369999Z,14.100185,-89.85472,6.518,2.6738,MLc,0.224,203,19,0.0341,0.0353,
eslv2026dgdlgf6a,ohdd202653qw2bc5,hypodd,ohyp2026dx52rgqs,2025-07-30T08:18:59.429999Z,14.103694,-89.91394,7.338,1.2813,MLc,0.097,275,7,0.1034,0.0874,
eslv2026euvfdmx3,ohdd20267ugiurj4,hypodd,ohyp2026j7umrhch,2025-07-30T08:19:20.140000Z,14.041593,-89.826774,6.653,1.3221,MLc,0.115,137,10,0.0254,0.0346,
eslv2026k3q4l6bo,ohdd2026cvdlrg5f,hypodd,ohyp2026df7lpyqv,2025-07-30T08:20:03.189999Z,14.045085,-89.823462,4.645,1.5017,MLc,0.139,127,14,0.026,0.0272,
eslv2026vq3j4gcp,ohdd2026szbaqc4z,hypodd,ohyp2026jlfoa3ek,2025-07-30T08:20:35.070000Z,14.038099,-89.821232,4.717,1.7188,MLc,0.118,128,14,0.0279,0.0247,
eslv2026oeim2wx3,ohdd2026jxunsace,hypodd,ohyp2026ga2burtr,2025-07-30T08:21:42.359999Z,14.029742,-89.800098,5.089,1.9876,MLc,0.141,257,8,0.0481,0.0541,
eslv2026dnzaijbb,ohdd2026snyl2iv3,hypodd,ohyp202633cxaey4,2025-07-30T08:23:12.550000Z,14.046719,-89.884025,8.845,1.5527,MLc,0.148,212,12,0.0257,0.0156,
eslv2026gimltmoh,ohdd2026p7a4zstr,hypodd,ohyp202657hx7lzx,2025-07-30T08:23:36.590000Z,14.078388,-89.822054,7.76,1.2061,MLc,0.071,162,6,0.0257,0.031,
eslv2026xouq6nkl,ohdd2026cpkmzlep,hypodd,ohyp2026j5gpbtcs,2025-07-30T08:23:51.170000Z,14.023212,-89.877295,7.537,1.5327,MLc,0.23,178,11,0.0226,0.0244,
eslv2026ugrkyxju,ohdd2026cr2p3pke,hypodd,ohyp2026drsq2nha,2025-07-30T08:24:43.799999Z,14.082986,-89.842415,6.278,1.7027,MLc,0.151,148,12,0.0239,0.026,
eslv2026zpikj2hv,ohdd2026ukntf52n,hypodd,ohyp2026ckjwsvw2,2025-07-30T08:27:23.460000Z,14.051529,-89.822738,8.523,1.9871,MLc,0.153,123,17,0.0233,0.0274,
eslv2026xpkopk2t,ohdd2026s4vophnw,hypodd,ohyp2026owh7newp,2025-07-30T08:28:55.740000Z,14.0114,-89.884465,2.942,1.2196,MLc,0.124,206,6,0.0797,0.0836,
eslv202644ppdlos,ohdd2026e2gmv4ij,hypodd,ohyp202623o2mnya,2025-07-30T08:29:46.100000Z,14.037868,-89.81901,4.436,1.6288,MLc,0.15,127,12,0.028,0.0253,
eslv2026pw2vwt6a,ohdd20266f4nchyn,hypodd,ohyp2026vqq4wi3c,2025-07-30T08:30:36.640000Z,14.040275,-89.815299,3.632,1.5497,MLc,0.236,127,12,0.0379,0.0438,
eslv20266tat4gnm,ohdd2026fegavuvd,hypodd,ohyp2026clykd3em,2025-07-30T08:32:31.449999Z,14.072741,-89.839006,6.342,1.0502,MLc,0.236,188,7,0.0731,0.0582,
eslv2026xsbrosgz,ohdd2026lrm6baxz,hypodd,ohyp2026rbgkznmw,2025-07-30T08:34:50.710000Z,14.05043,-89.850529,7.667,1.64,MLc,0.232,158,16,0.0461,0.0445,
eslv2026yrt3lsq5,ohdd20266v6rjj4m,hypodd,ohyp2026dsaqvawz,2025-07-30T08:35:01.690000Z,14.051874,-89.813468,6.446,1.7071,MLc,0.161,178,9,0.0387,0.0331,
eslv2026bzr7fewa,ohdd2026ptxv6psl,hypodd,ohyp2026q2gxmste,2025-07-30T08:43:03.960000Z,14.079425,-89.823405,8.375,1.2152,MLc,0.103,164,8,0.0199,0.0234,
eslv2026rqvek4gb,ohdd2026xmt4neko,hypodd,ohyp2026lts73vcx,2025-07-30T08:44:36.909999Z,14.060526,-89.826782,5.769,1.438,MLc,0.165,138,11,0.0217,0.0293,
eslv2026j42c5up2,ohdd20267r5q64it,hypodd,ohyp20264seyhrfx,2025-07-30T08:44:59.320000Z,14.045886,-89.818075,4.5,1.336,MLc,0.166,123,7,0.0416,0.0457,
eslv2026cvunyv7u,ohdd2026ipoqefa6,hypodd,ohyp2026srtpqbua,2025-07-30T08:47:15.339999Z,14.08546,-89.836938,6.971,0.9014,MLc,0.09,177,7,0.0256,0.0264,
eslv2026l6qxb2ak,ohdd20265ali3ss6,hypodd,ohyp2026gddg5kuk,2025-07-30T08:48:36.020000Z,14.106549,-89.891667,6.065,1.0363,MLc,0.219,283,6,0.0402,0.0415,
eslv2026g5swrve7,ohdd2026gmvc6kvg,hypodd,ohyp2026ldinmo2v,2025-07-30T08:49:44.549999Z,14.043988,-89.809489,4.717,1.5789,MLc,0.165,116,15,0.0257,0.0253,
eslv2026zyocqafh,ohdd2026ypmgfqfj,hypodd,ohyp2026gyimhqjy,2025-07-30T08:53:28.679999Z,14.041723,-89.911458,6.722,2.1507,MLc,0.097,238,6,0.0587,0.0583,
eslv2026ubsrtmzd,ohdd20267qze7r5f,hypodd,ohyp2026zi6bcisq,2025-07-30T08:53:55.670000Z,14.065767,-89.762402,8.56,0.7938,MLc,0.334,267,6,0.4468,0.5531,
eslv2026naurc5oz,ohdd2026imkdjzmq,hypodd,ohyp2026tev67qbm,2025-07-30T08:55:40.780000Z,14.100083,-89.842798,13.643,1.8561,MLc,0.081,175,9,0.0302,0.0341,
eslv2026pw4x7de5,ohdd2026lxf5aap3,hypodd,ohyp20262cddv47u,2025-07-30T08:55:47.380000Z,13.952556,-89.834269,3.907,1.5045,MLc,0.162,275,6,0.0315,0.0504,
eslv2026evbsv5p5,ohdd2026u7wsh37v,hypodd,ohyp20266xg5756u,2025-07-30T08:58:01.780000Z,14.044517,-89.808423,4.481,1.6652,MLc,0.326,119,14,0.0445,0.041,
eslv2026hcc5gp54,ohdd2026m6yhc4rz,hypodd,ohyp2026ogrjhdmi,2025-07-30T08:59:38.380000Z,14.078991,-89.823958,7.849,1.9058,MLc,0.131,171,17,0.0286,0.0294,
eslv20267mmk7imi,ohdd2026l74qajwh,hypodd,ohyp2026cu43kqly,2025-07-30T09:00:17.769999Z,14.099904,-89.857357,6.475,1.612,MLc,0.175,214,11,0.0373,0.0302,
eslv2026hagk2npr,ohdd2026g7oxzp5w,hypodd,ohyp2026up5pxgom,2025-07-30T09:00:59.299999Z,14.064198,-89.871615,5.939,0.8565,MLc,0.255,232,6,0.1477,0.3208,
eslv20262mo3n6qt,ohdd2026oyrhpqtv,hypodd,ohyp2026oo5if6bv,2025-07-30T09:03:48.079999Z,14.044982,-89.806445,4.407,1.2459,MLc,0.179,169,8,0.0307,0.0356,
eslv2026yqer45rz,ohdd2026jvuzjtko,hypodd,ohyp2026n3renoan,2025-07-30T09:07:18.760000Z,14.038973,-89.828084,6.768,1.4028,MLc,0.14,168,10,0.0261,0.0299,
eslv2026qafyrhdc,ohdd2026tisfmens,hypodd,ohyp202636qwfhqc,2025-07-30T09:10:06.519999Z,14.079038,-89.823267,8.269,1.68,MLc,0.182,168,16,0.0227,0.0262,
eslv2026gafsae6g,ohdd20266oheujqg,hypodd,ohyp2026vwtfzyb7,2025-07-30T09:13:49.780000Z,14.058083,-89.826359,4.358,1.7213,MLc,0.15,133,12,0.0297,0.0237,
eslv2026vmystmvh,ohdd2026ho5xrkuy,hypodd,ohyp2026utj57pzx,2025-07-30T09:15:22.350000Z,14.072039,-89.87216,5.249,1.5064,MLc,0.24,242,11,0.0476,0.0358,
eslv2026ztf2moca,ohdd2026hgg26bww,hypodd,ohyp2026xuuo6mbh,2025-07-30T09:17:44.420000Z,14.074633,-89.870931,5.306,0.9756,MLc,0.226,213,7,0.068,0.0358,
eslv2026ibu6f6q2,ohdd2026dbpgotyv,hypodd,ohyp2026eoifvh46,2025-07-30T09:20:09.150000Z,13.95554,-89.832707,9.774,1.225,MLc,0.252,158,7,0.0332,0.0251,
eslv202672yhwxxb,ohdd2026lxw6ydzr,hypodd,ohyp2026mwdrtgll,2025-07-30T09:20:28.649999Z,14.078095,-89.822713,7.671,1.9333,MLc,0.139,160,17,0.0315,0.0276,
eslv2026drlkvqwp,ohdd2026tp33o7k2,hypodd,ohyp2026c57nwllh,2025-07-30T09:22:22.820000Z,14.040945,-89.824268,7.309,2.5243,MLc,0.118,128,17,0.0312,0.0378,
eslv2026rumb35sh,ohdd2026rb7djzgp,hypodd,ohyp2026wyycpgaj,2025-07-30T09:23:28.359999Z,14.060281,-89.825,5.516,1.7729,MLc,0.209,141,8,0.0231,0.0286,
eslv2026ovg5swvx,ohdd2026ytqh46hk,hypodd,ohyp2026yqbqpfcw,2025-07-30T09:24:44.710000Z,14.065556,-89.912606,9.816,1.5397,MLc,0.175,327,6,0.0395,0.0249,
eslv2026goimkue2,ohdd2026sh6pfi2d,hypodd,ohyp2026svynbkg5,2025-07-30T09:25:18.149999Z,14.03854,-89.860978,9.493,1.65,MLc,0.149,273,9,0.0314,0.0462,
eslv20263yw3d7lz,ohdd2026776ziaph,hypodd,ohyp2026jmjwspwz,2025-07-30T09:28:26.000000Z,14.036574,-89.821525,4.681,1.5154,MLc,0.134,148,12,0.0319,0.0317,
eslv2026teiaxli4,ohdd20262fontjjs,hypodd,ohyp2026cqjdphss,2025-07-30T09:28:57.020000Z,14.042322,-89.825236,7.786,1.4872,MLc,0.165,131,15,0.0277,0.027,
eslv2026zyclyyns,ohdd20264j3smae7,hypodd,ohyp2026tv2k4fip,2025-07-30T09:30:07.559999Z,14.10318,-89.903589,6.981,1.8949,MLc,0.126,275,14,0.0583,0.0505,
eslv2026f3taqdbm,ohdd20262654kp3t,hypodd,ohyp202642htwou3,2025-07-30T09:32:31.019999Z,14.046019,-89.876302,2.749,1.2383,MLc,0.04,291,8,0.0319,0.0389,
eslv2026k7227d2g,ohdd2026sw7myhjf,hypodd,ohyp2026fc4mpjvt,2025-07-30T09:33:04.580000Z,14.124287,-89.866927,7.45,1.7947,MLc,0.148,294,9,0.049,0.0332,
eslv2026h3zmhwfh,ohdd2026jbkrkuh6,hypodd,ohyp20267kowlyqj,2025-07-30T09:33:27.600000Z,14.074729,-89.866878,5.15,1.8307,MLc,0.172,190,12,0.0327,0.0334,
eslv2026yiknhqdv,ohdd2026xs77yvlr,hypodd,ohyp20265az56l43,2025-07-30T09:38:14.410000Z,14.049433,-89.812826,3.41,1.6197,MLc,0.144,128,8,0.0276,0.0321,
eslv2026kogsmmid,ohdd2026wmb6zlff,hypodd,ohyp20266axjtpvq,2025-07-30T09:38:57.829999Z,14.103985,-89.883927,6.096,1.0367,MLc,0.195,279,7,0.0363,0.0356,
eslv2026avhhxxje,ohdd2026xicoowhr,hypodd,ohyp2026eunm2j2h,2025-07-30T09:40:35.570000Z,14.074834,-89.833341,4.817,1.843,MLc,0.162,145,13,0.0326,0.032,
eslv2026lzs3zjnw,ohdd20266uovdkx2,hypodd,ohyp2026ewaubuh4,2025-07-30T09:42:11.060000Z,14.057448,-89.826619,4.388,2.5435,MLc,0.139,132,18,0.0277,0.0257,
eslv2026734eevgm,ohdd20264e7toum3,hypodd,ohyp202644c5tauf,2025-07-30T09:46:13.289999Z,14.100522,-89.849056,5.965,0.7583,MLc,0.226,298,6,0.0505,0.0336,
eslv2026oj2w3ktz,ohdd202673oenmg7,hypodd,ohyp20262kpuuur2,2025-07-30T09:47:04.540000Z,14.049923,-89.827441,5.736,1.5322,MLc,0.115,124,9,0.0251,0.0399,
eslv2026nt3jdkwg,ohdd20265bkzoebw,hypodd,ohyp2026mbs4m47k,2025-07-30T09:47:30.550000Z,14.078107,-89.830933,5.275,1.7221,MLc,0.191,158,14,0.0273,0.0377,
eslv2026rvuwmdt2,ohdd20264zg3ouuw,hypodd,ohyp2026gdb6t5ql,2025-07-30T09:53:10.699999Z,14.116766,-89.869979,7.022,1.9976,MLc,0.338,300,16,0.0379,0.0317,
eslv2026zpe26fuh,ohdd2026ut4myw5h,hypodd,ohyp2026n6jnu7op,2025-07-30T09:55:26.500000Z,14.057941,-89.825195,4.438,1.7788,MLc,0.192,131,10,0.0316,0.0278,
eslv2026cgblepzb,ohdd2026nq2uqpiq,hypodd,ohyp2026cg3i3zks,2025-07-30T10:00:00.940000Z,14.10429,-89.857454,6.602,1.757,MLc,0.237,231,9,0.0334,0.0295,
eslv2026gl2ddzia,ohdd2026zyvd4g4k,hypodd,ohyp2026ziv4sh5o,2025-07-30T10:03:53.990000Z,14.021232,-89.853906,8.385,2.3752,MLc,0.177,179,17,0.0205,0.0224,
eslv2026jylkinfs,ohdd2026sut3hqdf,hypodd,ohyp2026parsooqf,2025-07-30T10:07:24.890000Z,14.074684,-89.865788,5.272,1.6978,MLc,0.195,170,15,0.0354,0.0436,
eslv2026o32nnetj,ohdd2026fypxo3zt,hypodd,ohyp20262ck2foce,2025-07-30T10:10:11.369999Z,14.011276,-89.789982,7.82,1.416,MLc,0.365,279,8,0.0333,0.0345,
eslv2026rpuppllk,ohdd2026xs4acsla,hypodd,ohyp20264y5fv2n2,2025-07-30T10:10:40.899999Z,14.101668,-89.854655,6.371,1.5128,MLc,0.2,250,8,0.055,0.0351,
eslv2026uuqxe5n5,ohdd2026umkszidn,hypodd,ohyp20265huqs3s7,2025-07-30T10:13:02.250000Z,14.057129,-89.828507,4.503,1.0824,MLc,0.347,235,7,0.0343,0.0266,
eslv20264o2s4fil,ohdd202667vsz46v,hypodd,ohyp2026ce5kzpro,2025-07-30T10:16:24.660000Z,14.101763,-89.871411,5.824,1.7496,MLc,0.225,279,10,0.0327,0.0287,
eslv20267jvhkrfm,ohdd2026o3aue2zy,hypodd,ohyp2026bee6tgb7,2025-07-30T10:19:37.500000Z,14.073526,-89.849854,5.717,1.3475,MLc,0.204,198,9,0.0349,0.037,
eslv20263r5ct2it,ohdd2026gpcq2edh,hypodd,ohyp2026ty7y373t,2025-07-30T10:27:54.759999Z,14.05565,-89.816683,8.108,1.1598,MLc,0.062,294,7,0.0415,0.0455,
eslv2026rw62zyil,ohdd20267em6kmbf,hypodd,ohyp2026pmlezjag,2025-07-30T10:28:37.479999Z,14.079649,-89.822778,7.906,1.6271,MLc,0.137,164,11,0.0274,0.0301,
eslv2026qux4tya3,ohdd2026gjbnhyz6,hypodd,ohyp2026bae34stv,2025-07-30T10:31:39.030000Z,14.056215,-89.825879,5.037,2.5325,MLc,0.175,132,18,0.0278,0.0467,
eslv20263am5ntuv,ohdd2026jusi5tm6,hypodd,ohyp2026breh6zwq,2025-07-30T10:33:30.710000Z,14.05738,-89.825122,4.445,2.4354,MLc,0.186,147,18,0.0238,0.0244,
eslv2026jvsayeis,ohdd20265zmk6gkj,hypodd,ohyp2026gs3vijh5,2025-07-30T10:35:38.670000Z,14.111765,-89.879085,5.405,2.8097,MLc,0.243,323,7,0.0432,0.0487,
eslv2026ovistkeo,ohdd20262bxsopkm,hypodd,ohyp2026dh3valdn,2025-07-30T10:36:51.710000Z,14.078218,-89.823226,7.46,1.1587,MLc,0.141,162,9,0.0308,0.0305,
eslv2026msdfceue,ohdd2026dwniidyo,hypodd,ohyp2026fp6j66ce,2025-07-30T10:41:42.189999Z,14.044024,-89.811117,4.724,1.5088,MLc,0.142,164,9,0.0431,0.0399,
eslv2026moskdahu,ohdd2026drse3plx,hypodd,ohyp2026ipxsukut,2025-07-30T10:43:12.789999Z,14.021829,-89.85599,8.82,1.2716,MLc,0.042,170,7,0.0265,0.0215,
eslv2026rnakuiw5,ohdd2026fzptczku,hypodd,ohyp2026opzi3hpq,2025-07-30T10:44:23.019999Z,14.101072,-89.879289,6.03,2.2361,MLc,0.19,277,15,0.03,0.0361,
eslv2026cyjyqvfe,ohdd2026cfhpjjjc,hypodd,ohyp20265jztzpwy,2025-07-30T10:45:50.990000Z,14.105643,-89.857373,6.793,2.1362,MLc,0.184,219,12,0.0306,0.0299,
eslv20266es4hrar,ohdd2026dbaslwlb,hypodd,ohyp2026jrsyipw7,2025-07-30T10:46:24.929999Z,14.070339,-89.789103,3.062,1.5503,MLc,0.11,197,7,0.0201,0.0358,
eslv2026nf5okzcq,ohdd20262mu3d6u6,hypodd,ohyp2026raciovyo,2025-07-30T10:50:08.509999Z,14.054609,-89.820101,4.914,2.6247,MLc,0.229,143,17,0.0265,0.0234,
eslv2026sydwngsd,ohdd2026bvjglbsw,hypodd,ohyp2026vb26pc7d,2025-07-30T10:50:38.070000Z,14.04891,-89.815259,4.33,2.2867,MLc,0.119,125,10,0.0243,0.0276,
eslv2026432i6wrf,ohdd2026sck4wp3t,hypodd,ohyp20264rumfdbf,2025-07-30T10:51:00.520000Z,14.064708,-89.845915,15.681,,,0.092,140,8,0.0431,0.0359,
eslv2026ncj3t7nk,ohdd2026ftpubtre,hypodd,ohyp2026h4srtner,2025-07-30T10:56:06.320000Z,14.06769,-89.867985,4.706,1.5086,MLc,0.191,194,10,0.0483,0.0267,
eslv2026rel3qab5,ohdd2026hqawnph5,hypodd,ohyp2026fltf3br7,2025-07-30T10:56:26.039999Z,14.108819,-89.860067,6.662,1.8923,MLc,0.216,275,11,0.0336,0.0269,
eslv20265s5j3oh6,ohdd2026yxvvlb7s,hypodd,ohyp2026dvuewg72,2025-07-30T10:58:13.820000Z,14.083643,-89.841626,6.371,1.2711,MLc,0.09,144,10,0.0188,0.0255,
eslv2026eors4ajr,ohdd2026uhao67fg,hypodd,ohyp2026czivvrvs,2025-07-30T10:58:34.950000Z,14.072107,-89.827523,4.244,1.2561,MLc,0.335,159,7,0.0349,0.0432,
eslv2026bvqowyzd,ohdd2026b27faldb,hypodd,ohyp20263hy2c77r,2025-07-30T11:01:44.520000Z,14.084231,-89.84078,6.464,1.4656,MLc,0.146,190,8,0.0281,0.0439,
eslv20265jh4ei5q,ohdd2026oogzhizz,hypodd,ohyp2026oqz6bg4o,2025-07-30T11:02:35.539999Z,14.011442,-89.904785,2.784,1.1862,MLc,0.161,240,6,0.0224,0.0348,
eslv2026gm3esjvc,ohdd2026izo67xzp,hypodd,ohyp202623qx6wnf,2025-07-30T11:05:14.960000Z,14.054795,-89.820508,8.106,1.8702,MLc,0.191,136,11,0.0316,0.0387,
eslv2026wzpdcio7,ohdd2026w6bzdh7t,hypodd,ohyp2026bhxmhjve,2025-07-30T11:06:20.019999Z,14.053593,-89.855859,8.809,1.7553,MLc,0.267,176,11,0.0284,0.0345,
eslv2026sjoaioom,ohdd2026fxkxjahp,hypodd,ohyp2026nzadl6zr,2025-07-30T11:08:38.250000Z,14.085619,-89.83951,7.863,1.7331,MLc,0.252,135,7,0.0312,0.0342,
eslv2026g34f6g6s,ohdd2026ma47ze76,hypodd,ohyp2026zck5sgvw,2025-07-30T11:12:33.600000Z,14.048887,-89.890633,9.392,1.907,MLc,0.102,250,9,0.0346,0.0312,
eslv20264jp7ilmc,ohdd2026poi4penk,hypodd,ohyp2026f2yk3d6i,2025-07-30T11:15:03.279999Z,14.021636,-89.854427,8.558,1.6917,MLc,0.212,173,9,0.022,0.0238,
eslv2026bke6ld5q,ohdd2026ivw2td7k,hypodd,ohyp2026tg4u3m7o,2025-07-30T11:16:47.100000Z,14.053734,-89.82653,4.339,1.8674,MLc,0.177,132,16,0.0288,0.0269,
eslv2026egvl3pnu,ohdd2026x4er7dy7,hypodd,ohyp2026aiy2au67,2025-07-30T11:20:09.529999Z,14.021912,-89.853784,8.395,2.0425,MLc,0.171,181,17,0.021,0.0237,
eslv2026yr5gijez,ohdd2026qvxnos3s,hypodd,ohyp2026qq4e3und,2025-07-30T11:22:08.210000Z,14.058826,-89.828605,6.397,1.7599,MLc,0.139,133,13,0.0266,0.0328,
eslv20262p7ce4be,ohdd20265t3gtcfz,hypodd,ohyp2026flei7gcj,2025-07-30T11:23:43.659999Z,13.96299,-89.83186,7.569,1.8986,MLc,0.195,157,9,0.0252,0.0406,
eslv2026doqkfo6q,ohdd2026yvtkkcps,hypodd,ohyp2026y6pj4347,2025-07-30T11:29:27.589999Z,14.043071,-89.831356,10.68,1.4581,MLc,0.054,160,6,0.0298,0.0238,
eslv2026d5eqgve3,ohdd2026y5c4i2d5,hypodd,ohyp2026rk6k2amv,2025-07-30T11:30:44.950000Z,14.099308,-89.8587,6.163,2.9784,MLc,0.176,247,18,0.0312,0.0291,
eslv2026l3vgdmsb,ohdd2026q22a6t6z,hypodd,ohyp202627j5wqgn,2025-07-30T11:34:40.340000Z,14.05859,-89.849658,5.071,1.2048,MLc,0.213,207,7,0.0791,0.0485,
eslv2026b7ciwcby,ohdd2026vjv3fnla,hypodd,ohyp2026dce73g44,2025-07-30T11:39:48.299999Z,13.961762,-89.834733,8.533,1.9642,MLc,0.257,150,15,0.017,0.0202,
eslv202665ljhk7t,ohdd20264t4fgwf6,hypodd,ohyp2026y44syltb,2025-07-30T11:41:13.400000Z,14.037191,-89.82089,4.598,1.5861,MLc,0.145,126,11,0.0291,0.0287,
eslv2026xkx5bb6q,ohdd202673kqruk3,hypodd,ohyp2026vx7nv67l,2025-07-30T11:41:57.369999Z,14.037753,-89.821151,4.842,1.6911,MLc,0.124,151,10,0.037,0.0392,
eslv2026zkokb3kk,ohdd2026huwyhymg,hypodd,ohyp2026qlgziuv6,2025-07-30T11:49:23.250000Z,14.039792,-89.823462,5.355,2.3057,MLc,0.135,134,18,0.0261,0.0499,
eslv2026piizvsk7,ohdd2026jmvxxfas,hypodd,ohyp2026fis47ulr,2025-07-30T11:49:54.850000Z,14.064976,-89.791357,6.64,1.4788,MLc,0.121,181,6,0.0328,0.0343,
eslv2026kwceqkcm,ohdd2026as4ytln3,hypodd,ohyp2026vux4hrte,2025-07-30T11:55:19.690000Z,14.074992,-89.817163,5.014,1.9048,MLc,0.166,159,12,0.028,0.0298,
eslv2026fkjz3uot,ohdd2026dzlsqrfd,hypodd,ohyp2026on4nurbu,2025-07-30T11:56:39.259999Z,14.082958,-89.834554,6.709,2.0851,MLc,0.137,173,16,0.0337,0.041,
eslv20262w2b5ttr,ohdd2026nqy56qrx,hypodd,ohyp2026eivcxogx,2025-07-30T12:03:01.620000Z,14.068681,-89.834953,5.321,1.7069,MLc,0.117,165,8,0.0502,0.0394,
eslv2026qkfvbl4b,ohdd2026dmqotaii,hypodd,ohyp20266264qf4h,2025-07-30T12:03:36.490000Z,14.105877,-89.855664,6.686,1.9556,MLc,0.254,224,15,0.035,0.0385,
eslv20263ny6up33,ohdd2026sjydualm,hypodd,ohyp202644jmp4zc,2025-07-30T12:05:53.689999Z,14.042197,-89.824935,7.869,1.9034,MLc,0.178,151,9,0.0274,0.0382,
eslv2026tyntmjlj,ohdd2026ndhowt4v,hypodd,ohyp20267qtmbmmt,2025-07-30T12:06:52.530000Z,14.053686,-89.79659,1.963,1.7629,MLc,0.121,230,6,0.0301,0.0528,
eslv2026s32r2z55,ohdd2026xcgm3wmz,hypodd,ohyp2026aafagkqg,2025-07-30T12:10:26.320000Z,14.041837,-89.825936,7.477,2.7731,MLc,0.209,138,17,0.026,0.0276,
eslv2026mtabmam7,ohdd2026y5t7umhv,hypodd,ohyp2026vzgz5wu6,2025-07-30T12:14:10.039999Z,14.073226,-89.867651,5.156,1.5248,MLc,0.225,200,11,0.0316,0.0276,
eslv2026bm6w2rxd,ohdd2026c4j6i3de,hypodd,ohyp2026tgj7ycgh,2025-07-30T12:14:46.920000Z,14.071959,-89.858748,4.442,3.7815,MLc,0.188,152,19,0.0467,0.0512,
eslv2026zacegttu,ohdd2026sxhaxmhd,hypodd,ohyp20262gdnj5tj,2025-07-30T12:18:51.710000Z,14.144094,-89.793278,4.004,2.1459,MLc,0.142,272,7,0.0661,0.0669,
eslv2026tw2ugcds,ohdd2026ldhfj6s6,hypodd,ohyp2026kqyejr5k,2025-07-30T12:20:34.170000Z,14.069731,-89.858089,4.125,2.2063,MLc,0.21,168,17,0.0295,0.0211,
eslv202622ocenh6,ohdd2026bsk2u5hg,hypodd,ohyp20267fffaerl,2025-07-30T12:23:01.000000Z,14.058306,-89.824658,4.742,1.9444,MLc,0.136,125,10,0.0244,0.0216,
eslv20264l3yxrvg,ohdd2026q2v5rcmk,hypodd,ohyp2026qnj3jare,2025-07-30T12:24:10.330000Z,14.06949,-89.85472,3.794,1.0818,MLc,0.189,188,7,0.0291,0.0345,
eslv2026smgwrs4f,ohdd2026qe3tfjdr,hypodd,ohyp2026yp4i2urk,2025-07-30T12:35:35.229999Z,14.039556,-89.817546,4.714,1.7838,MLc,0.126,146,10,0.0331,0.0317,
eslv2026uwjd5nco,ohdd2026bwnujjq4,hypodd,ohyp20265n4mne5r,2025-07-30T12:38:47.350000Z,14.086151,-89.846077,6.96,1.3334,MLc,0.097,179,6,0.0232,0.0337,
eslv20263aulp5fo,ohdd2026t6n2sgre,hypodd,ohyp2026ek6fphd4,2025-07-30T12:42:10.380000Z,14.051882,-89.836247,4.28,1.6491,MLc,0.153,148,9,0.032,0.0295,
eslv2026lluccrpz,ohdd2026ckbxsaed,hypodd,ohyp20262vf2itvb,2025-07-30T12:43:13.050000Z,14.10211,-89.856494,6.979,1.9137,MLc,0.205,215,13,0.036,0.0358,
eslv2026dqsfnoo5,ohdd2026swx7pzme,hypodd,ohyp2026pl2yuehv,2025-07-30T12:46:22.769999Z,14.040804,-89.823698,7.523,2.2891,MLc,0.144,125,17,0.0331,0.034,
eslv2026rgfoyn2k,ohdd2026s2ndonvn,hypodd,ohyp202626rd4hrf,2025-07-30T12:48:57.210000Z,14.054593,-89.81827,4.958,1.716,MLc,0.209,137,8,0.03,0.0481,
eslv20265ikj7toq,ohdd2026q5633bqp,hypodd,ohyp2026vh3hh75r,2025-07-30T12:49:27.329999Z,14.080032,-89.822974,7.577,1.1708,MLc,0.082,171,6,0.0252,0.0268,
eslv2026a2rfwhxj,ohdd2026vub6ri6g,hypodd,ohyp2026fbcconfi,2025-07-30T12:51:42.079999Z,14.03919,-89.819067,4.706,2.0296,MLc,0.164,133,11,0.0311,0.0245,
eslv2026irrx4gxj,ohdd20267lol6ays,hypodd,ohyp202664dzer7g,2025-07-30T12:53:33.289999Z,14.047526,-89.831502,7.132,1.9232,MLc,0.204,133,10,0.0312,0.0289,
eslv2026rvqv272q,ohdd2026t7xqfzce,hypodd,ohyp2026hdojsvxq,2025-07-30T12:56:22.899999Z,14.042489,-89.827352,7.953,1.6319,MLc,0.115,132,13,0.0347,0.0417,
eslv2026dzdtdfij,ohdd20266tczpo5d,hypodd,ohyp202633mjoydo,2025-07-30T12:58:10.679999Z,14.037203,-89.821517,4.481,1.9582,MLc,0.125,133,9,0.0287,0.0279,
eslv2026pb4s7xhb,ohdd2026ilosqeyw,hypodd,ohyp2026wvl2ufsc,2025-07-30T13:01:17.269999Z,14.044014,-89.855086,16.324,1.7764,MLc,0.057,162,6,0.064,0.0475,
eslv2026kijm46ky,ohdd2026odzbimvg,hypodd,ohyp2026fhazoybt,2025-07-30T13:03:08.029999Z,14.036841,-89.825993,5.015,2.2344,MLc,0.202,146,12,0.0272,0.0261,
eslv2026ij5fnued,ohdd2026w457xtgp,hypodd,ohyp2026wxwsj7tg,2025-07-30T13:04:55.929999Z,14.04307,-89.829989,8.424,2.1139,MLc,0.202,140,14,0.036,0.0382,
eslv2026otagib4l,ohdd2026hvm5el2p,hypodd,ohyp2026htqt6i5t,2025-07-30T13:05:17.230000Z,14.046399,-89.829639,7.715,2.8541,MLc,0.182,144,8,0.041,0.0523,
eslv2026armqhrbr,ohdd2026yiru543m,hypodd,ohyp2026vmzrg5li,2025-07-30T13:11:29.230000Z,14.038994,-89.841455,7.223,1.8938,MLc,0.178,117,11,0.0631,0.0578,
eslv2026nwx65svn,ohdd2026sjkvoe2t,hypodd,ohyp2026f7p3krmh,2025-07-30T13:16:18.219999Z,14.03114,-89.902238,8.8,1.565,MLc,0.059,196,6,0.0519,0.0464,
eslv2026cb3y77mm,ohdd2026fwy2wcwc,hypodd,ohyp20263zgnyynj,2025-07-30T13:21:32.490000Z,14.039185,-89.829557,7.167,1.5593,MLc,0.136,181,8,0.0308,0.0317,
eslv20264jeru2o4,ohdd2026o3gsn5l7,hypodd,ohyp2026osgnphgj,2025-07-30T13:23:09.529999Z,14.079806,-89.823096,8.242,1.0506,MLc,0.085,158,6,0.0205,0.0263,
eslv2026gdov3cwd,ohdd2026tz6wxbvr,hypodd,ohyp20262cc7o3gj,2025-07-30T13:24:39.409999Z,14.138417,-89.841772,7.205,1.9694,MLc,0.083,297,8,0.5218,0.3424,
eslv2026qnrx5kk2,ohdd2026j2xhj3zt,hypodd,ohyp2026fki22xxk,2025-07-30T13:25:25.269999Z,14.007296,-89.868197,10.57,1.7445,MLc,0.059,187,10,0.073,0.0875,
eslv2026to2mxodo,ohdd20265p53snvk,hypodd,ohyp2026xbjbrbk3,2025-07-30T13:26:03.319999Z,14.043037,-89.827303,6.887,1.9091,MLc,0.13,131,12,0.0236,0.0276,
eslv2026ctav6f7g,ohdd2026qg3vntty,hypodd,ohyp2026x4rgy5ph,2025-07-30T13:29:02.310000Z,14.057914,-89.827148,5.474,1.6285,MLc,0.17,134,6,0.0229,0.0406,
eslv2026gouz4oma,ohdd20265evnsvne,hypodd,ohyp20267gdegbyu,2025-07-30T13:32:19.030000Z,14.020599,-89.860311,2.879,1.4568,MLc,0.271,215,6,0.018,0.0208,
eslv2026ben5murk,ohdd2026s5pwvtxh,hypodd,ohyp20265rxajqyl,2025-07-30T13:38:09.589999Z,14.099378,-89.877173,5.663,2.7438,MLc,0.217,277,18,0.0328,0.0351,
eslv2026r4yel5vq,ohdd20264mopt4pb,hypodd,ohyp2026u7clfjm3,2025-07-30T13:39:30.839999Z,14.06997,-89.837028,6.73,1.4342,MLc,0.159,160,8,0.0418,0.0403,
eslv2026yuoqsqdt,ohdd20265qz6fv6k,hypodd,ohyp2026thaurlfa,2025-07-30T13:40:13.449999Z,14.053187,-89.840039,9.485,1.6803,MLc,0.148,126,6,0.0761,0.07,
eslv2026jw4vifua,ohdd20264ke3cg6e,hypodd,ohyp2026meofdl6d,2025-07-30T13:43:57.979999Z,14.106451,-89.861841,6.553,2.1,MLc,0.234,262,15,0.0321,0.0245,
eslv2026mzhlmaox,ohdd2026if5rgprq,hypodd,ohyp20262ajenov4,2025-07-30T13:46:45.479999Z,14.083348,-89.844214,6.743,1.9877,MLc,0.112,170,12,0.0226,0.0271,
eslv2026j7d4ad6r,ohdd2026h73ergy4,hypodd,ohyp2026ehuhpx3s,2025-07-30T13:52:42.350000Z,14.041927,-89.813021,4.586,1.306,MLc,0.132,119,6,0.0324,0.0366,
eslv2026ebpqiiap,ohdd20267mdyelzr,hypodd,ohyp2026ueu33fvg,2025-07-30T13:58:54.509999Z,14.038801,-89.82098,4.843,2.0909,MLc,0.135,135,14,0.0417,0.0392,
eslv2026eraiaitd,ohdd2026xgaamqrx,hypodd,ohyp2026lqc6kfn4,2025-07-30T14:03:09.599999Z,14.079223,-89.822656,8.083,1.7384,MLc,0.105,162,11,0.0215,0.0226,
eslv2026rkcvgznx,ohdd2026d72yyknd,hypodd,ohyp2026q6qrui4n,2025-07-30T14:04:08.140000Z,14.088804,-89.848071,7.133,0.9926,MLc,0.141,170,6,0.025,0.0236,
eslv2026iaxcnohz,ohdd202666qka3g4,hypodd,ohyp2026u2tzoopd,2025-07-30T14:05:43.869999Z,14.072587,-89.860303,4.69,2.288,MLc,0.239,178,15,0.0342,0.024,
eslv2026cxalqzvk,ohdd2026rkf6syck,hypodd,ohyp2026so3j55dt,2025-07-30T14:12:29.570000Z,14.053526,-89.820638,4.779,1.8393,MLc,0.123,129,14,0.0211,0.0191,
eslv2026hhavnclg,ohdd2026liok3lie,hypodd,ohyp2026nqiud3ny,2025-07-30T14:13:32.359999Z,14.103549,-89.852401,5.732,1.2825,MLc,0.166,214,6,0.0294,0.028,
eslv2026fnojqyfq,ohdd2026ruh5jyen,hypodd,ohyp2026a2tlget4,2025-07-30T14:14:45.399999Z,14.109766,-89.865601,7.027,1.9909,MLc,0.32,273,9,0.0423,0.0319,
eslv2026uqjucsyn,ohdd20265y4oreld,hypodd,ohyp2026qsjvngjo,2025-07-30T14:21:17.379999Z,14.106136,-89.871965,8.139,0.9659,MLc,0.277,191,7,0.0348,0.0418,
eslv2026ggrc2hud,ohdd2026qm3cfsm4,hypodd,ohyp2026zmdn3hfm,2025-07-30T14:27:25.250000Z,14.070524,-89.858464,4.411,1.3533,MLc,0.175,210,7,0.0313,0.0296,
eslv2026puczbjku,ohdd2026zx6ji4co,hypodd,ohyp20263b6kxr55,2025-07-30T14:27:53.060000Z,14.038177,-89.829688,6.87,1.5146,MLc,0.153,146,7,0.0274,0.036,
eslv2026ece7u2lp,ohdd20265p5rerop,hypodd,ohyp2026rqvpjz52,2025-07-30T14:30:52.090000Z,14.089085,-89.848177,6.551,1.5105,MLc,0.187,187,7,0.0317,0.034,
eslv2026zbeqe6h6,ohdd20264nrebn2e,hypodd,ohyp2026ifcr736l,2025-07-30T14:31:10.080000Z,14.078542,-89.837484,6.986,1.92,MLc,0.147,149,8,0.0312,0.0374,
eslv2026a32h3ngj,ohdd2026igpjgzyx,hypodd,ohyp2026tdd4ft62,2025-07-30T14:36:08.250000Z,14.043785,-89.808773,4.237,1.35,MLc,0.124,115,8,0.0281,0.0323,
eslv2026vrmyxzss,ohdd20265qwl2c3p,hypodd,ohyp2026wda3a7ex,2025-07-30T14:43:27.829999Z,13.960789,-89.83383,8.847,1.9457,MLc,0.244,154,13,0.013,0.0158,
eslv2026hebagva4,ohdd20263exb6zfj,hypodd,ohyp2026zl6fd4iv,2025-07-30T14:50:29.250000Z,14.052513,-89.838826,5.271,1.6803,MLc,0.163,153,11,0.035,0.033,
eslv2026w4h7e2u4,ohdd2026diiiuuhw,hypodd,ohyp2026z4xl5qqc,2025-07-30T15:01:58.259999Z,14.07442,-89.841561,6.179,1.7639,MLc,0.219,163,8,0.0398,0.0388,
eslv2026atx6iydz,ohdd2026deauzk66,hypodd,ohyp2026rlwlwujx,2025-07-30T15:03:18.320000Z,14.039213,-89.819767,4.521,1.4438,MLc,0.234,178,7,0.0301,0.0314,
eslv2026ieyxvmek,ohdd2026cx4syju2,hypodd,ohyp2026cayzsicq,2025-07-30T15:04:42.670000Z,14.0714,-89.828271,4.454,1.4565,MLc,0.163,155,6,0.0422,0.031,
eslv2026rzjog2y6,ohdd20266u3j6r2x,hypodd,ohyp2026bpb7hrr5,2025-07-30T15:06:42.009999Z,14.054852,-89.825692,9.469,1.3814,MLc,0.248,132,9,0.0212,0.0319,
eslv2026yjjstao5,ohdd2026nv4tys57,hypodd,ohyp2026x4ixkraz,2025-07-30T15:07:45.039999Z,14.045162,-89.810116,4.685,1.6899,MLc,0.171,122,8,0.0307,0.0255,
eslv2026fd5tnfst,ohdd2026x7h5mfl7,hypodd,ohyp2026a3cbhcl4,2025-07-30T15:12:58.079999Z,14.030102,-89.834977,4.407,1.1852,MLc,0.118,174,7,0.0454,0.0542,
eslv2026umwshpb5,ohdd20262oqnrz3k,hypodd,ohyp2026esnqafwp,2025-07-30T15:16:09.740000Z,14.052107,-89.838354,4.906,1.4504,MLc,0.143,147,8,0.0279,0.0252,
eslv2026c6f3o7u6,ohdd20265tctr3bm,hypodd,ohyp20267dwpzhk3,2025-07-30T15:22:39.210000Z,14.049217,-89.838452,6.358,1.4074,MLc,0.2,152,7,0.0455,0.0365,
eslv2026x2lphf4y,ohdd2026l37ujdy2,hypodd,ohyp2026gjddaett,2025-07-30T15:23:53.659999Z,14.075254,-89.7757,7.188,1.6508,MLc,0.003,235,7,0.0081,0.011,
eslv20264qwio6ae,ohdd2026hdvakefd,hypodd,ohyp2026czkjc5of,2025-07-30T15:25:44.439999Z,14.012107,-89.879541,2.746,1.5783,MLc,0.245,219,7,0.0301,0.0402,
eslv2026h3635wru,ohdd2026sxm77rdh,hypodd,ohyp2026ovb7o2dv,2025-07-30T15:27:59.840000Z,14.083233,-89.83291,6.695,2.0398,MLc,0.161,178,14,0.0335,0.0444,
eslv2026maslbls2,ohdd2026kc5xr6br,hypodd,ohyp20267fntvknr,2025-07-30T15:32:43.850000Z,14.041591,-89.831494,8.117,1.9206,MLc,0.113,153,11,0.042,0.0382,
eslv2026bberrqdv,ohdd2026trbz5kk3,hypodd,ohyp2026qrzb65lp,2025-07-30T15:35:07.719999Z,14.053017,-89.828931,5.519,2.1151,MLc,0.168,151,6,0.0319,0.044,
eslv2026juvcnlzc,ohdd2026ybyr4czv,hypodd,ohyp2026wsxplykh,2025-07-30T15:35:52.469999Z,13.784285,-89.842847,4.535,1.6725,MLc,0.03,273,8,0.0487,0.0455,
eslv2026mrrshuvq,ohdd2026b3pszll4,hypodd,ohyp20263odqmznq,2025-07-30T15:37:50.600000Z,14.042301,-89.825545,6.681,1.8325,MLc,0.105,160,8,0.025,0.0235,
eslv2026ybpb72le,ohdd20262n2fu3kl,hypodd,ohyp2026tr6r3lid,2025-07-30T15:38:55.909999Z,14.041974,-89.826229,6.786,1.8499,MLc,0.141,161,6,0.0255,0.0296,
eslv2026ejzyxcws,ohdd2026wp7pvrnu,hypodd,ohyp20264a7inn4z,2025-07-30T15:42:01.810000Z,14.049874,-89.820776,7.826,2.1552,MLc,0.189,121,12,0.0233,0.0229,
eslv2026o7wvojm3,ohdd2026yo5vgtwg,hypodd,ohyp2026jqxoxcum,2025-07-30T15:46:56.130000Z,14.103548,-89.85708,6.408,1.671,MLc,0.105,229,6,0.0303,0.0262,
eslv2026rgpafckq,ohdd2026tmnm52ki,hypodd,ohyp2026zyco23h2,2025-07-30T15:48:34.829999Z,14.083382,-89.845361,6.741,2.5456,MLc,0.101,187,17,0.0246,0.0321,
eslv20264nr65muz,ohdd2026conpj6ut,hypodd,ohyp2026zlt6laim,2025-07-30T15:49:47.020000Z,14.037769,-89.819368,4.485,1.7788,MLc,0.119,153,10,0.0314,0.0275,
eslv2026do7bt2ya,ohdd2026d2ibtvgm,hypodd,ohyp2026kunkjei6,2025-07-30T15:51:09.820000Z,14.040002,-89.831136,6.558,1.8695,MLc,0.131,176,8,0.0375,0.0443,
eslv20267aylk64m,ohdd2026cll2splh,hypodd,ohyp2026sthconp2,2025-07-30T15:56:36.479999Z,14.048779,-89.819312,6.19,2.6436,MLc,0.147,128,18,0.0306,0.0386,
eslv2026fsmcsvcf,ohdd2026sd62nhml,hypodd,ohyp2026vvy4e3qi,2025-07-30T15:58:31.160000Z,14.106897,-89.861735,6.575,1.3363,MLc,0.163,284,6,0.0343,0.0238,
eslv2026pcoaufb4,ohdd2026e2jdrkat,hypodd,ohyp2026wgucdpu2,2025-07-30T16:00:15.830000Z,14.050691,-89.84506,6.137,1.4817,MLc,0.217,167,7,0.0412,0.0437,
eslv2026y7qfixzx,ohdd2026ha4n5jpw,hypodd,ohyp2026d7ewpsrs,2025-07-30T16:02:14.679999Z,14.055474,-89.825033,4.319,2.2859,MLc,0.177,135,17,0.0283,0.0265,
eslv2026w4emi77c,ohdd2026sudmjmp5,hypodd,ohyp2026rwwrtjuu,2025-07-30T16:03:19.690000Z,14.023013,-89.852913,7.737,1.7165,MLc,0.262,153,9,0.0322,0.031,
eslv2026poxv74pm,ohdd2026rhtjxqn5,hypodd,ohyp20262qrthkr2,2025-07-30T16:05:43.149999Z,14.073004,-89.765967,7.216,0.9167,MLc,0.27,237,6,0.4376,0.6077,
eslv2026fty43uuk,ohdd2026hngrtbj3,hypodd,ohyp20267inkqfi4,2025-07-30T16:07:30.449999Z,14.101456,-89.881234,6.131,2.7668,MLc,0.21,277,19,0.0319,0.0349,
eslv2026mzyqrdpu,ohdd2026ginwhnqp,hypodd,ohyp2026s7bknli7,2025-07-30T16:08:28.789999Z,14.054045,-89.838118,6.979,1.6532,MLc,0.343,169,6,0.0433,0.0362,
eslv2026tv53fs5z,ohdd20266yketmds,hypodd,ohyp2026dd6xctvl,2025-07-30T16:11:08.240000Z,14.076632,-89.834066,6.353,1.5983,MLc,0.131,139,7,0.0267,0.0352,
eslv20263lkzcslt,ohdd2026vfjwjxxe,hypodd,ohyp2026vxvqacni,2025-07-30T16:12:34.420000Z,14.101822,-89.877026,5.793,2.0479,MLc,0.192,275,14,0.0304,0.0339,
eslv2026buehxr62,ohdd2026dzxneelj,hypodd,ohyp2026mazcavdy,2025-07-30T16:25:39.859999Z,14.076406,-89.838623,7.338,1.1373,MLc,0.107,138,6,0.033,0.0315,
eslv20263iizl4tg,ohdd2026fldkk4u2,hypodd,ohyp20262m4xedpr,2025-07-30T16:26:04.139999Z,14.078529,-89.823136,7.529,,,0.114,164,12,0.0282,0.0258,
eslv20267o63flth,ohdd2026fzh7irew,hypodd,ohyp2026qw3wh5g7,2025-07-30T16:32:14.089999Z,14.076721,-89.83361,6.009,1.9117,MLc,0.191,131,13,0.0243,0.0406,
eslv2026eh3q5rgm,ohdd2026nh7urkqv,hypodd,ohyp2026kplkdvey,2025-07-30T16:37:31.449999Z,14.05469,-89.82443,11.794,1.243,MLc,0.137,139,6,0.0328,0.0232,
eslv2026txtvek5q,ohdd20262itevbbp,hypodd,ohyp2026fff5hlpn,2025-07-30T16:41:28.449999Z,14.103613,-89.885531,6.167,2.6855,MLc,0.18,281,18,0.0376,0.0386,
eslv2026i36zcngl,ohdd20264pkuaja4,hypodd,ohyp2026wemfrvly,2025-07-30T16:42:49.020000Z,14.079413,-89.825008,8.35,2.2741,MLc,0.107,160,18,0.023,0.0209,
eslv2026dyluefxn,ohdd2026f2sf445q,hypodd,ohyp20265a5jp3zp,2025-07-30T16:51:57.030000Z,14.075745,-89.832202,5.88,1.517,MLc,0.153,146,6,0.0273,0.0419,
eslv2026dd7ydl2h,ohdd2026twad7rp4,hypodd,ohyp2026bwyyp23r,2025-07-30T16:56:13.300000Z,14.048838,-89.823071,7.052,2.6064,MLc,0.145,127,19,0.0334,0.0575,
eslv2026y7ix2mgz,ohdd2026d5mti66r,hypodd,ohyp2026ayt37caw,2025-07-30T17:08:10.839999Z,14.024088,-89.885417,6.705,1.9034,MLc,0.137,243,8,0.0306,0.0229,
eslv2026cwytgjrd,ohdd2026u4rzuaad,hypodd,ohyp2026atnnosx2,2025-07-30T17:09:32.359999Z,14.050885,-89.826034,8.834,1.6117,MLc,0.119,151,7,0.0308,0.0284,
eslv2026bupprkre,ohdd2026t5tddgq5,hypodd,ohyp2026tbcyk6wp,2025-07-30T17:12:28.059999Z,14.061398,-89.827596,4.985,0.8052,MLc,0.102,138,6,0.0258,0.0307,
eslv2026nicktfcv,ohdd2026fpb25uv7,hypodd,ohyp2026bcfsh7lh,2025-07-30T17:19:02.940000Z,14.046096,-89.813013,6.348,2.6078,MLc,0.144,119,19,0.0281,0.0251,
eslv2026qp4dypbn,ohdd2026v5mgnb2t,hypodd,ohyp2026i565teyj,2025-07-30T17:24:50.200000Z,14.047042,-89.814054,7.08,1.8781,MLc,0.159,115,14,0.0258,0.037,
eslv2026w6b6m25s,ohdd2026aldderaw,hypodd,ohyp2026ggxpddmz,2025-07-30T17:25:27.879999Z,14.043857,-89.808813,3.91,1.1358,MLc,0.156,142,6,0.0347,0.0387,
eslv2026e2cup3lb,ohdd2026u5zpze3a,hypodd,ohyp2026royb4q5c,2025-07-30T17:32:06.480000Z,14.070044,-89.856868,4.003,1.8088,MLc,0.191,170,8,0.0294,0.0283,
eslv20265dz345lj,ohdd2026msxfhvm4,hypodd,ohyp202644eumehe,2025-07-30T17:35:58.460000Z,14.103284,-89.880526,6.137,2.6037,MLc,0.277,303,18,0.0334,0.0319,
eslv2026oylxsapo,ohdd2026maypwpvx,hypodd,ohyp20267agfhtxh,2025-07-30T17:42:04.960000Z,14.107214,-89.863916,6.576,1.9503,MLc,0.194,269,8,0.035,0.0246,
eslv2026rz5yft4v,ohdd2026c4gbtcmh,hypodd,ohyp2026fnqxw5oj,2025-07-30T17:42:27.500000Z,14.066116,-89.801237,0.934,2.8602,MLc,0.159,145,6,0.0301,0.0601,
eslv2026iow3pdw4,ohdd2026oxypdlyd,hypodd,ohyp2026njpwwuef,2025-07-30T17:47:27.679999Z,14.037656,-89.822965,5.035,1.9245,MLc,0.114,130,11,0.0256,0.0325,
eslv20266hw5tige,ohdd2026l7tgntgo,hypodd,ohyp2026h7aw4y2t,2025-07-30T18:02:43.719999Z,14.079415,-89.821842,8.013,1.6692,MLc,0.283,145,6,0.0337,0.0296,
eslv2026d5hfdju4,ohdd2026bjby7swa,hypodd,ohyp20265kzks37g,2025-07-30T18:04:07.759999Z,14.078514,-89.835946,6.501,1.7058,MLc,0.121,147,7,0.024,0.0337,
eslv2026hxzg7mt6,ohdd2026js36bj76,hypodd,ohyp2026o55qbtu2,2025-07-30T18:05:06.580000Z,14.03833,-89.820353,4.192,2.1485,MLc,0.167,154,12,0.0287,0.032,
eslv2026fg5di5mh,ohdd2026x2x6wtrh,hypodd,ohyp20263g2gaoln,2025-07-30T18:06:41.000000Z,14.100342,-89.877694,6.079,2.2754,MLc,0.215,295,11,0.0326,0.0354,
eslv2026kwlcxeuz,ohdd2026dyydho6g,hypodd,ohyp2026avn4s2uw,2025-07-30T18:08:41.840000Z,14.101819,-89.874731,5.331,2.6857,MLc,0.209,294,6,0.0341,0.0395,
eslv2026cytirvii,ohdd2026f6rmh75x,hypodd,ohyp2026u2hh7udr,2025-07-30T18:10:09.119999Z,14.041929,-89.835881,13.227,2.0165,MLc,0.22,187,10,0.0122,0.0148,
eslv2026cyzk5roo,ohdd2026ttbodn6j,hypodd,ohyp2026z6wtiu73,2025-07-30T18:16:32.719999Z,14.017395,-89.864079,7.765,1.9488,MLc,0.334,171,15,0.0341,0.0846,
eslv2026xtlp37wa,ohdd20265vswoxtm,hypodd,ohyp2026v7g5c6tg,2025-07-30T18:25:22.660000Z,14.103912,-89.862313,7.194,1.7747,MLc,0.372,261,8,0.0316,0.0205,
eslv2026v5jgxovy,ohdd20264rclaqb5,hypodd,ohyp2026g6rzkko6,2025-07-30T18:35:19.820000Z,14.060052,-89.828369,5.155,1.601,MLc,0.116,125,9,0.0269,0.0365,
eslv2026lbuo5qwo,ohdd2026dajsiqz4,hypodd,ohyp20264pztr4xp,2025-07-30T18:39:12.160000Z,14.110763,-89.866821,13.026,1.6258,MLc,0.074,157,7,0.0369,0.0368,
eslv2026k6zo3qwo,ohdd20263pzuzfmt,hypodd,ohyp20264jzp5nnj,2025-07-30T18:41:21.260000Z,14.079309,-89.82491,8.329,1.8407,MLc,0.125,156,8,0.0252,0.0284,
eslv2026v4ersqvf,ohdd2026htjafssv,hypodd,ohyp2026tqolrvzg,2025-07-30T18:42:41.840000Z,14.096701,-89.931689,4.389,2.3471,MLc,0.139,286,10,0.2072,0.1773,
eslv2026arat2uoc,ohdd2026ze2fqvqz,hypodd,ohyp2026bvz5dmwg,2025-07-30T18:48:40.320000Z,14.08031,-89.842847,13.393,1.3385,MLc,0.111,157,6,0.0402,0.0293,
eslv2026dgyeqkg3,ohdd2026s5bpg6x4,hypodd,ohyp2026vc7xbtxd,2025-07-30T18:54:49.000000Z,14.046477,-89.815609,6.228,2.1923,MLc,0.158,160,15,0.0329,0.0309,
eslv2026llpdjxjg,ohdd2026sg6dtg4f,hypodd,ohyp2026jtqlgp3y,2025-07-30T18:55:29.879999Z,13.961274,-89.834782,8.559,2.0436,MLc,0.226,162,13,0.0262,0.0275,
eslv2026voobldfh,ohdd2026wcmajoan,hypodd,ohyp2026z6jl2d52,2025-07-30T19:06:24.859999Z,14.119875,-89.805713,2.232,1.962,MLc,0.214,324,9,0.069,0.1002,
eslv2026ownkrjmd,ohdd20263o2xchm6,hypodd,ohyp20266mwikndk,2025-07-30T19:10:07.900000Z,14.075787,-89.82264,6.993,3.0711,MLc,0.213,159,19,0.028,0.0295,
eslv2026lmfojkz4,ohdd20263hfky2i3,hypodd,ohyp20265ssk4mun,2025-07-30T19:12:04.459999Z,14.112265,-89.770158,0.542,1.0187,MLc,0.351,255,6,0.016,0.0509,
eslv2026z6dr3bje,ohdd2026vrt2qekw,hypodd,ohyp2026ctq2d4kn,2025-07-30T19:12:29.440000Z,14.104215,-89.863664,6.493,3.8638,MLc,0.223,277,22,0.0352,0.0328,
eslv2026m7eyvlqa,ohdd20263nnhipvk,hypodd,ohyp2026pp4tdzu7,2025-07-30T19:13:21.079999Z,14.106308,-89.860938,6.723,3.6096,MLc,0.268,280,13,0.0451,0.0288,
eslv20267isgu3fs,ohdd2026kqlxiz43,hypodd,ohyp20265oqmlet4,2025-07-30T19:13:47.000000Z,13.956061,-89.930656,12.166,1.7791,MLc,0.039,206,6,0.0496,0.0501,
eslv2026pidfdops,ohdd2026k2npvlpi,hypodd,ohyp2026rwaimw4y,2025-07-30T19:19:43.799999Z,14.08207,-89.840446,6.81,2.8942,MLc,0.115,161,12,0.0211,0.0252,
eslv2026p24za7a4,ohdd2026hxkcaurb,hypodd,ohyp2026thyr2nbk,2025-07-30T19:21:09.019999Z,14.104114,-89.885213,5.846,1.6784,MLc,0.175,297,6,0.0351,0.0382,
eslv2026u6taaizj,ohdd2026um4lkirt,hypodd,ohyp2026uh52otix,2025-07-30T19:21:59.500000Z,13.957323,-89.836214,9.06,,,0.217,159,17,0.0304,0.028,
eslv2026qf4yfu7r,ohdd2026p4y3fxjn,hypodd,ohyp2026l672z5yd,2025-07-30T19:25:00.560000Z,14.012828,-89.791341,8.714,1.4924,MLc,0.233,137,9,0.035,0.0411,
eslv2026ovuh65ug,ohdd2026fus4eoen,hypodd,ohyp2026u5cq2nnn,2025-07-30T19:28:21.800000Z,14.080469,-89.821533,8.877,0.6119,MLc,0.17,148,6,0.0454,0.0339,
eslv2026yi5qu4s5,ohdd2026br2foyj2,hypodd,ohyp2026gwdfrhl4,2025-07-30T19:29:43.119999Z,14.049424,-89.812069,7.861,1.629,MLc,0.144,130,9,0.036,0.042,
eslv2026s5jxqv3b,ohdd20263ecslbvg,hypodd,ohyp2026bzhr5hdq,2025-07-30T19:33:25.079999Z,14.064961,-89.858008,3.621,3.0346,MLc,0.189,215,17,0.0392,0.0353,
eslv2026jjzhnjbl,ohdd2026kbeadzfv,hypodd,ohyp2026e4r4czft,2025-07-30T19:35:15.080000Z,14.041525,-89.823324,7.591,2.9351,MLc,0.188,139,17,0.0287,0.0453,
eslv20265fg3lu6r,ohdd2026nc6qakl5,hypodd,ohyp2026x2f42ili,2025-07-30T19:40:44.460000Z,14.080924,-89.827287,8.504,1.8566,MLc,0.124,171,6,0.0313,0.0365,
eslv2026aq3qnizf,ohdd2026kn6p3u6z,hypodd,ohyp2026gzbk75tt,2025-07-30T19:46:50.659999Z,14.143128,-89.830892,2.856,1.6582,MLc,0.158,247,7,0.036,0.0272,
eslv202672cn54xj,ohdd2026dblehxyw,hypodd,ohyp2026qn42belk,2025-07-30T19:49:30.280000Z,14.101147,-89.879012,5.419,2.1528,MLc,0.213,277,14,0.0292,0.0378,
eslv2026yxso377i,ohdd2026dbpyxmli,hypodd,ohyp2026lvhw7ejq,2025-07-30T19:53:11.080000Z,14.055318,-89.82474,5.567,1.881,MLc,0.122,128,7,0.0255,0.0362,
eslv2026ulxhtzzm,ohdd2026z4jsv5qs,hypodd,ohyp2026vqhpxqg5,2025-07-30T19:56:33.119999Z,14.047565,-89.812085,6.728,1.0324,MLc,0.099,118,7,0.028,0.0219,
eslv2026k5igniyv,ohdd20264asxvuws,hypodd,ohyp2026abdz6jj6,2025-07-30T19:57:34.240000Z,14.054229,-89.819002,4.507,1.4082,MLc,0.174,145,7,0.0305,0.0304,
eslv2026yh5ykvpi,ohdd2026phlstxp4,hypodd,ohyp2026v4qhrzsl,2025-07-30T20:08:26.100000Z,14.043704,-89.80953,4.487,1.5732,MLc,0.154,116,6,0.0311,0.0268,
eslv2026shcdvygt,ohdd20265k7ozkrj,hypodd,ohyp2026kt6winsa,2025-07-30T20:12:58.560000Z,14.106709,-89.887134,6.118,2.3323,MLc,0.185,282,9,0.0392,0.0387,
eslv2026nsjighkg,ohdd2026ldh3rq2c,hypodd,ohyp20264bvv2lzl,2025-07-30T20:16:08.080000Z,13.99615,-89.840633,7.545,2.0064,MLc,0.367,163,10,0.028,0.0361,
eslv2026c7jiwjze,ohdd20266dbpszxj,hypodd,ohyp2026bv7zcbh4,2025-07-30T20:20:38.859999Z,14.042714,-89.85332,3.91,1.6298,MLc,0.158,190,8,0.111,0.0814,
eslv2026mkvseyc6,ohdd2026zhlqmxdo,hypodd,ohyp2026bkayhbre,2025-07-30T20:22:51.600000Z,14.049749,-89.814787,7.174,3.5086,MLc,0.219,131,21,0.0278,0.024,
eslv2026msadmllw,ohdd2026hd7fcluk,hypodd,ohyp2026vjock3qp,2025-07-30T20:23:54.960000Z,14.047858,-89.81591,7.053,3.3942,MLc,0.173,129,16,0.0254,0.0259,
eslv2026huhif3n5,ohdd2026npnd453q,hypodd,ohyp2026udzxzjax,2025-07-30T20:25:04.980000Z,14.048552,-89.819539,8.215,3.1333,MLc,0.163,125,19,0.028,0.0429,
eslv2026xnzfxvtp,ohdd20265vpdkmys,hypodd,ohyp2026i3xeedx4,2025-07-30T20:25:25.519999Z,14.045256,-89.806478,4.582,3.3153,MLc,0.19,173,10,0.0287,0.0253,
eslv2026v3a3bx45,ohdd2026wkl4bj7d,hypodd,ohyp202633t4ly3u,2025-07-30T20:27:03.240000Z,14.047917,-89.821167,7.487,2.9168,MLc,0.152,119,19,0.03,0.0391,
eslv2026t3zqle3r,ohdd2026xu5jkhix,hypodd,ohyp2026ahhvm4h3,2025-07-30T20:30:42.619999Z,14.044065,-89.808789,4.036,2.1206,MLc,0.121,176,15,0.0305,0.0332,
eslv2026xhxklfbw,ohdd2026e5zmemgc,hypodd,ohyp2026u3r337w3,2025-07-30T20:31:48.240000Z,13.988948,-89.8087,3.003,2.3304,MLc,0.139,165,15,0.0299,0.0379,
eslv2026lvwzny3e,ohdd2026hvqifj6c,hypodd,ohyp2026jpdgu3ns,2025-07-30T20:33:55.840000Z,14.043814,-89.810352,4.762,,,0.134,146,8,0.0311,0.0288,
eslv2026bs6ogvit,ohdd2026sb2gepfb,hypodd,ohyp2026turzzxmg,2025-07-30T20:36:01.700000Z,14.050975,-89.815039,6.823,2.1103,MLc,0.139,133,16,0.0292,0.0287,
eslv20262tsafvw7,ohdd2026jq5jvhpw,hypodd,ohyp2026zycws45c,2025-07-30T20:38:26.260000Z,14.050129,-89.817757,4.592,1.9586,MLc,0.132,122,13,0.0248,0.0237,
eslv2026mmzisne4,ohdd202636bwlwvz,hypodd,ohyp20263a2jzqo6,2025-07-30T20:38:59.000000Z,14.044396,-89.809106,4.625,2.0285,MLc,0.094,119,11,0.0281,0.0225,
eslv2026qgpexwmr,ohdd2026ty5xgyd2,hypodd,ohyp2026hb7oo3yn,2025-07-30T20:39:24.039999Z,14.043728,-89.807926,4.365,1.8637,MLc,0.116,116,14,0.0272,0.0246,
eslv20266qpuaz4g,ohdd2026hll2nihb,hypodd,ohyp20264eto7x5a,2025-07-30T20:40:07.919999Z,14.049142,-89.811987,6.28,2.1633,MLc,0.116,124,7,0.0266,0.0279,
eslv2026z5sfqjab,ohdd2026sqtpziq7,hypodd,ohyp2026b2o6ivln,2025-07-30T20:41:01.980000Z,14.043453,-89.806909,4.294,1.2293,MLc,0.15,114,7,0.0273,0.0282,
eslv2026opgevckm,ohdd2026gm7of544,hypodd,ohyp2026s4vzekwg,2025-07-30T20:41:24.100000Z,14.042622,-89.824137,7.379,2.0452,MLc,0.158,128,16,0.0302,0.0283,
eslv2026esm7w6dn,ohdd2026cqoqi3nc,hypodd,ohyp2026fcf26xwa,2025-07-30T20:42:54.899999Z,14.127248,-89.869417,4.176,1.2365,MLc,0.237,294,6,0.0321,0.0226,
eslv2026xg5k6idt,ohdd2026hig6qpdv,hypodd,ohyp2026o3f5py5v,2025-07-30T20:43:13.859999Z,14.04413,-89.808057,4.164,1.3229,MLc,0.165,118,6,0.0302,0.03,
eslv2026fmuezi46,ohdd2026udrxz5tv,hypodd,ohyp20264kbu3g5y,2025-07-30T20:47:30.940000Z,14.03848,-89.826831,14.059,1.33,MLc,0.235,140,6,0.0128,0.0143,
eslv20267djgkhnp,ohdd2026z73mhvsq,hypodd,ohyp2026iz67rsez,2025-07-30T20:52:34.039999Z,14.043356,-89.808268,4.571,2.0163,MLc,0.156,114,11,0.0307,0.0333,
eslv2026bahlmbvs,ohdd2026kofjvq5h,hypodd,ohyp20263c3a6o2f,2025-07-30T20:55:17.039999Z,14.077338,-89.822201,7.629,1.5245,MLc,0.114,169,8,0.0248,0.0281,
eslv202655qo4tbh,ohdd2026yge52tv4,hypodd,ohyp2026tcabbxmy,2025-07-30T20:56:52.859999Z,14.043552,-89.808008,4.328,1.9252,MLc,0.109,114,13,0.0281,0.0306,
eslv2026uinzutfc,ohdd2026z22fdzr5,hypodd,ohyp20266qymxec5,2025-07-30T21:01:12.919999Z,14.083006,-89.832804,6.436,1.2096,MLc,0.155,163,6,0.0247,0.0325,
eslv2026kcsnrn65,ohdd2026cb3bfx6x,hypodd,ohyp2026yft2kyqc,2025-07-30T21:05:06.900000Z,14.098325,-89.854956,5.412,2.5633,MLc,0.255,248,19,0.0277,0.0275,
eslv2026dlvsooun,ohdd20265jjpxstd,hypodd,ohyp2026brqiuvu7,2025-07-30T21:10:07.200000Z,14.0572,-89.827767,4.351,1.4909,MLc,0.125,152,6,0.0298,0.0312,
eslv2026m4h7owwo,ohdd2026fmtmsxeg,hypodd,ohyp2026tn4ngdjr,2025-07-30T21:10:47.020000Z,14.079649,-89.824422,8.517,1.9291,MLc,0.109,160,15,0.023,0.0257,
eslv2026cmc3tp76,ohdd2026wk33pzl6,hypodd,ohyp2026pvn3pijd,2025-07-30T21:12:14.279999Z,14.030692,-89.821769,10.561,1.5655,MLc,0.066,117,9,0.0356,0.0241,
eslv2026kpuwusof,ohdd2026retcrb4c,hypodd,ohyp2026e24okrj2,2025-07-30T21:12:45.759999Z,14.043909,-89.838802,12.234,1.481,MLc,0.236,159,7,0.0526,0.0359,
eslv20266dfevkhu,ohdd2026wgrnc7hu,hypodd,ohyp2026ho6ka6gm,2025-07-30T21:14:56.600000Z,14.022703,-89.844596,7.435,1.6949,MLc,0.273,206,8,0.0369,0.0332,
eslv2026dweudozn,ohdd2026czrom7nk,hypodd,ohyp2026purmyocp,2025-07-30T21:17:29.640000Z,14.055977,-89.824552,4.553,1.1399,MLc,0.111,136,6,0.0261,0.03,
eslv20267s5s63np,ohdd2026wq7clmdv,hypodd,ohyp2026awi7itlo,2025-07-30T21:23:06.839999Z,14.023453,-89.901896,4.315,1.4994,MLc,0.167,253,7,0.0243,0.0231,
eslv2026vvkbfm6y,ohdd2026gwypwynl,hypodd,ohyp2026nd5nwynx,2025-07-30T21:26:51.520000Z,14.056034,-89.827051,5.088,1.4734,MLc,0.195,136,8,0.0257,0.0489,
eslv2026gokygvuf,ohdd2026hwwubums,hypodd,ohyp20266mpip7s3,2025-07-30T21:28:34.719999Z,14.044931,-89.806128,4.24,1.5414,MLc,0.109,118,8,0.0272,0.0246,
eslv2026jhf4mr7u,ohdd2026tgpv4qcs,hypodd,ohyp202647wohnu6,2025-07-30T21:29:09.000000Z,14.03805,-89.826953,6.109,1.8401,MLc,0.165,152,7,0.0312,0.043,
eslv2026agwnvl56,ohdd2026zadnbsai,hypodd,ohyp2026engo5se4,2025-07-30T21:31:10.279999Z,14.086262,-89.846484,6.51,2.142,MLc,0.224,195,15,0.043,0.0287,
eslv2026siuxzgrl,ohdd2026ixkpc35n,hypodd,ohyp2026dl4yl2iu,2025-07-30T21:39:18.100000Z,14.045847,-89.816862,4.242,1.7502,MLc,0.176,119,9,0.0313,0.0434,
eslv2026ekswqe2f,ohdd2026mrorao7j,hypodd,ohyp2026qgosvwqo,2025-07-30T21:45:12.839999Z,14.102452,-89.805444,4.738,1.7651,MLc,0.064,207,8,0.0495,0.0431,
eslv20267up7gc5t,ohdd2026tnq5civ4,hypodd,ohyp2026kydoi6x4,2025-07-30T21:50:37.920000Z,14.040433,-89.886027,7.884,2.197,MLc,0.179,223,15,0.0193,0.0216,
eslv2026v57vcotj,ohdd2026bfwgequv,hypodd,ohyp2026lkdmctqp,2025-07-30T21:57:11.619999Z,14.041659,-89.825252,7.085,2.1083,MLc,0.21,154,11,0.034,0.0276,
eslv2026xs2ixjxe,ohdd2026twt4333k,hypodd,ohyp2026binavqsq,2025-07-30T21:57:21.780000Z,14.031138,-89.832951,4.376,2.3687,MLc,0.146,151,7,0.0361,0.033,
eslv2026zprtt6np,ohdd2026ojm35yzu,hypodd,ohyp20262lfqhnz7,2025-07-30T22:02:26.800000Z,14.070245,-89.858228,4.38,1.7677,MLc,0.18,165,8,0.0273,0.024,
eslv2026isfafylc,ohdd2026axrijfb7,hypodd,ohyp2026mrnooupm,2025-07-30T22:22:43.759999Z,14.078927,-89.836393,6.718,2.8756,MLc,0.199,142,11,0.0304,0.0335,
eslv2026czripc52,ohdd2026cqq2igyf,hypodd,ohyp2026reb75vcg,2025-07-30T22:25:38.500000Z,14.039945,-89.82216,4.712,2.4372,MLc,0.141,134,20,0.0343,0.032,
eslv2026d3sbrrt7,ohdd2026qhxfi2hp,hypodd,ohyp2026odfyu5gp,2025-07-30T22:26:46.320000Z,14.037479,-89.820085,4.547,1.7191,MLc,0.156,131,8,0.0287,0.0252,
eslv2026ciwuack5,ohdd2026cljssea3,hypodd,ohyp2026k4rgz3ho,2025-07-30T22:30:00.400000Z,14.034847,-89.820557,4.333,2.24,MLc,0.176,130,14,0.0299,0.0364,
eslv20266b4ursvb,ohdd2026tlgozb7r,hypodd,ohyp20262yzf4lk6,2025-07-30T22:30:27.760000Z,14.03661,-89.821077,4.3,2.1496,MLc,0.103,130,12,0.0327,0.0374,
eslv20264kfuovfa,ohdd2026tm6nchlp,hypodd,ohyp2026whfddkv3,2025-07-30T22:31:01.879999Z,14.036949,-89.821615,4.281,1.7773,MLc,0.102,132,10,0.0311,0.0345,
eslv2026jq3a6gzv,ohdd2026vtafxail,hypodd,ohyp2026i3qz4isq,2025-07-30T22:32:29.460000Z,14.040471,-89.825692,6.868,1.7403,MLc,0.14,122,9,0.033,0.0344,
eslv2026a4pfhvol,ohdd2026mzduhfhm,hypodd,ohyp2026rfb23s5h,2025-07-30T22:33:55.560000Z,14.0414,-89.82251,4.92,2.4637,MLc,0.125,128,20,0.0274,0.0298,
eslv2026pregvcp6,ohdd2026ejtp5ag6,hypodd,ohyp2026x7iluhx4,2025-07-30T22:36:58.240000Z,14.078728,-89.824292,7.672,2.2763,MLc,0.17,180,18,0.0252,0.0313,
eslv2026rqfed6p7,ohdd2026ilm635ck,hypodd,ohyp2026oka2xtnw,2025-07-30T23:06:51.000000Z,14.081917,-89.843774,8.081,1.4283,MLc,0.148,143,7,0.0318,0.0364,
eslv2026ea67nubc,ohdd20262hvvqwag,hypodd,ohyp2026c6kyqpk3,2025-07-30T23:10:37.020000Z,14.111729,-89.87561,5.635,1.6767,MLc,0.274,259,6,0.0405,0.0341,
eslv20264d7gtkei,ohdd2026sgsgfu7k,hypodd,ohyp2026s7ntrrh7,2025-07-30T23:37:33.500000Z,14.111523,-89.836279,4.656,1.7117,MLc,0.311,266,6,0.0392,0.0305,
eslv202665nzgjq6,ohdd2026bxafmdmo,hypodd,ohyp2026k2qx333p,2025-07-30T23:41:41.119999Z,14.043656,-89.833024,8.738,2.1029,MLc,0.172,153,16,0.0338,0.0411,
eslv2026tpqtqxir,ohdd2026syap7pco,hypodd,ohyp20265iuneoee,2025-07-30T23:46:27.559999Z,14.039307,-89.890161,7.912,2.0162,MLc,0.198,214,8,0.0232,0.02,
eslv2026xr3zepsp,ohdd2026exmasugd,hypodd,ohyp2026yyr3rvtj,2025-07-30T23:54:32.399999Z,14.085244,-89.837443,7.026,1.2066,MLc,0.15,150,6,0.0281,0.0318,
eslv2026mydzvkgj,ohdd2026yh6pmrje,hypodd,ohyp2026zw2to6ch,2025-07-31T00:00:20.989999Z,14.038711,-89.824642,4.271,2.0355,MLc,0.087,142,11,0.0613,0.0737,
eslv2026eha44neu,ohdd2026htog4n4x,hypodd,ohyp20263baygubk,2025-07-31T00:03:29.559999Z,14.040833,-89.826945,6.861,1.9782,MLc,0.162,136,18,0.0269,0.0251,
eslv2026zldeb6lc,ohdd2026fqf3cdhu,hypodd,ohyp20262qob5qx3,2025-07-31T00:03:53.719999Z,14.039794,-89.821077,4.463,1.9436,MLc,0.107,157,11,0.0365,0.0373,
eslv2026ybgx52pe,ohdd20267up3ynk5,hypodd,ohyp2026h5vj344o,2025-07-31T00:10:48.420000Z,14.037579,-89.820768,4.534,2.0118,MLc,0.15,128,10,0.0299,0.0311,
eslv2026fsynn26t,ohdd2026gan3seqi,hypodd,ohyp2026z73uljyu,2025-07-31T00:12:37.630000Z,14.078394,-89.821696,7.734,1.7546,MLc,0.094,160,7,0.0299,0.027,
eslv202665kv4rjf,ohdd2026xvp5lotv,hypodd,ohyp20263rer4ts3,2025-07-31T00:27:22.760000Z,14.102121,-89.881576,6.266,2.2242,MLc,0.283,280,16,0.0331,0.0352,
eslv2026eskkievh,ohdd2026mofvk7mc,hypodd,ohyp2026japvwhrl,2025-07-31T00:32:48.329999Z,14.044756,-89.858472,8.299,3.5846,MLc,0.262,143,20,0.0371,0.0265,
eslv20263km7ke2j,ohdd2026kszwqi5j,hypodd,ohyp2026qk7csrpt,2025-07-31T00:34:02.750000Z,14.104895,-89.868042,7.883,2.9957,MLc,0.212,273,20,0.0757,0.1402,
eslv2026yijaddkj,ohdd2026ua3z54mh,hypodd,ohyp2026zwqdd36t,2025-07-31T00:39:32.479999Z,14.100962,-89.881616,6.295,2.0898,MLc,0.188,277,16,0.0308,0.0341,
eslv2026bv2yvapv,ohdd2026vr3jh4aj,hypodd,ohyp2026n4udkyx3,2025-07-31T00:40:03.500000Z,14.046542,-89.821883,4.325,2.1335,MLc,0.133,127,11,0.0225,0.0258,
eslv2026lzvdzqq7,ohdd2026ta24ggkw,hypodd,ohyp2026iilwwkgk,2025-07-31T00:43:20.769999Z,14.060837,-89.828621,5.545,1.7414,MLc,0.191,129,9,0.0234,0.0282,
eslv2026jyc3wnpp,ohdd2026rus2vcjl,hypodd,ohyp2026gnw5ll5a,2025-07-31T00:45:11.970000Z,14.045408,-89.807365,4.649,1.6353,MLc,0.091,118,8,0.0276,0.0217,
eslv2026jsfbayjl,ohdd2026tehdvhjg,hypodd,ohyp2026jfmbcaql,2025-07-31T00:47:21.269999Z,14.041551,-89.823926,6.358,1.4643,MLc,0.129,128,11,0.0254,0.0292,
eslv2026zqsqmbel,ohdd2026erkjqrz2,hypodd,ohyp2026cznc7r4z,2025-07-31T00:48:57.490000Z,14.044387,-89.822811,7.439,2.7008,MLc,0.196,125,19,0.0292,0.0396,
eslv2026hlsoqmzb,ohdd2026aqkf4mjw,hypodd,ohyp2026fppyfl7g,2025-07-31T00:54:49.310000Z,14.041661,-89.826937,6.319,1.8008,MLc,0.194,141,13,0.0326,0.0339,
eslv2026iog6sn4b,ohdd2026hnn47bqb,hypodd,ohyp2026hs7zwboi,2025-07-31T00:59:09.109999Z,14.078695,-89.82251,7.597,1.7067,MLc,0.128,157,8,0.0313,0.027,
eslv2026msgekcau,ohdd202672n3pzgr,hypodd,ohyp2026rqqy63fk,2025-07-31T01:01:34.299999Z,14.024046,-89.866691,4.307,1.4224,MLc,0.218,205,7,0.0633,0.0473,
eslv2026pv6ejc2a,ohdd2026aeed3h63,hypodd,ohyp20262gk2omp7,2025-07-31T01:04:10.439999Z,14.045975,-89.827938,7.991,1.7708,MLc,0.27,158,13,0.0432,0.0385,
eslv2026r4qio5pj,ohdd2026x3xfuf6s,hypodd,ohyp2026rueaipkb,2025-07-31T01:07:05.589999Z,14.061264,-89.820223,6.887,1.1162,MLc,0.203,170,6,0.0477,0.0423,
eslv2026avqd7djf,ohdd2026xel6ixcx,hypodd,ohyp2026wmno3siy,2025-07-31T01:09:08.310000Z,14.038427,-89.827222,5.817,1.1648,MLc,0.102,169,6,0.0284,0.033,
eslv2026bzzkct6b,ohdd2026vnva6wnx,hypodd,ohyp2026gbtjyz27,2025-07-31T01:11:04.019999Z,14.075229,-89.915739,0.684,1.0114,MLc,0.297,303,6,0.1537,0.3207,
eslv2026573bdbzo,ohdd2026qrzp36qq,hypodd,ohyp2026mhosk3q4,2025-07-31T01:11:57.979999Z,14.039072,-89.819922,4.258,1.8742,MLc,0.188,150,13,0.0374,0.0386,
eslv2026njbdxcdd,ohdd2026fsvwhmah,hypodd,ohyp20263ica4crf,2025-07-31T01:21:26.120000Z,14.082556,-89.842253,6.566,1.9546,MLc,0.139,184,11,0.0248,0.0307,
eslv2026ewecng3z,ohdd2026s4eq3lia,hypodd,ohyp2026u576vzp7,2025-07-31T01:32:32.350000Z,14.058423,-89.826009,4.643,1.7452,MLc,0.124,134,15,0.023,0.0247,
eslv2026m73mrchh,ohdd2026jlflwikj,hypodd,ohyp2026yi6pf2rv,2025-07-31T01:35:08.429999Z,14.057729,-89.828605,4.85,1.4129,MLc,0.125,135,8,0.0236,0.0299,
eslv2026er7kkavn,ohdd2026dyquchbk,hypodd,ohyp2026asfdmj7a,2025-07-31T01:36:33.689999Z,14.100471,-89.877352,5.648,2.3492,MLc,0.231,276,20,0.0326,0.0332,
eslv2026rtu7a26o,ohdd2026l4prl2bn,hypodd,ohyp2026vzuydra4,2025-07-31T01:42:23.170000Z,14.044002,-89.808512,4.218,1.5115,MLc,0.2,125,7,0.0292,0.0234,
eslv2026tu36wfpb,ohdd2026pnlwmtwt,hypodd,ohyp2026muds3nhm,2025-07-31T01:43:57.960000Z,14.07817,-89.833171,6.679,1.5841,MLc,0.157,137,6,0.0261,0.0302,
eslv202627lwquhm,ohdd2026lixwasuv,hypodd,ohyp2026k3d4xggo,2025-07-31T01:46:24.239999Z,14.102278,-89.881974,12.335,1.2685,MLc,0.056,191,7,0.0394,0.0224,
eslv2026bz7cjrky,ohdd2026dv7ltugb,hypodd,ohyp2026lkkubwy2,2025-07-31T01:47:35.729999Z,14.037763,-89.819629,4.47,1.6369,MLc,0.116,131,9,0.0285,0.0279,
eslv2026m7mvnozl,ohdd2026hrbw6twl,hypodd,ohyp2026wnog2u2h,2025-07-31T01:57:46.100000Z,14.040308,-89.829631,6.538,1.9052,MLc,0.202,135,11,0.0326,0.0335,
eslv2026kmaggqt3,ohdd2026vn4gq7cl,hypodd,ohyp2026w7uehccp,2025-07-31T01:59:15.300000Z,14.044169,-89.807251,4.373,1.9948,MLc,0.135,114,14,0.0307,0.0318,
eslv2026mxeveyxm,ohdd20263qpgy32y,hypodd,ohyp2026erxftfhl,2025-07-31T02:01:01.060000Z,14.038299,-89.820492,4.589,1.734,MLc,0.154,127,12,0.0293,0.0305,
eslv2026wjuxxq7j,ohdd20265hjhoxbh,hypodd,ohyp2026zjlmvjm5,2025-07-31T02:02:23.239999Z,14.087199,-89.887297,8.754,1.3847,MLc,0.2,305,7,0.0385,0.0292,
eslv2026oft24wbc,ohdd2026d2673yjx,hypodd,ohyp2026lgqqtb66,2025-07-31T02:05:11.460000Z,14.042978,-89.829102,7.759,3.5877,MLc,0.225,157,20,0.0465,0.0482,
eslv2026whthawwu,ohdd2026qaea2i7g,hypodd,ohyp2026twtcfvi4,2025-07-31T02:07:12.109999Z,14.05436,-89.826538,4.075,2.0065,MLc,0.147,133,10,0.0275,0.0265,
eslv2026auvfe6k4,ohdd2026wzlusw2g,hypodd,ohyp2026szqx2fut,2025-07-31T02:07:30.829999Z,14.043195,-89.827604,8.163,2.2135,MLc,0.19,149,19,0.0332,0.0357,
eslv2026eeiesthx,ohdd20267sj74opi,hypodd,ohyp2026c75stmvv,2025-07-31T02:08:57.649999Z,14.102351,-89.877539,5.991,1.9027,MLc,0.189,274,14,0.0298,0.0311,
eslv2026l3lc5bof,ohdd20267x2x2njb,hypodd,ohyp202655df3auo,2025-07-31T02:12:13.740000Z,14.050747,-89.830957,10.598,1.1988,MLc,0.294,145,8,0.0384,0.0271,
eslv2026ayetngwc,ohdd2026lllqgyc7,hypodd,ohyp2026ego72q5e,2025-07-31T02:31:42.759999Z,14.057723,-89.827295,4.326,2.0813,MLc,0.136,130,20,0.0295,0.0285,
eslv2026rwvo2cvk,ohdd202667q7wwrq,hypodd,ohyp2026ac4rxbrs,2025-07-31T02:34:31.929999Z,14.03496,-89.899829,5.791,0.5943,MLc,0.197,315,6,0.0579,0.0544,
eslv2026qgptk7zy,ohdd2026cfmjux66,hypodd,ohyp2026bofubaj2,2025-07-31T02:41:27.289999Z,14.041825,-89.827279,7.027,2.4633,MLc,0.17,145,19,0.0294,0.0342,
eslv2026h54b4gdz,ohdd2026bf2zq4fn,hypodd,ohyp2026rryq5e3p,2025-07-31T02:45:12.900000Z,14.013379,-89.885799,6.932,1.2047,MLc,0.121,205,6,0.0195,0.0238,
eslv2026nil5qub7,ohdd2026nsulmw2u,hypodd,ohyp2026yd35fdaq,2025-07-31T02:48:01.960000Z,14.040622,-89.82723,6.488,1.9469,MLc,0.162,136,14,0.0305,0.0332,
eslv20263wygxsxp,ohdd2026udrko4ud,hypodd,ohyp20264uirt4vl,2025-07-31T02:48:35.859999Z,14.0404,-89.827962,7.126,2.2629,MLc,0.167,143,20,0.0274,0.0307,
eslv2026qrooivpc,ohdd2026w736whph,hypodd,ohyp2026zwehakw6,2025-07-31T02:48:57.179999Z,14.038846,-89.819507,4.729,2.1425,MLc,0.14,127,9,0.0295,0.0349,
eslv20265eztejyr,ohdd2026n7rckrh6,hypodd,ohyp2026koeqgcs6,2025-07-31T02:49:44.479999Z,14.044442,-89.807682,4.532,1.6584,MLc,0.101,119,16,0.027,0.0239,
eslv2026rwvoeqab,ohdd2026sxktnj6e,hypodd,ohyp2026tnzsl4ku,2025-07-31T02:51:10.859999Z,14.083308,-89.83195,6.652,0.8937,MLc,0.137,174,7,0.0348,0.0378,
eslv2026nvmjaphw,ohdd2026dbzyeljq,hypodd,ohyp2026eleofrgx,2025-07-31T02:53:49.579999Z,14.083684,-89.841715,6.403,1.8227,MLc,0.127,155,11,0.0235,0.0236,
eslv2026tsht5imy,ohdd20267up34rb4,hypodd,ohyp2026t2crg6sa,2025-07-31T02:54:17.960000Z,14.041569,-89.828296,6.927,1.3444,MLc,0.164,149,8,0.0408,0.0351,
eslv2026fb6wlibt,ohdd2026okamcxes,hypodd,ohyp2026xmjjwd65,2025-07-31T02:54:57.719999Z,14.044423,-89.808529,4.584,1.5019,MLc,0.144,122,12,0.0268,0.0199,
eslv20266teq5syp,ohdd2026pb7djt4y,hypodd,ohyp202652vegspd,2025-07-31T02:56:18.929999Z,14.039843,-89.825122,4.558,0.6714,MLc,0.228,158,6,0.0415,0.0431,
eslv2026pwbrieon,ohdd2026lh6lfabr,hypodd,ohyp20267kcxsige,2025-07-31T02:58:18.609999Z,14.043984,-89.808447,4.515,1.3212,MLc,0.147,116,9,0.0276,0.0248,
eslv2026bsysnjot,ohdd20265p4c2vos,hypodd,ohyp2026iks7ftmp,2025-07-31T03:01:02.540000Z,14.105162,-89.859749,5.866,3.5723,MLc,0.322,283,20,0.0364,0.0324,
eslv20265thpj7te,ohdd2026lidaemfi,hypodd,ohyp2026dxhmfkyo,2025-07-31T03:04:59.859999Z,14.103934,-89.864372,6.873,2.3973,MLc,0.22,252,18,0.0345,0.0297,
eslv2026dznffnx3,ohdd2026xzfwndpq,hypodd,ohyp2026ilcs4vet,2025-07-31T03:20:05.059999Z,13.960586,-89.835799,8.543,1.5344,MLc,0.267,152,8,0.023,0.0264,
eslv2026jzpzwanh,ohdd20266ffdnzwc,hypodd,ohyp202674m7a4l3,2025-07-31T03:20:17.260000Z,14.05342,-89.844385,5.966,1.7983,MLc,0.223,161,13,0.0363,0.0347,
eslv2026w5ec6tfg,ohdd202652k3wib2,hypodd,ohyp20266dl24imc,2025-07-31T03:24:17.640000Z,14.065185,-89.814559,17.088,1.6109,MLc,0.221,261,6,0.9646,0.7879,
eslv2026gidw6ljd,ohdd2026hcj6nhn5,hypodd,ohyp2026oviyesyq,2025-07-31T03:25:16.059999Z,14.046431,-89.813656,6.544,2.9183,MLc,0.1,119,18,0.0267,0.0247,
eslv2026ib4lg3fd,ohdd2026bxp2w4i4,hypodd,ohyp2026fiiu34zj,2025-07-31T03:33:38.119999Z,14.078202,-89.822201,8.023,2.0071,MLc,0.112,166,12,0.0203,0.027,
eslv2026fwfe6tev,ohdd20267mjj4zxn,hypodd,ohyp20262mguka5y,2025-07-31T03:34:11.650000Z,14.060492,-89.823405,4.676,1.7561,MLc,0.303,158,15,0.0288,0.0223,
eslv2026d4na5hv6,ohdd2026escz5kx2,hypodd,ohyp2026meki26zz,2025-07-31T03:37:40.460000Z,14.039772,-89.825692,7.42,1.8439,MLc,0.114,132,14,0.0249,0.0211,
eslv2026wkiszfnj,ohdd2026ytumcgdz,hypodd,ohyp2026zklmwie5,2025-07-31T03:38:13.269999Z,14.041535,-89.828467,7.13,1.7774,MLc,0.129,149,8,0.0324,0.0384,
eslv20266sogvlri,ohdd2026uybfysu4,hypodd,ohyp2026aqct5bkn,2025-07-31T03:39:50.329999Z,14.040753,-89.827637,6.915,1.595,MLc,0.09,135,8,0.0244,0.0233,
eslv2026jbjnfk5q,ohdd2026wzbwvn7z,hypodd,ohyp202626viitgp,2025-07-31T03:42:31.620000Z,13.961871,-89.833789,8.098,1.3611,MLc,0.223,157,8,0.0254,0.0287,
eslv2026pmuz76id,ohdd20266xiyj5id,hypodd,ohyp2026vykquvde,2025-07-31T03:45:22.250000Z,14.039707,-89.825977,7.135,1.6531,MLc,0.153,140,15,0.0271,0.0248,
eslv202633lm6rbw,ohdd202642lyfqxa,hypodd,ohyp2026ywgc462z,2025-07-31T03:47:11.480000Z,14.046754,-89.823674,7.62,1.757,MLc,0.292,150,14,0.0349,0.0335,
eslv202674lxfplj,ohdd2026ddseb75b,hypodd,ohyp2026hq2oukjj,2025-07-31T03:48:31.239999Z,14.04048,-89.825822,7.085,1.3787,MLc,0.168,150,12,0.0308,0.0336,
eslv20263syrhcrb,ohdd2026zbp5pr6y,hypodd,ohyp2026hegnzy3b,2025-07-31T03:48:53.909999Z,14.041985,-89.825407,7.244,2.1254,MLc,0.217,139,17,0.0281,0.0379,
eslv2026e5hlghxr,ohdd2026jurnvftg,hypodd,ohyp20262g4rckbg,2025-07-31T03:49:55.469999Z,14.138337,-89.844906,8.135,1.8673,MLc,0.042,311,7,0.0586,0.0595,
eslv2026f343fcgv,ohdd2026h73ibhio,hypodd,ohyp202622vbaqrr,2025-07-31T03:53:40.500000Z,14.081833,-89.82561,8.39,0.752,MLc,0.13,161,7,0.0308,0.0333,
eslv2026t5o7uh33,ohdd2026wd3qykpr,hypodd,ohyp2026zndtzdxl,2025-07-31T03:55:13.369999Z,14.045596,-89.811125,5.333,1.44,MLc,0.198,125,10,0.0277,0.041,
eslv2026vobuftmm,ohdd2026ifxoqsp2,hypodd,ohyp2026w2mqu7ri,2025-07-31T03:55:47.149999Z,14.041913,-89.810026,4.462,1.6299,MLc,0.159,165,11,0.0373,0.0412,
eslv2026xhea7alb,ohdd2026unzk32ys,hypodd,ohyp20263ipq3gqf,2025-07-31T03:57:19.769999Z,14.011197,-89.78903,8.431,1.5306,MLc,0.191,108,16,0.1466,0.1948,
eslv20267w7n3cu5,ohdd20265kthcnp5,hypodd,ohyp2026k7a47lpu,2025-07-31T03:59:30.079999Z,14.069425,-89.828369,11.021,1.3686,MLc,0.411,175,8,0.081,0.0908,
eslv2026au6cknyc,ohdd20262ooqildk,hypodd,ohyp2026gdzzhoje,2025-07-31T04:01:50.950000Z,14.047049,-89.815763,11.317,1.114,MLc,0.259,189,7,0.0645,0.056,
eslv2026xgqt74vx,ohdd2026yakadgqn,hypodd,ohyp202676kvoo2a,2025-07-31T04:03:25.440000Z,14.040837,-89.826994,6.975,1.586,MLc,0.115,151,9,0.0274,0.0222,
eslv2026utkga7zg,ohdd2026pgrq6jk7,hypodd,ohyp2026neu6kwjn,2025-07-31T04:10:00.990000Z,14.077716,-89.825562,8.257,1.8753,MLc,0.141,170,11,0.0284,0.0266,
eslv2026ylltihit,ohdd2026ap4nfhmy,hypodd,ohyp2026ahnl7iil,2025-07-31T04:12:44.439999Z,13.959399,-89.833358,9.372,1.014,MLc,0.217,169,8,0.0326,0.03,
eslv2026wh4v32w2,ohdd2026ytlllb54,hypodd,ohyp2026zli6aahj,2025-07-31T04:13:06.070000Z,14.042115,-89.825277,6.653,1.5006,MLc,0.151,137,13,0.0248,0.0218,
eslv2026uxy3nd36,ohdd2026ecwfelio,hypodd,ohyp2026pnek4uwh,2025-07-31T04:15:46.810000Z,14.061415,-89.833488,5.547,1.7121,MLc,0.204,132,14,0.0378,0.0349,
eslv2026cnwy74tx,ohdd20263h47xafp,hypodd,ohyp20262tlwmxd3,2025-07-31T04:17:53.079999Z,14.03856,-89.877197,10.125,1.9407,MLc,0.217,294,11,0.0505,0.0378,
eslv2026yl3lbcqt,ohdd2026mwgd7tqj,hypodd,ohyp2026haaak777,2025-07-31T04:21:09.529999Z,14.047305,-89.81512,6.967,1.9097,MLc,0.24,116,17,0.0263,0.0297,
eslv2026suyaj2dv,ohdd2026mlr4exxx,hypodd,ohyp2026ztixkutu,2025-07-31T04:26:15.560000Z,14.078472,-89.823022,8.228,1.5974,MLc,0.165,171,12,0.0259,0.0257,
eslv2026th64wces,ohdd2026crke36yz,hypodd,ohyp2026xmulcatm,2025-07-31T04:27:06.080000Z,14.013639,-89.787118,9.428,,,0.207,150,9,0.0194,0.0274,
eslv2026wi3lshzp,ohdd2026yrsezy2z,hypodd,ohyp2026fe6apwhk,2025-07-31T04:28:40.500000Z,14.079295,-89.825163,8.759,1.4732,MLc,0.113,161,10,0.0226,0.0262,
eslv2026fnjd7lem,ohdd2026zfvo7nv2,hypodd,ohyp20264bq7nvln,2025-07-31T04:29:30.559999Z,14.100461,-89.874601,5.9,1.7554,MLc,0.276,254,12,0.0334,0.0331,
eslv2026pmzos2zn,ohdd20263tjygfar,hypodd,ohyp2026dei7peoh,2025-07-31T04:30:11.179999Z,14.0997,-89.926912,4.391,1.5436,MLc,0.139,285,10,0.2099,0.1761,
eslv2026t5egfjrz,ohdd20266oynvifs,hypodd,ohyp2026uxxzkgmc,2025-07-31T04:34:30.269999Z,14.028066,-89.849609,13.777,1.0684,MLc,0.01,160,7,0.0582,0.0482,
eslv20267eqlu3gl,ohdd2026vyo3gus5,hypodd,ohyp2026cifr4guz,2025-07-31T04:35:09.400000Z,14.045406,-89.806226,4.251,1.6004,MLc,0.137,171,12,0.0309,0.0325,
eslv202657bdz2pn,ohdd20264mceiikh,hypodd,ohyp20267wbiskhx,2025-07-31T04:39:58.219999Z,14.041313,-89.883,7.952,1.4224,MLc,0.254,233,8,0.026,0.025,
eslv2026yxrnygwp,ohdd20263os4ekc5,hypodd,ohyp2026rbmscyyl,2025-07-31T04:40:58.530000Z,14.079852,-89.824154,8.514,2.4133,MLc,0.147,168,14,0.0227,0.0253,
eslv202625ks6vt6,ohdd2026cmbx57yi,hypodd,ohyp2026h2olnfkb,2025-07-31T04:43:16.429999Z,14.058081,-89.828312,4.735,1.4229,MLc,0.246,189,8,0.0279,0.032,
eslv2026c7hiyhkw,ohdd20264zc3uhu7,hypodd,ohyp2026aqkp5rnr,2025-07-31T04:45:28.079999Z,14.050949,-89.831323,4.736,1.3144,MLc,0.133,203,7,0.0423,0.0475,
eslv2026yxhcax4i,ohdd20266iao4ubn,hypodd,ohyp2026ubs3asst,2025-07-31T04:46:00.130000Z,14.10992,-89.871729,5.544,1.4122,MLc,0.184,296,8,0.0325,0.0282,
eslv20266qn4g6ll,ohdd2026b6plhcnq,hypodd,ohyp2026yk25g2ar,2025-07-31T04:54:39.880000Z,14.045924,-89.821899,4.704,1.9451,MLc,0.153,129,12,0.0254,0.0324,
eslv2026at3v6vwh,ohdd2026opwilzjg,hypodd,ohyp2026u6nr4xlp,2025-07-31T05:07:07.110000Z,14.114479,-89.876424,9.095,1.4022,MLc,0.103,279,6,0.1347,0.0825,
eslv2026abtz5iga,ohdd2026wmtdrdgs,hypodd,ohyp2026rvzbawyh,2025-07-31T05:11:09.019999Z,14.088554,-89.860384,13.002,1.3977,MLc,0.188,199,9,0.0327,0.0218,
eslv2026kighorqe,ohdd2026aozhlc3z,hypodd,ohyp2026phxkihen,2025-07-31T05:17:50.700000Z,14.102303,-89.854858,6.52,1.8102,MLc,0.209,209,9,0.0352,0.0342,
eslv2026ttbtk6td,ohdd20263zhipkaq,hypodd,ohyp2026zdqeimcd,2025-07-31T05:25:13.970000Z,14.082166,-89.824707,7.539,0.895,MLc,0.231,175,10,0.0398,0.0496,
eslv2026agkfjsx4,ohdd2026l3v4db7e,hypodd,ohyp2026ss5uqozh,2025-07-31T05:25:38.719999Z,14.056213,-89.823128,9.77,1.8418,MLc,0.176,143,19,0.0272,0.0364,
eslv2026xep6k53w,ohdd2026qe2ogq42,hypodd,ohyp2026lwvtxlsj,2025-07-31T05:27:48.320000Z,14.023602,-89.857951,3.47,1.1404,MLc,0.146,180,8,0.0352,0.0367,
eslv2026hye4pd36,ohdd2026l2oiqvjx,hypodd,ohyp2026tltawrcn,2025-07-31T05:35:22.949999Z,14.090945,-89.869735,6.758,1.3341,MLc,0.207,251,7,0.0506,0.0324,
eslv2026xarr57xc,ohdd20266nid4n3b,hypodd,ohyp2026mgrldzog,2025-07-31T05:41:09.119999Z,14.044233,-89.807593,4.488,1.6018,MLc,0.123,116,12,0.0276,0.0247,
eslv2026vxptrgcr,ohdd20264hsrjgws,hypodd,ohyp2026wxp5mgmm,2025-07-31T05:43:15.880000Z,14.043658,-89.808447,4.59,1.2669,MLc,0.129,119,13,0.0274,0.0238,
eslv2026vn2ubsoq,ohdd2026jkbip5ff,hypodd,ohyp20265ozfrxny,2025-07-31T05:43:42.530000Z,14.043411,-89.808748,4.417,1.718,MLc,0.152,114,17,0.0284,0.0275,
eslv20263fpvrnwf,ohdd2026zpodxkly,hypodd,ohyp2026wkpbiiad,2025-07-31T05:47:41.320000Z,14.084781,-89.835474,6.98,1.0197,MLc,0.173,194,8,0.0237,0.0302,
eslv2026hmqwsijq,ohdd2026k3pb4cjd,hypodd,ohyp20264xhmpknm,2025-07-31T05:50:32.399999Z,14.019562,-89.855973,8.252,1.5008,MLc,0.347,205,14,0.04,0.047,
eslv2026jybfov7g,ohdd2026ke2huylx,hypodd,ohyp2026gsgxema2,2025-07-31T06:07:24.420000Z,14.038855,-89.820207,4.654,1.6965,MLc,0.142,135,14,0.0303,0.022,
eslv202633w7ye3w,ohdd2026iwmywjck,hypodd,ohyp2026m3fgaddo,2025-07-31T06:08:29.429999Z,14.078548,-89.833065,6.698,1.4353,MLc,0.257,162,13,0.0395,0.0442,
eslv2026himqwbbn,ohdd2026au625b4s,hypodd,ohyp2026etm7c6rr,2025-07-31T06:10:51.460000Z,14.038368,-89.826408,5.833,1.8814,MLc,0.18,134,19,0.0281,0.0293,
eslv2026eg4sze3x,ohdd2026js7k6l7s,hypodd,ohyp2026y6aca5iu,2025-07-31T06:20:05.040000Z,14.107457,-89.867708,5.352,0.8874,MLc,0.249,277,7,0.0339,0.0351,
eslv2026ibf6ppb6,ohdd2026uvlotb32,hypodd,ohyp2026jjhhabkm,2025-07-31T06:22:36.439999Z,14.101755,-89.85612,6.447,,,0.123,221,9,0.0309,0.0248,
eslv2026egj7z5q6,ohdd2026kllyub7r,hypodd,ohyp2026s6famsyf,2025-07-31T06:38:46.310000Z,14.104968,-89.857959,5.799,1.2653,MLc,0.296,296,9,0.0502,0.0326,
eslv20267h5ctlpj,ohdd2026hrybkmlf,hypodd,ohyp2026hqoazmzc,2025-07-31T06:39:48.920000Z,14.059962,-89.868791,9.883,0.7752,MLc,0.154,217,6,0.0401,0.0321,
eslv2026gus5xsn4,ohdd2026d5r4dr7o,hypodd,ohyp2026ogcdf6ah,2025-07-31T06:42:11.240000Z,14.066892,-89.865544,4.587,1.2925,MLc,0.233,170,10,0.0421,0.0326,
eslv2026uj4vt56o,ohdd2026lieymivz,hypodd,ohyp2026anxjkyh6,2025-07-31T06:46:38.750000Z,14.035915,-89.821395,4.308,1.3005,MLc,0.334,141,9,0.037,0.0355,
eslv2026flvr6jbw,ohdd2026zmmh5laz,hypodd,ohyp2026im62cmeb,2025-07-31T06:51:00.900000Z,14.038227,-89.820125,4.147,1.5849,MLc,0.165,134,19,0.0301,0.0324,
eslv2026mddfs7cz,ohdd2026moyvgt4t,hypodd,ohyp2026lu4zo32k,2025-07-31T06:52:23.280000Z,14.041959,-89.826001,6.968,2.4342,MLc,0.155,126,20,0.0297,0.0303,
eslv2026v3qbbhiu,ohdd2026uuqg22xy,hypodd,ohyp202633rcnzg7,2025-07-31T06:53:10.630000Z,14.031541,-89.831803,6.274,1.9022,MLc,0.169,148,11,0.0265,0.0251,
eslv2026gegafsop,ohdd2026lm5jfgjc,hypodd,ohyp2026qvhnm5b7,2025-07-31T06:54:47.420000Z,14.048241,-89.829842,9.249,1.8252,MLc,0.142,124,17,0.0377,0.0444,
eslv2026hvynouem,ohdd2026pcd3iydu,hypodd,ohyp2026tojxi6as,2025-07-31T06:57:36.219999Z,14.073808,-89.857243,4.465,1.8962,MLc,0.196,170,15,0.0301,0.0213,
eslv2026p7uhfwrj,ohdd20267ekcfyeh,hypodd,ohyp2026oemv6ged,2025-07-31T06:58:04.889999Z,14.070434,-89.837728,6.446,1.6562,MLc,0.234,138,7,0.0323,0.0371,
eslv2026a5cns3jg,ohdd2026uqsrcyuh,hypodd,ohyp2026v7ioj62h,2025-07-31T06:59:41.210000Z,14.053551,-89.823975,8.772,1.893,MLc,0.222,139,20,0.0282,0.0296,
eslv2026vjexibwx,ohdd2026pfcpvmy7,hypodd,ohyp2026p2wstbal,2025-07-31T07:04:30.829999Z,14.012905,-89.837557,5.48,1.106,MLc,0.166,149,9,0.0167,0.0328,
eslv2026n5dxup3d,ohdd2026yrogc27m,hypodd,ohyp202673zfzdty,2025-07-31T07:05:53.969999Z,14.101241,-89.872583,5.713,1.5377,MLc,0.234,271,12,0.028,0.0337,
eslv2026btboihzx,ohdd2026tki3ibvy,hypodd,ohyp2026dzijcpyj,2025-07-31T07:06:14.519999Z,14.013583,-89.836572,5.017,1.5512,MLc,0.2,155,16,0.0199,0.0247,
eslv2026xesqdrel,ohdd202625otmhrl,hypodd,ohyp20265l2l2vtj,2025-07-31T07:06:54.049999Z,14.014019,-89.833683,4.871,1.3309,MLc,0.201,146,12,0.026,0.024,
eslv2026i4iwycbz,ohdd2026vqwxsrkc,hypodd,ohyp2026xdniri6a,2025-07-31T07:07:52.609999Z,14.048904,-89.813859,6.731,0.4596,MLc,0.269,118,12,0.024,0.0455,
eslv2026kb2b2o3g,ohdd20265tk5ahbx,hypodd,ohyp2026pjmrwakl,2025-07-31T07:10:24.609999Z,14.054961,-89.822591,4.701,0.5241,MLc,0.145,139,8,0.0278,0.0263,
eslv2026magaflea,ohdd2026wzhjzcsj,hypodd,ohyp2026rq33vjw3,2025-07-31T07:11:05.900000Z,14.103501,-89.869344,6.611,1.2283,MLc,0.222,272,11,0.0385,0.0304,
eslv2026arkvzdxl,ohdd2026q6g37wd7,hypodd,ohyp2026pdn53dew,2025-07-31T07:13:33.149999Z,14.042075,-89.826351,7.107,3.0148,MLc,0.148,132,21,0.0287,0.0394,
eslv202646h7wpjv,ohdd2026p5f4oiuw,hypodd,ohyp2026attwd2ml,2025-07-31T07:15:17.179999Z,14.044799,-89.808634,4.572,1.3849,MLc,0.098,119,7,0.0274,0.0284,
eslv2026eagjqyxw,ohdd20267zykjvye,hypodd,ohyp2026npj73eor,2025-07-31T07:16:50.450000Z,14.036666,-89.827368,4.499,0.963,MLc,0.187,208,6,0.0438,0.0384,
eslv20267saxoa2y,ohdd20264ebzhihr,hypodd,ohyp2026nqtjv7m3,2025-07-31T07:17:31.280000Z,14.044422,-89.808504,4.52,1.0713,MLc,0.105,119,9,0.0274,0.0237,
eslv20263z5dnx7e,ohdd202652qawuzi,hypodd,ohyp2026gar3pk4q,2025-07-31T07:22:40.579999Z,14.012715,-89.789347,8.584,2.4276,MLc,0.127,106,19,0.009,0.0205,
eslv2026tqbhd4xw,ohdd20262yfjfd5h,hypodd,ohyp2026e5jv7y4x,2025-07-31T07:27:06.759999Z,14.042849,-89.826001,6.973,1.4363,MLc,0.187,145,15,0.0299,0.0376,
eslv2026ttxs4jb3,ohdd20263idoq7lv,hypodd,ohyp2026ukudy3d4,2025-07-31T07:30:07.549999Z,14.048318,-89.815055,4.065,1.4725,MLc,0.198,118,17,0.0247,0.0318,
eslv2026ppaptbre,ohdd2026jstswiqz,hypodd,ohyp2026vq7itn5m,2025-07-31T07:30:42.409999Z,14.036887,-89.821615,4.129,0.9508,MLc,0.123,152,10,0.0314,0.0355,
eslv20263zrngccj,ohdd2026d74ri3vk,hypodd,ohyp2026yr7autmr,2025-07-31T07:32:47.170000Z,14.105863,-89.857568,6.638,1.576,MLc,0.261,260,13,0.0467,0.0464,
eslv2026cwr655g5,ohdd2026h566djyz,hypodd,ohyp2026yllq5w4l,2025-07-31T07:33:51.000000Z,14.034215,-89.834147,5.45,0.6345,MLc,0.132,193,6,0.0402,0.0395,
eslv2026ab3svq73,ohdd2026dm7twfer,hypodd,ohyp2026cvsr25uk,2025-07-31T07:34:15.179999Z,14.079825,-89.824666,8.448,1.6051,MLc,0.132,166,20,0.0226,0.0316,
eslv2026tjogwqxh,ohdd2026y7jdesq4,hypodd,ohyp2026wsmcf547,2025-07-31T07:34:44.939999Z,14.043939,-89.827157,7.047,1.7198,MLc,0.167,142,19,0.0306,0.0415,
eslv20263pfe3f43,ohdd2026jjz37kf5,hypodd,ohyp2026xq5z3rg4,2025-07-31T07:38:23.120000Z,14.083303,-89.840666,7.094,0.7948,MLc,0.105,164,7,0.0313,0.0298,
eslv2026j3twqah5,ohdd20266hhvlfpt,hypodd,ohyp2026woaieyua,2025-07-31T07:42:20.109999Z,14.078211,-89.904183,3.843,1.4307,MLc,0.334,277,8,0.0095,0.0074,
eslv20263vjkt5km,ohdd2026uyibhhug,hypodd,ohyp2026joadhv3a,2025-07-31T07:43:21.489999Z,14.07123,-89.858822,4.431,2.1132,MLc,0.172,199,18,0.0325,0.0226,
eslv2026dpluzlks,ohdd2026jb7dstfp,hypodd,ohyp2026w4b4gmkb,2025-07-31T07:46:24.839999Z,14.046862,-89.809554,5.117,1.8242,MLc,0.141,132,17,0.0266,0.0457,
eslv2026imndbrnk,ohdd2026hxvpsjiv,hypodd,ohyp20266nrqhf3c,2025-07-31T07:47:43.770000Z,14.056879,-89.824292,4.653,1.4328,MLc,0.163,177,15,0.0294,0.0255,
eslv20264z545txy,ohdd2026ysfqv2lw,hypodd,ohyp2026pzdrl2nj,2025-07-31T07:48:44.509999Z,14.048656,-89.827384,8.213,0.9047,MLc,0.152,189,8,0.0427,0.0305,
eslv20263xxafh6k,ohdd2026s3t63baf,hypodd,ohyp2026zuq2l4vy,2025-07-31T07:51:49.950000Z,14.043161,-89.816545,5.774,1.5812,MLc,0.16,156,15,0.0311,0.0748,
eslv2026vtgpfee7,ohdd2026jj76eq3m,hypodd,ohyp2026cnjui4my,2025-07-31T07:54:55.640000Z,14.085711,-89.830062,10.292,1.4011,MLc,0.262,159,14,0.05,0.0427,
eslv2026wr7mcvk6,ohdd2026l7i76gkz,hypodd,ohyp2026woa7dvpi,2025-07-31T07:56:33.149999Z,14.04287,-89.811621,4.464,0.8929,MLc,0.177,165,9,0.037,0.0401,
eslv2026yzm5vwgr,ohdd2026jxuem6in,hypodd,ohyp2026n5s77niz,2025-07-31T07:57:01.480000Z,14.008867,-89.77902,13.807,1.0489,MLc,0.276,156,10,0.027,0.0259,
eslv202644rfyobh,ohdd20267pqc6mdm,hypodd,ohyp2026ql7k36mg,2025-07-31T07:59:18.949999Z,14.067307,-89.854248,15.178,0.8536,MLc,0.04,164,7,0.0444,0.0229,
eslv2026d3nnwx5b,ohdd2026yt4jxiop,hypodd,ohyp20263nwya5jt,2025-07-31T08:00:17.879999Z,14.037702,-89.821037,4.66,1.1207,MLc,0.101,202,8,0.0368,0.0358,
eslv20262h7twttt,ohdd2026qio5nl3y,hypodd,ohyp2026kccuir2i,2025-07-31T08:00:49.829999Z,14.04882,-89.825968,8.701,1.7345,MLc,0.172,127,18,0.0284,0.0331,
eslv20263sstieny,ohdd2026wpqhosxx,hypodd,ohyp2026daj7dupt,2025-07-31T08:04:21.210000Z,14.038,-89.820223,4.444,1.0323,MLc,0.142,207,9,0.0304,0.0359,
eslv20266pnfarzl,ohdd2026cqamazug,hypodd,ohyp20263dbcbfpi,2025-07-31T08:09:20.769999Z,14.103917,-89.867977,6.484,1.0954,MLc,0.201,317,7,0.046,0.03,
eslv2026kwzk7lbd,ohdd2026f6u6un6g,hypodd,ohyp20264c6svzcw,2025-07-31T08:10:01.280000Z,14.084365,-89.844157,6.577,0.9041,MLc,0.089,144,6,0.0252,0.0255,
eslv2026lykgevfw,ohdd2026shh6d5vs,hypodd,ohyp2026evj72v4w,2025-07-31T08:10:46.700000Z,13.990417,-89.800741,21.247,1.2821,MLc,0.112,132,11,1.2143,1.0183,
eslv20266ryxnxor,ohdd2026yzhf25r7,hypodd,ohyp2026j6zzwz7p,2025-07-31T08:11:49.090000Z,14.044539,-89.824072,4.518,1.4994,MLc,0.139,130,19,0.0243,0.0319,
eslv2026pd53zmkr,ohdd2026nhb3dot5,hypodd,ohyp2026aryzpaz4,2025-07-31T08:13:47.719999Z,14.009942,-89.847795,6.912,0.7956,MLc,0.195,188,8,0.0262,0.0321,
eslv2026rl3rhgoc,ohdd2026ds66wz3x,hypodd,ohyp2026i4phshix,2025-07-31T08:14:04.780000Z,14.102504,-89.915609,9.333,2.5171,MLc,0.127,310,6,0.0614,0.0594,
eslv2026vpxrjcd3,ohdd2026an4wk7ww,hypodd,ohyp202657adgtfe,2025-07-31T08:17:31.429999Z,14.078179,-89.822819,7.679,0.94,MLc,0.106,163,8,0.0277,0.0248,
eslv2026hsmb6z5u,ohdd2026x4u5crex,hypodd,ohyp2026be53dvjy,2025-07-31T08:19:39.590000Z,14.051559,-89.825602,9.07,1.3809,MLc,0.168,143,11,0.0299,0.0313,
eslv202622chzl7x,ohdd2026hi2pxrup,hypodd,ohyp2026varp3zgi,2025-07-31T08:25:01.459999Z,14.078898,-89.821403,7.51,1.435,MLc,0.084,160,12,0.0269,0.0259,
eslv2026tb6jggyk,ohdd2026s535xflk,hypodd,ohyp20267nssjjrz,2025-07-31T08:33:57.990000Z,14.084476,-89.842863,6.659,1.4134,MLc,0.115,157,16,0.0243,0.0282,
eslv2026n5eaxwur,ohdd2026uv5e6zo7,hypodd,ohyp2026vwv4nk4t,2025-07-31T08:36:04.290000Z,14.010962,-89.790454,8.139,1.4261,MLc,0.272,140,11,0.0229,0.0292,
eslv20262e4mpvpk,ohdd2026j6pa24ba,hypodd,ohyp20264l7afgt2,2025-07-31T08:38:30.589999Z,14.053005,-89.824528,5.013,1.381,MLc,0.133,125,9,0.0289,0.0353,
eslv2026b2z5swcp,ohdd2026pm55wsdv,hypodd,ohyp20264waf6y53,2025-07-31T08:40:57.640000Z,14.04385,-89.822559,7.185,1.4774,MLc,0.216,156,13,0.033,0.0252,
eslv20265yp6o3qi,ohdd202673ctfhy5,hypodd,ohyp2026mvh6bnh5,2025-07-31T08:42:37.210000Z,14.011572,-89.834562,0.746,0.3116,MLc,0.085,200,6,0.0563,0.1027,
eslv202664p6xkuo,ohdd2026zjfpv53w,hypodd,ohyp2026w6mjsbre,2025-07-31T08:44:04.990000Z,14.010265,-89.763989,0.561,1.0222,MLc,0.343,242,6,0.5352,1.3327,
eslv2026dmzipprm,ohdd2026d5hxscjk,hypodd,ohyp2026cvwwrnb6,2025-07-31T08:46:25.530000Z,14.01298,-89.792806,7.581,0.9748,MLc,0.191,150,7,0.0434,0.056,
eslv20265w33ec4i,ohdd2026bndvny5v,hypodd,ohyp2026nxridrt5,2025-07-31T08:47:43.149999Z,14.011644,-89.789787,8.077,1.1925,MLc,0.26,135,11,0.0277,0.026,
eslv2026vpj4lvge,ohdd2026bdp2fap7,hypodd,ohyp2026nfdwxra4,2025-07-31T08:51:07.690000Z,14.046403,-89.813542,6.663,3.1854,MLc,0.129,117,20,0.0263,0.0276,
eslv2026odbbd3io,ohdd2026zmsqb4bs,hypodd,ohyp2026zfibcd6t,2025-07-31T08:51:50.140000Z,14.045038,-89.812988,5.985,3.0709,MLc,0.119,124,19,0.0281,0.0417,
eslv20263k7dz75w,ohdd20265pjznmet,hypodd,ohyp2026kecty2fn,2025-07-31T08:53:27.079999Z,14.043317,-89.809863,4.606,1.8704,MLc,0.149,147,10,0.0298,0.0385,
eslv2026pl7at2tc,ohdd20267w2sl5vx,hypodd,ohyp2026p2ke5l5c,2025-07-31T08:54:07.620000Z,14.043259,-89.808439,4.356,1.9999,MLc,0.123,117,19,0.0273,0.0252,
eslv20265e2binzr,ohdd2026ilcg5hln,hypodd,ohyp2026gpae4tmm,2025-07-31T08:54:24.879999Z,14.043215,-89.809017,4.416,2.8675,MLc,0.155,166,10,0.0297,0.0306,
eslv20262447zx4c,ohdd2026kvvtnhwz,hypodd,ohyp2026kica5uzb,2025-07-31T08:55:02.430000Z,14.061624,-89.826449,6.299,1.5007,MLc,0.369,177,11,0.0434,0.0424,
eslv20265ppryj76,ohdd2026qamp2nrt,hypodd,ohyp2026tkbtvfui,2025-07-31T08:55:23.289999Z,14.048819,-89.815308,7.202,2.095,MLc,0.127,126,18,0.026,0.022,
eslv2026nt2pyz6u,ohdd2026vgucgezv,hypodd,ohyp20264qziqrm2,2025-07-31T08:55:37.359999Z,14.045283,-89.808219,4.283,2.025,MLc,0.182,177,14,0.0313,0.0337,
eslv2026gq6s74hv,ohdd2026mavjyqmm,hypodd,ohyp2026yz44wpvh,2025-07-31T08:56:33.280000Z,13.979949,-89.841089,8.17,1.5969,MLc,0.294,165,8,0.0041,0.015,
eslv2026ff64irkv,ohdd2026xr55u6f4,hypodd,ohyp2026rlsncqru,2025-07-31T08:57:10.130000Z,14.043967,-89.808521,4.459,1.3866,MLc,0.104,177,11,0.0283,0.0245,
eslv2026bcxwes7g,ohdd2026vnurtlop,hypodd,ohyp2026cjnpj2y4,2025-07-31T08:57:52.219999Z,14.050698,-89.814762,7.167,1.6783,MLc,0.14,129,19,0.0284,0.0252,
eslv2026r36rna4t,ohdd2026ma2u7csc,hypodd,ohyp2026aqb77esm,2025-07-31T08:59:28.829999Z,14.043691,-89.808854,4.554,1.4312,MLc,0.15,118,12,0.0286,0.0279,
eslv20264cizzelv,ohdd2026x3io7gdx,hypodd,ohyp2026gmnaiv4v,2025-07-31T09:01:20.420000Z,14.040616,-89.82806,7.236,1.3412,MLc,0.118,144,9,0.0269,0.0282,
eslv20263qxqdpgu,ohdd202632utp6kb,hypodd,ohyp2026qqybh7aw,2025-07-31T09:11:25.719999Z,14.121874,-89.927376,2.196,0.8694,MLc,0.053,318,6,0.0683,0.108,
eslv2026s3afh7z3,ohdd20267jvcg6ta,hypodd,ohyp2026icisg5ut,2025-07-31T09:16:41.100000Z,14.082765,-89.84467,6.807,1.5376,MLc,0.155,183,13,0.0227,0.033,
eslv2026rriebcxj,ohdd2026m47wnrxy,hypodd,ohyp20264b6lgdsj,2025-07-31T09:17:08.789999Z,14.099495,-89.878743,6.068,1.1866,MLc,0.327,330,6,0.037,0.0343,
eslv20267dcyg2pc,ohdd2026obm5fzdj,hypodd,ohyp202644fougjh,2025-07-31T09:19:43.039999Z,14.043143,-89.80826,4.231,1.544,MLc,0.116,165,13,0.0291,0.0348,
eslv2026mbsgzjoe,ohdd202652ob6h7l,hypodd,ohyp2026rze6kq4k,2025-07-31T09:20:42.320000Z,14.078772,-89.823551,7.549,0.9967,MLc,0.188,170,11,0.0247,0.0276,
eslv2026ckkl4wkh,ohdd202654xzlono,hypodd,ohyp2026vuc5bd4d,2025-07-31T09:21:37.640000Z,14.080602,-89.821794,7.654,1.0074,MLc,0.127,176,7,0.0281,0.0299,
eslv20264ms3kyqz,ohdd2026cfmh4seq,hypodd,ohyp2026espcun4a,2025-07-31T09:21:53.679999Z,14.043773,-89.807113,4.138,1.1716,MLc,0.129,169,9,0.0302,0.0342,
eslv20263xpms6te,ohdd2026rx54ovnj,hypodd,ohyp2026k3guznwz,2025-07-31T09:22:29.339999Z,14.109673,-89.869743,7.684,1.4918,MLc,0.196,276,9,0.0491,0.0489,
eslv2026fcwxh3nj,ohdd20263wm53mgj,hypodd,ohyp2026bqmrblrd,2025-07-31T09:22:42.750000Z,14.080191,-89.826807,5.885,1.2779,MLc,0.229,261,6,0.0711,0.0673,
eslv2026yfbalowa,ohdd2026z5dvxkam,hypodd,ohyp2026oi4zcjqp,2025-07-31T09:23:24.519999Z,14.071217,-89.872575,7.441,1.7023,MLc,0.223,244,14,0.0591,0.029,
eslv2026cx4lwlam,ohdd20266fngpwsc,hypodd,ohyp20267loasysp,2025-07-31T09:28:53.399999Z,14.105156,-89.860075,6.482,1.8997,MLc,0.203,283,15,0.0452,0.0425,
eslv2026yffk7p3f,ohdd2026jvyv4mpw,hypodd,ohyp20265yvi4vfp,2025-07-31T09:29:52.840000Z,13.979752,-89.841642,8.064,1.6123,MLc,0.322,165,14,0.0042,0.0148,
eslv2026swvt3dvl,ohdd2026rera6gpt,hypodd,ohyp2026xvpj4rmc,2025-07-31T09:31:17.929999Z,14.049271,-89.827588,8.982,1.1056,MLc,0.175,177,8,0.0301,0.0287,
eslv20266kntbgsc,ohdd2026ur3uttwi,hypodd,ohyp2026mgkzeqji,2025-07-31T09:35:46.659999Z,14.043804,-89.823413,7.057,2.0664,MLc,0.184,131,20,0.0284,0.0359,
eslv2026wczzoimu,ohdd20267injacpw,hypodd,ohyp2026brqjoimo,2025-07-31T09:39:01.690000Z,14.1064,-89.859497,6.746,1.7445,MLc,0.211,264,14,0.0421,0.0448,
eslv2026qwj6z2k7,ohdd20264urxs5jf,hypodd,ohyp2026baryos6d,2025-07-31T09:43:07.849999Z,14.046526,-89.817326,7.578,3.8743,MLc,0.159,118,21,0.032,0.0386,
eslv2026ryflixc4,ohdd2026deb26ed5,hypodd,ohyp2026qnjkrrll,2025-07-31T09:44:58.579999Z,14.049964,-89.811442,6.141,1.4524,MLc,0.165,125,14,0.0307,0.0387,
eslv2026ealy7a55,ohdd2026cdguyccc,hypodd,ohyp20267epuertk,2025-07-31T09:45:50.549999Z,14.047516,-89.817334,7.43,2.8853,MLc,0.166,122,19,0.0271,0.0329,
eslv2026zbfvjabq,ohdd2026h4uv7mbc,hypodd,ohyp2026evdnt2nu,2025-07-31T09:48:04.089999Z,14.052899,-89.81084,3.504,1.2178,MLc,0.194,199,9,0.0564,0.0632,
eslv2026izkb7kyn,ohdd2026ip3rkl64,hypodd,ohyp20262ozda7xe,2025-07-31T09:50:33.859999Z,14.037181,-89.821753,4.438,1.6983,MLc,0.19,145,11,0.0318,0.0306,
eslv2026ypkgunel,ohdd2026i54byi7t,hypodd,ohyp2026i6ad3777,2025-07-31T09:56:55.060000Z,14.042223,-89.824723,7.42,2.0081,MLc,0.18,141,11,0.0313,0.0326,
eslv2026rsoofnjw,ohdd2026x2ndtm5a,hypodd,ohyp2026gl2imgib,2025-07-31T10:01:34.590000Z,14.039308,-89.831144,7.294,1.0229,MLc,0.159,202,7,0.06,0.0649,
eslv20265g3ztea2,ohdd2026uf5l7dng,hypodd,ohyp202654vqov63,2025-07-31T10:02:18.510000Z,14.046123,-89.811979,5.996,2.4921,MLc,0.122,121,20,0.0261,0.0313,
eslv2026vgs6xzqq,ohdd202633iwatn7,hypodd,ohyp2026t5jphuwy,2025-07-31T10:12:02.859999Z,14.078914,-89.821891,7.715,1.2296,MLc,0.16,165,11,0.0278,0.0265,
eslv202627ixqrn2,ohdd2026o5lazxom,hypodd,ohyp2026tbzlwim7,2025-07-31T10:14:44.310000Z,14.036642,-89.822477,4.708,1.3136,MLc,0.128,156,11,0.0301,0.0254,
eslv2026zm3jylxl,ohdd2026x23ppgms,hypodd,ohyp2026y7hfrilr,2025-07-31T10:17:01.219999Z,13.955246,-89.843595,4.961,1.73,MLc,0.219,160,12,0.0173,0.0198,
eslv20263ovq2bqg,ohdd2026onczkueo,hypodd,ohyp20265wuocku4,2025-07-31T10:18:14.050000Z,14.103347,-89.859172,6.537,1.7058,MLc,0.238,282,8,0.04,0.0419,
eslv2026byunp4ws,ohdd2026exbzh543,hypodd,ohyp20262avx43ru,2025-07-31T10:18:32.750000Z,14.036866,-89.822306,4.494,1.7323,MLc,0.13,133,10,0.0305,0.0363,
eslv2026j2j7vgif,ohdd2026witkwtvi,hypodd,ohyp2026nhh2rxr3,2025-07-31T10:19:11.179999Z,14.05748,-89.82548,4.611,1.5262,MLc,0.153,238,7,0.0337,0.0293,
eslv2026i5xhzi3y,ohdd2026y7fkgpt3,hypodd,ohyp2026b5p4qobl,2025-07-31T10:22:58.990000Z,14.051938,-89.821794,7.43,2.0394,MLc,0.327,132,16,0.0398,0.0449,
eslv2026rrsdvt7c,ohdd2026mq555fev,hypodd,ohyp2026gwch74cn,2025-07-31T10:24:02.459999Z,14.057498,-89.826432,4.435,1.7788,MLc,0.144,134,16,0.0254,0.0239,
eslv2026weed36f6,ohdd2026azu34d77,hypodd,ohyp2026groqnesj,2025-07-31T10:29:43.600000Z,14.110981,-89.846842,4.096,1.1559,MLc,0.221,342,6,0.0675,0.0497,
eslv2026qohv5drs,ohdd202672a2icgb,hypodd,ohyp2026iqecagps,2025-07-31T10:41:18.710000Z,14.03673,-89.82076,4.763,1.5694,MLc,0.148,146,8,0.0391,0.0223,
eslv2026kf5uguws,ohdd2026bejt3exo,hypodd,ohyp2026ia2bpdm5,2025-07-31T10:45:52.689999Z,13.95105,-89.845719,7.691,1.277,MLc,0.003,199,8,0.0546,0.0524,
eslv20267gljfe6v,ohdd2026ram5p7pq,hypodd,ohyp2026tke7seef,2025-07-31T10:46:28.600000Z,14.045402,-89.825212,4.54,1.6297,MLc,0.121,208,6,0.0453,0.0448,
eslv2026kbjlscdp,ohdd2026dovjx55a,hypodd,ohyp2026rlhu22wy,2025-07-31T10:58:12.240000Z,14.083454,-89.83654,6.67,1.4627,MLc,0.104,178,13,0.0225,0.0302,
eslv2026yyaubqk5,ohdd2026o7qfjg3z,hypodd,ohyp2026rfao2wcy,2025-07-31T11:08:18.550000Z,14.084932,-89.793945,8.082,0.7232,MLc,0.002,289,6,0.0079,0.0084,
eslv2026cm7gpla2,ohdd2026lrxq5fna,hypodd,ohyp2026qoz7vq2a,2025-07-31T11:12:25.530000Z,14.077653,-89.823242,7.921,2.7918,MLc,0.165,168,22,0.0233,0.0279,
eslv2026nje74ve6,ohdd2026fa7rhip2,hypodd,ohyp2026s66b7mai,2025-07-31T11:15:03.240000Z,14.043188,-89.807902,4.239,1.7406,MLc,0.116,172,10,0.0299,0.0318,
eslv2026rcbwegln,ohdd2026qq76rrjy,hypodd,ohyp2026xap56fan,2025-07-31T11:16:49.420000Z,14.043632,-89.807715,4.292,1.8401,MLc,0.111,113,15,0.0285,0.0331,
eslv20267sm7qlpn,ohdd2026246nrnoi,hypodd,ohyp2026r4jcv2hy,2025-07-31T11:30:26.179999Z,14.105446,-89.889119,6.452,1.4054,MLc,0.296,282,8,0.0434,0.0447,
eslv2026s72vanwm,ohdd202672mxjw4s,hypodd,ohyp20262rdcsupb,2025-07-31T11:31:06.599999Z,14.037738,-89.822811,5.001,1.541,MLc,0.155,131,10,0.0247,0.0251,
eslv202657ze5nb7,ohdd2026v6npmopu,hypodd,ohyp2026zesh6enr,2025-07-31T11:37:15.509999Z,14.084619,-89.841138,6.481,0.9437,MLc,0.075,160,6,0.0234,0.0261,
eslv2026wzysigzu,ohdd2026h7d2nggw,hypodd,ohyp2026n6hrzkrw,2025-07-31T11:41:28.199999Z,14.018322,-89.858936,6.827,0.4956,MLc,0.096,241,6,0.0223,0.0273,
eslv2026kicxvxra,ohdd2026t2gfvh7y,hypodd,ohyp2026xlyu34aq,2025-07-31T11:46:40.130000Z,14.052808,-89.822567,8.422,2.6117,MLc,0.154,126,18,0.0226,0.0261,
eslv2026kvfoaeu4,ohdd2026talw4agn,hypodd,ohyp2026rrwmrswu,2025-07-31T11:48:15.339999Z,14.079379,-89.824333,7.635,1.4349,MLc,0.133,174,11,0.0327,0.0395,
eslv2026nrhjbij5,ohdd2026gutmovyf,hypodd,ohyp2026sshzb4al,2025-07-31T11:50:38.880000Z,13.956516,-89.841805,4.49,1.3324,MLc,0.251,158,9,0.0254,0.046,
eslv2026xh47kylh,ohdd2026gjk5ifwr,hypodd,ohyp20262y46nwqm,2025-07-31T11:55:36.880000Z,13.957651,-89.837915,9.166,0.8928,MLc,0.198,156,6,0.029,0.0256,
eslv202656pyfgg4,ohdd20265lyzxsx2,hypodd,ohyp2026rhut3xue,2025-07-31T11:57:22.289999Z,14.084836,-89.845215,6.575,1.2772,MLc,0.16,197,6,0.0324,0.0323,
eslv20264afhqrz6,ohdd20263xs5i72h,hypodd,ohyp2026mhxdh53n,2025-07-31T12:05:31.320000Z,14.048029,-89.813615,7.299,1.8066,MLc,0.121,140,8,0.025,0.022,
eslv2026kcbhhljb,ohdd2026xov7vg74,hypodd,ohyp2026h3xi326t,2025-07-31T12:06:56.539999Z,14.10363,-89.797575,7.284,1.2636,MLc,0.151,223,6,0.0278,0.0249,
eslv2026zsme2kc2,ohdd2026pxd3t4ib,hypodd,ohyp2026vaippisg,2025-07-31T12:16:53.679999Z,13.959701,-89.837313,8.803,1.4835,MLc,0.222,151,8,0.0209,0.0194,
eslv2026wcrvc7kj,ohdd2026h7p3nrhh,hypodd,ohyp2026a4h5ixu2,2025-07-31T12:18:51.909999Z,13.978934,-89.814421,2.13,2.1961,MLc,0.158,219,8,0.0477,0.0401,
eslv2026z6bclj6m,ohdd2026hmwpp6mq,hypodd,ohyp2026sp4vp6du,2025-07-31T12:20:06.950000Z,13.960585,-89.834871,9.09,1.7848,MLc,0.191,160,17,0.0155,0.0233,
eslv2026lbu73ae5,ohdd20262xjahqsd,hypodd,ohyp2026s7somfaj,2025-07-31T12:21:22.379999Z,14.079387,-89.822616,7.89,1.1345,MLc,0.122,156,6,0.0306,0.0298,
eslv2026ejpsw32s,ohdd20267ew6rbmy,hypodd,ohyp2026oscpztay,2025-07-31T12:29:08.300000Z,14.051427,-89.825423,5.063,1.907,MLc,0.132,125,10,0.0212,0.0373,
eslv2026nsxxrpra,ohdd2026mu7f5bmg,hypodd,ohyp2026r3k5iail,2025-07-31T12:30:22.730000Z,14.090193,-89.89471,5.201,1.7071,MLc,0.254,291,8,0.039,0.042,
eslv2026umkqn25w,ohdd20262wcah4ut,hypodd,ohyp2026ahyolgmj,2025-07-31T12:34:26.640000Z,14.048297,-89.821956,4.62,1.7415,MLc,0.14,120,8,0.0271,0.0239,
eslv2026y4znjykq,ohdd20264742xick,hypodd,ohyp2026q7ou5wi7,2025-07-31T13:00:29.600000Z,14.084668,-89.837565,7.228,1.3707,MLc,0.097,178,7,0.0279,0.0268,
eslv20264ynt3pkv,ohdd2026xkiqdshx,hypodd,ohyp2026x4l6s36f,2025-07-31T13:08:37.320000Z,14.095988,-89.849227,5.447,1.011,MLc,0.239,257,7,0.0404,0.0546,
eslv2026jqzhcsxv,ohdd2026xmftxe4s,hypodd,ohyp20262fzghncm,2025-07-31T13:19:49.090000Z,14.043717,-89.807747,4.482,2.0802,MLc,0.143,111,18,0.0283,0.0268,
eslv2026dn5ddyye,ohdd2026gx6uuecr,hypodd,ohyp2026no5ewmp5,2025-07-31T13:31:25.530000Z,14.10667,-89.862809,6.723,2.3307,MLc,0.182,274,19,0.0346,0.0261,
eslv2026bfzegd57,ohdd2026jxdkvdla,hypodd,ohyp2026b3j743ap,2025-07-31T13:31:59.920000Z,14.080578,-89.824495,8.363,1.2636,MLc,0.094,158,6,0.0231,0.0288,
eslv2026sbctqsu2,ohdd2026ltnk3oew,hypodd,ohyp2026vcmtxwil,2025-07-31T13:47:30.760000Z,14.083548,-89.8413,5.29,2.1425,MLc,0.186,152,9,0.044,0.0414,
eslv2026yy33js6z,ohdd20263rzaxiu3,hypodd,ohyp2026ewduwinf,2025-07-31T13:49:47.299999Z,14.041493,-89.82509,7.564,2.4844,MLc,0.148,131,20,0.0277,0.0367,
eslv2026apysfwae,ohdd20265wl72qwd,hypodd,ohyp2026wsbaus5a,2025-07-31T13:59:00.220000Z,14.100828,-89.85673,5.918,1.5062,MLc,0.207,246,7,0.0337,0.0337,
eslv2026jsonmqgk,ohdd2026chorwsga,hypodd,ohyp2026jobhfz2h,2025-07-31T14:02:38.240000Z,14.054015,-89.819832,5.286,,,0.172,141,9,0.029,0.0397,
eslv2026k3yiayvn,ohdd2026e7tzftgz,hypodd,ohyp2026thurrlxl,2025-07-31T14:12:11.009999Z,14.085186,-89.844246,6.567,0.9125,MLc,0.124,150,6,0.0257,0.0237,
eslv2026br5fdjvl,ohdd2026ueu4qpi2,hypodd,ohyp2026p342lldc,2025-07-31T14:17:55.039999Z,14.067286,-89.863501,4.366,1.5619,MLc,0.206,251,6,0.0444,0.0296,
eslv2026lrn33pkh,ohdd2026vcauvmfi,hypodd,ohyp2026empn7pkb,2025-07-31T14:31:15.750000Z,14.042002,-89.826831,6.973,1.5317,MLc,0.216,173,6,0.0311,0.0308,
eslv2026exlobuag,ohdd2026d3ugaqzj,hypodd,ohyp2026xt2kweg2,2025-07-31T15:01:19.800000Z,14.077281,-89.872493,5.767,0.8218,MLc,0.347,271,7,0.0534,0.0476,
eslv2026hxesvg2n,ohdd2026cbjyr3a6,hypodd,ohyp2026wn4huo3u,2025-07-31T15:03:38.079999Z,14.082042,-89.834904,6.631,1.1582,MLc,0.153,170,6,0.0238,0.0274,
eslv2026x74n2g2w,ohdd2026weeaoda5,hypodd,ohyp2026quqfdt6d,2025-07-31T15:09:13.269999Z,14.006805,-89.896517,2.482,0.9941,MLc,0.21,202,6,0.0317,0.0474,
eslv20263pr25unl,ohdd20264xztyktu,hypodd,ohyp2026ydu2dcm6,2025-07-31T15:13:02.140000Z,14.050055,-89.823861,8.295,2.1311,MLc,0.128,123,16,0.0259,0.0228,
eslv2026nxfb2t32,ohdd2026aoivh5cd,hypodd,ohyp2026hgw3d3ri,2025-07-31T15:23:00.310000Z,14.039575,-89.825545,6.387,1.7791,MLc,0.134,133,9,0.0306,0.0324,
eslv2026g3ocfym5,ohdd20266tqxjxyu,hypodd,ohyp2026i3tyilwm,2025-07-31T15:27:34.859999Z,14.106025,-89.861613,7,1.7315,MLc,0.206,259,9,0.0334,0.0304,
eslv2026ncihilzr,ohdd20263i25ukze,hypodd,ohyp2026hfzujuqs,2025-07-31T15:32:27.870000Z,14.043985,-89.818514,7.294,1.2375,MLc,0.151,152,6,0.0373,0.0283,
eslv2026ymnusgxk,ohdd2026vcyv2t5a,hypodd,ohyp2026khcbx4me,2025-07-31T15:52:57.270000Z,14.045928,-89.893986,8.959,0.4161,MLc,0.2,254,6,0.0908,0.1196,
eslv2026by2n7dp4,ohdd2026kxuyefle,hypodd,ohyp2026e4mqdetr,2025-07-31T16:14:43.329999Z,13.990284,-89.887557,8.478,1.7088,MLc,0.065,202,6,0.0265,0.0393,
eslv2026depknt3t,ohdd2026hd2eoz73,hypodd,ohyp2026g3cfw7ju,2025-07-31T16:15:49.030000Z,14.037291,-89.820557,4.264,2.1502,MLc,0.158,153,17,0.0314,0.0305,
eslv2026lp4r476k,ohdd2026irs7ncqc,hypodd,ohyp2026k42q2qtp,2025-07-31T16:35:33.039999Z,14.078379,-89.821647,7.074,1.4555,MLc,0.111,167,7,0.0278,0.0375,
eslv20267yvpcmag,ohdd20265t6x7e66,hypodd,ohyp2026stcsdlyf,2025-07-31T16:38:35.609999Z,14.038191,-89.818709,4.582,1.5222,MLc,0.167,149,7,0.0327,0.0286,
eslv2026yumi6rkh,ohdd2026lbet5w6v,hypodd,ohyp2026muoo346r,2025-07-31T16:40:52.329999Z,14.012113,-89.790234,8.724,1.5528,MLc,0.199,152,10,0.0373,0.0388,
eslv2026qqu2wdgn,ohdd2026ezy4uncl,hypodd,ohyp2026kph6xpaa,2025-07-31T16:41:17.859999Z,14.081695,-89.824251,8.243,1.2681,MLc,0.383,263,7,0.0267,0.0265,
eslv2026invakouf,ohdd2026axwiwcbo,hypodd,ohyp2026lhzgmjut,2025-07-31T16:49:18.480000Z,14.043423,-89.806681,3.809,1.373,MLc,0.098,116,9,0.029,0.0319,
eslv2026r6epkomb,ohdd2026fk53jqzi,hypodd,ohyp2026abz4mbqn,2025-07-31T16:53:10.050000Z,14.07921,-89.825326,7.684,1.9676,MLc,0.18,172,13,0.032,0.0381,
eslv20263uvztrp7,ohdd2026iyjlpdob,hypodd,ohyp2026p5yikwij,2025-07-31T16:55:50.109999Z,14.073218,-89.866463,4.986,1.5559,MLc,0.182,221,11,0.0309,0.0249,
eslv2026jeuqgjk4,ohdd2026pqspkw43,hypodd,ohyp2026lk7f4pvx,2025-07-31T16:59:37.460000Z,14.045544,-89.809326,4.941,,,0.1,116,7,0.021,0.0507,
eslv2026q77gqehu,ohdd20267pvomp2c,hypodd,ohyp2026jhxtixqz,2025-07-31T17:00:16.039999Z,14.060711,-89.812085,3.704,0.6151,MLc,0.15,190,6,0.0268,0.0316,
eslv2026ogmoiohv,ohdd2026eso7f375,hypodd,ohyp2026vvn2o3g3,2025-07-31T17:06:57.340000Z,14.109117,-89.793774,5.463,2.4758,MLc,0.121,217,6,0.0384,0.0546,
eslv2026dol5ok3w,ohdd2026mipku3zx,hypodd,ohyp2026de7omrdz,2025-07-31T17:18:56.899999Z,14.046086,-89.81123,4.668,1.7883,MLc,0.24,138,14,0.0344,0.0377,
eslv2026palil7wt,ohdd2026imbeuxea,hypodd,ohyp2026276wqdsg,2025-07-31T17:21:35.039999Z,14.122975,-89.894368,6.618,1.7377,MLc,0.22,280,6,0.0444,0.0402,
eslv2026osasls4s,ohdd2026psosu2cs,hypodd,ohyp2026tabjx7ot,2025-07-31T17:23:18.800000Z,14.079146,-89.827222,9.071,1.5294,MLc,0.241,145,8,0.0413,0.0317,
eslv2026yibvtax6,ohdd2026t233kdgu,hypodd,ohyp20267qu7iyke,2025-07-31T17:24:28.980000Z,14.105688,-89.857406,5.925,2.0376,MLc,0.254,274,12,0.0352,0.0273,
eslv2026x6zmvxfj,ohdd2026izfqx375,hypodd,ohyp2026vkdi6wpt,2025-07-31T17:25:20.699999Z,14.080891,-89.824569,8.666,1.6074,MLc,0.184,153,6,0.027,0.0279,
eslv2026xegsk6an,ohdd2026d7jqtt3t,hypodd,ohyp2026wo676zza,2025-07-31T17:29:32.280000Z,14.08035,-89.826847,9.397,0.9926,MLc,0.324,142,6,0.0376,0.0383,
eslv20262xpy5q7t,ohdd2026ideyvpcu,hypodd,ohyp2026hzr64hzk,2025-07-31T17:32:10.560000Z,14.10383,-89.884912,6.065,1.4623,MLc,0.202,297,6,0.0362,0.0377,
eslv2026idus3vyu,ohdd2026wgrhcwtc,hypodd,ohyp2026rhiqnqu2,2025-07-31T17:35:31.800000Z,14.038995,-89.817952,4.212,1.9295,MLc,0.135,132,8,0.0272,0.0304,
eslv2026x7tvgegm,ohdd2026zijyyxcx,hypodd,ohyp2026azdzzbmn,2025-07-31T17:37:39.700000Z,14.07049,-89.856714,4.316,1.8694,MLc,0.16,175,12,0.0286,0.0178,
eslv2026vslx5hxc,ohdd2026c3kfml6k,hypodd,ohyp2026amamdbiw,2025-07-31T17:47:18.820000Z,14.102247,-89.873983,6.027,1.4762,MLc,0.302,274,6,0.0446,0.0441,
eslv2026nmlvd7rn,ohdd2026lognoz2y,hypodd,ohyp2026i5presdw,2025-07-31T17:47:57.280000Z,14.087121,-89.845337,7.139,1.5122,MLc,0.092,164,6,0.0257,0.0248,
eslv2026k6ihq2wt,ohdd2026jjpb2sgc,hypodd,ohyp20262usokmkh,2025-07-31T17:49:04.099999Z,14.050311,-89.824382,8.249,1.2337,MLc,0.1,144,6,0.0303,0.0293,
eslv2026g6cghdau,ohdd20263zfhcncj,hypodd,ohyp2026pfyfltus,2025-07-31T18:21:48.700000Z,14.03826,-89.821004,4.766,0.927,MLc,0.137,152,6,0.0345,0.0345,
eslv2026viz3zzk4,ohdd2026k54eyme2,hypodd,ohyp2026ulnx6snp,2025-07-31T18:31:36.280000Z,14.062792,-89.829606,9.61,0.7762,MLc,0.12,130,6,0.0364,0.0262,
eslv2026v2uzy4y6,ohdd20262yk6ez4s,hypodd,ohyp2026su7cbeso,2025-07-31T18:59:25.500000Z,14.038031,-89.819263,4.653,1.8202,MLc,0.371,135,9,0.0309,0.0344,
eslv2026oandmdwl,ohdd20267f3qqmsb,hypodd,ohyp2026truimoyt,2025-07-31T19:07:37.000000Z,14.055122,-89.788818,2.367,0.9262,MLc,0.152,195,7,0.0266,0.0396,
eslv2026fkarqh6x,ohdd2026rnncjqbd,hypodd,ohyp20262hwhebb5,2025-07-31T19:09:52.159999Z,14.043867,-89.807471,4.188,1.9701,MLc,0.103,116,13,0.0277,0.0326,
eslv2026yi5g2tnf,ohdd2026vvidherh,hypodd,ohyp2026ud5df3ei,2025-07-31T19:25:35.039999Z,14.066652,-89.812679,3.009,1.2981,MLc,0.133,129,6,0.028,0.0428,
eslv20265ey4ayi3,ohdd20265zoxwa5i,hypodd,ohyp20264sthupdc,2025-07-31T19:54:05.540000Z,14.083033,-89.839819,5.965,1.9917,MLc,0.104,172,6,0.021,0.0267,
eslv2026qpf2iwij,ohdd20264xwrtysc,hypodd,ohyp20264x6r6qvc,2025-07-31T19:55:44.280000Z,14.086097,-89.846232,6.823,2.4373,MLc,0.095,166,18,0.0211,0.027,
eslv2026elnf22ks,ohdd20267qmqfmbj,hypodd,ohyp2026ua3muzfh,2025-07-31T20:00:32.820000Z,14.087828,-89.840568,6.483,1.0044,MLc,0.138,174,6,0.0425,0.0291,
eslv2026f2ht2npx,ohdd2026shiehhvx,hypodd,ohyp2026vm3kq4y7,2025-07-31T20:01:53.200000Z,14.083659,-89.84445,6.479,3.0775,MLc,0.096,165,21,0.0245,0.03,
eslv2026owpt3mbq,ohdd2026xvfn7jvd,hypodd,ohyp2026kayhwsq3,2025-07-31T20:07:20.280000Z,14.052918,-89.909733,5.109,0.7156,MLc,0.188,267,7,0.0063,0.0087,
eslv20267nimufkf,ohdd2026pojsnzze,hypodd,ohyp2026xoijchxj,2025-07-31T20:12:19.160000Z,14.01422,-89.832935,4.591,1.3599,MLc,0.292,196,7,0.0215,0.0244,
eslv2026bd5mbsrc,ohdd202667euhhcu,hypodd,ohyp2026fqskcgjq,2025-07-31T20:15:35.000000Z,14.03745,-89.821745,4.614,2.0658,MLc,0.15,133,14,0.0286,0.0307,
eslv20262l3uuzct,ohdd2026kczdewdj,hypodd,ohyp2026itnljvli,2025-07-31T20:16:01.480000Z,14.027371,-89.869328,10.504,1.1547,MLc,0.126,159,7,0.0462,0.0449,
eslv2026kryofpm4,ohdd2026gwqwlbif,hypodd,ohyp2026d6rqqr63,2025-07-31T20:54:53.240000Z,14.078133,-89.823486,8.027,0.9254,MLc,0.086,163,6,0.0194,0.0247,
eslv2026omj4rvb4,ohdd202664ubkz2d,hypodd,ohyp2026fxo3ms7t,2025-07-31T20:59:03.700000Z,14.100444,-89.86084,6.018,,,0.215,253,10,0.0332,0.0349,
eslv20267pv7vt5f,ohdd2026vqm5ujpd,hypodd,ohyp2026az3gxl4h,2025-07-31T21:08:48.960000Z,14.100671,-89.856934,6.689,1.5217,MLc,0.153,210,7,0.0312,0.0288,
eslv2026shfumm7x,ohdd2026ugjh3oee,hypodd,ohyp2026mjo2jrmm,2025-07-31T21:12:07.379999Z,14.085662,-89.836711,7.042,1.0871,MLc,0.136,197,6,0.0246,0.0294,
eslv2026y7ckwhn7,ohdd2026g5a67ss6,hypodd,ohyp2026ta64ijiq,2025-07-31T21:13:11.560000Z,14.049972,-89.822168,7.476,0.9288,MLc,0.204,212,6,0.0284,0.027,
eslv2026dju7u43r,ohdd2026rirbr3ic,hypodd,ohyp2026ojzxdrtp,2025-07-31T21:15:15.119999Z,14.085216,-89.84519,6.225,2.0438,MLc,0.148,144,6,0.0353,0.0469,
eslv2026gpa5oqsz,ohdd2026oirykie6,hypodd,ohyp2026zdmqnwva,2025-07-31T21:18:00.440000Z,14.07528,-89.828442,4.698,1.4401,MLc,0.186,169,6,0.0381,0.0313,
eslv2026n7tvmf37,ohdd2026klo4646j,hypodd,ohyp2026nmxr7zvw,2025-07-31T21:25:38.600000Z,14.103174,-89.878451,5.515,1.0722,MLc,0.264,294,6,0.0382,0.0354,
eslv2026x72ux4di,ohdd2026y4ryzdrv,hypodd,ohyp20265p7qhjfw,2025-07-31T21:49:24.320000Z,14.04246,-89.82286,6.809,2.0271,MLc,0.182,126,18,0.0324,0.0324,
eslv2026jybuk3rv,ohdd2026gzivoktv,hypodd,ohyp2026cbvn6cyv,2025-07-31T22:06:42.159999Z,14.087841,-89.847974,7.538,0.9785,MLc,0.111,167,6,0.0302,0.0324,
eslv2026kwsaje5s,ohdd2026ojp24eak,hypodd,ohyp2026xixsdvyn,2025-07-31T22:29:31.199999Z,14.086151,-89.844344,6.899,1.2722,MLc,0.102,172,9,0.0207,0.0244,
eslv2026lxpt6kri,ohdd20262mzfk7j3,hypodd,ohyp20264hrm5psj,2025-07-31T22:34:51.340000Z,14.031481,-89.908797,1.904,0.9832,MLc,0.197,234,6,0.0257,0.0417,
eslv2026z7gh2lka,ohdd2026krlnefbu,hypodd,ohyp2026ab5sogps,2025-07-31T22:37:17.760000Z,14.015009,-89.783879,7.666,1.7047,MLc,0.285,151,8,0.0371,0.0242,
eslv2026khda3j53,ohdd20267csdezcs,hypodd,ohyp20262hq5sfac,2025-07-31T22:50:27.620000Z,14.082958,-89.835685,6.67,1.8261,MLc,0.103,171,12,0.0245,0.0291,
eslv2026vwsrd6cv,ohdd2026ck7gvouh,hypodd,ohyp2026sfnedsx7,2025-07-31T23:13:57.960000Z,14.080934,-89.823372,8.399,1.1681,MLc,0.13,156,7,0.0239,0.0289,
eslv20263o73ivbi,ohdd20266f4cy7jb,hypodd,ohyp2026zmxm4j3m,2025-07-31T23:32:28.800000Z,14.029558,-89.88339,2.896,0.8699,MLc,0.147,251,6,0.0464,0.0385,
eslv20265cofh52p,ohdd2026aowmevnh,hypodd,ohyp2026klg2ekhe,2025-07-31T23:34:54.659999Z,14.054501,-89.825163,4.034,1.6722,MLc,0.114,131,8,0.0266,0.0277,
eslv2026te5gsj5i,ohdd2026ajmfpnsc,hypodd,ohyp2026c4d4oby4,2025-07-31T23:35:35.479999Z,14.105208,-89.834204,2.38,0.8076,MLc,0.055,297,6,0.029,0.031,
eslv2026tw3fiiob,ohdd2026p3eyq72c,hypodd,ohyp2026g7x72nox,2025-07-31T23:39:39.619999Z,14.038368,-89.820361,4.361,1.3746,MLc,0.29,148,7,0.0375,0.0347,
eslv2026mnhvimnm,ohdd2026rrymhmv2,hypodd,ohyp2026rulfhz5y,2025-07-31T23:45:08.199999Z,14.042536,-89.822754,6.314,1.7414,MLc,0.105,163,9,0.0265,0.0241,
eslv2026o2xpgoqe,ohdd2026rvpxf7yc,hypodd,ohyp2026ultakejp,2025-08-01T00:18:03.549999Z,14.077428,-89.832902,5.151,2.0929,MLc,0.254,171,10,0.0288,0.0389,
eslv2026wwddcgpo,ohdd2026j65bzks6,hypodd,ohyp2026d3yjzuhx,2025-08-01T00:28:57.189999Z,14.082483,-89.835311,6.312,2.3579,MLc,0.153,180,18,0.0246,0.029,
eslv20265bypanxe,ohdd2026uljkp2jg,hypodd,ohyp2026fu5htpez,2025-08-01T01:01:30.949999Z,14.084415,-89.847111,6.749,0.7812,MLc,0.184,156,6,0.0273,0.0234,
eslv2026fhuehcxb,ohdd20266clkc66k,hypodd,ohyp2026kg2ltdlx,2025-08-01T01:03:45.670000Z,14.128861,-89.816895,4.262,1.4422,MLc,0.036,252,6,0.0088,0.0134,
eslv20266jwxts5f,ohdd2026fq7hvp6y,hypodd,ohyp20262lsw4k67,2025-08-01T01:07:51.820000Z,14.079933,-89.824512,8.478,1.5439,MLc,0.095,161,9,0.0225,0.028,
eslv2026bixjka7e,ohdd2026gzizx5x5,hypodd,ohyp2026hxqkjktj,2025-08-01T01:15:12.710000Z,14.102083,-89.854191,6.316,1.9003,MLc,0.14,214,6,0.0317,0.0265,
eslv2026hf6vywrz,ohdd20264rzo5qei,hypodd,ohyp2026s6hhglrt,2025-08-01T01:22:33.469999Z,14.109698,-89.87465,5.827,1.9292,MLc,0.197,296,6,0.027,0.0323,
eslv2026oj5udklz,ohdd2026layy4ota,hypodd,ohyp20264wghrwof,2025-08-01T02:14:49.359999Z,14.039408,-89.831942,7.274,1.36,MLc,0.157,136,8,0.0296,0.0302,
eslv2026hlmu6cwx,ohdd2026m2zqhtc4,hypodd,ohyp2026eldubdcd,2025-08-01T02:18:45.880000Z,14.036692,-89.821313,4.54,1.701,MLc,0.137,127,11,0.0319,0.0279,
eslv20263topfhqe,ohdd2026mpaazt43,hypodd,ohyp2026ojggdn32,2025-08-01T02:19:49.590000Z,14.03747,-89.821655,4.481,1.6887,MLc,0.093,130,7,0.0306,0.0297,
eslv2026lbmysbm7,ohdd2026vknktols,hypodd,ohyp2026k6y3xfqi,2025-08-01T02:20:58.060000Z,14.084972,-89.837118,8.637,1.2915,MLc,0.214,267,6,0.0398,0.0361,
eslv2026tcpfb6yb,ohdd20262chbsac3,hypodd,ohyp2026useuqol7,2025-08-01T02:23:07.269999Z,13.974343,-89.794458,9.521,1.1885,MLc,0.045,240,6,0.0575,0.0516,
eslv2026ndulbp5a,ohdd2026qrdxnexf,hypodd,ohyp2026j3yzbld6,2025-08-01T02:26:10.119999Z,14.080781,-89.823787,8.142,1.1119,MLc,0.127,173,8,0.0271,0.0288,
eslv2026klftwomm,ohdd2026kxurth3s,hypodd,ohyp2026b5hpvyxj,2025-08-01T02:26:32.899999Z,13.959087,-89.833789,9.243,1.7908,MLc,0.248,157,15,0.0156,0.0232,
eslv20263cin2lxb,ohdd2026quoffsfn,hypodd,ohyp2026yfkyi2cq,2025-08-01T02:29:00.250000Z,13.986058,-89.800358,1.91,1.5641,MLc,0.254,157,8,0.0106,0.0131,
eslv2026u5mup2q6,ohdd2026dxxlovzz,hypodd,ohyp2026j7ulsvrm,2025-08-01T02:29:09.939999Z,14.083381,-89.845304,6.703,2.4954,MLc,0.14,159,14,0.023,0.0294,
eslv2026pu3mjetm,ohdd2026fojdgzab,hypodd,ohyp2026fyl6lix6,2025-08-01T02:34:05.049999Z,14.083188,-89.843872,6.789,0.8041,MLc,0.126,147,6,0.0211,0.025,
eslv2026nqmfvsuk,ohdd20262xkly4v3,hypodd,ohyp2026pddj6hrp,2025-08-01T02:34:17.449999Z,14.058396,-89.827311,4.469,1.8396,MLc,0.145,133,17,0.0288,0.0283,
eslv20264gyxohtz,ohdd2026pv5wm4vm,hypodd,ohyp2026iqteqyhm,2025-08-01T02:38:02.040000Z,14.078529,-89.82286,7.819,1.4138,MLc,0.169,182,7,0.028,0.0296,
eslv2026ivzpuyvm,ohdd2026xghw4ui5,hypodd,ohyp2026fhat5ygn,2025-08-01T02:39:54.710000Z,14.069713,-89.856291,4.231,1.2217,MLc,0.2,140,8,0.0293,0.0205,
eslv2026c5nckifn,ohdd2026iitwuzqe,hypodd,ohyp2026fm6oeppi,2025-08-01T02:40:52.659999Z,14.022036,-89.935905,3.77,0.7514,MLc,0.28,274,6,0.0797,0.1196,
eslv202643bdpod3,ohdd2026hij455f6,hypodd,ohyp20262miwpdy5,2025-08-01T02:41:09.240000Z,14.085558,-89.833366,7.005,1.2889,MLc,0.178,175,7,0.0321,0.0393,
eslv2026gizkypm2,ohdd2026vomqqrog,hypodd,ohyp20265dzkntxs,2025-08-01T02:47:44.009999Z,14.085935,-89.843538,6.578,0.7058,MLc,0.152,149,6,0.0231,0.0234,
eslv2026yyqd4xjj,ohdd20265wqhnrwr,hypodd,ohyp2026uwpduop7,2025-08-01T02:57:11.619999Z,14.040254,-89.822355,5.7,1.5502,MLc,0.263,144,14,0.0333,0.0453,
eslv2026gdpf26g2,ohdd2026y4afylrv,hypodd,ohyp20265xtj4tyx,2025-08-01T03:00:37.320000Z,14.031475,-89.834546,4.89,0.7462,MLc,0.127,210,6,0.0317,0.026,
eslv2026ss2qep2r,ohdd2026h3u3zsgm,hypodd,ohyp20265zqjnpkp,2025-08-01T03:01:42.810000Z,14.089779,-89.801685,1.442,0.8972,MLc,0.441,255,7,0.0101,0.0205,
eslv2026xicylur7,ohdd2026luxf6ofc,hypodd,ohyp2026m2n7pw26,2025-08-01T03:10:03.520000Z,13.967778,-89.798877,10.704,1.5981,MLc,0.189,154,10,0.0334,0.0268,
eslv2026p23goij3,ohdd2026vfip5etw,hypodd,ohyp20267b6vbdn5,2025-08-01T03:14:50.759999Z,14.084877,-89.836434,6.995,1.6278,MLc,0.136,168,11,0.031,0.0262,
eslv20263jfjs6u5,ohdd20265qxkglem,hypodd,ohyp2026rq4iqo7d,2025-08-01T03:15:57.659999Z,14.079082,-89.822884,7.676,1.277,MLc,0.072,163,8,0.024,0.0232,
eslv2026c6wosuzu,ohdd2026wke54gab,hypodd,ohyp2026gsrof6j6,2025-08-01T03:28:04.860000Z,13.955746,-89.843001,4.78,1.7289,MLc,0.23,155,14,0.0251,0.0244,
eslv2026lyz3gzru,ohdd2026r7a55hcj,hypodd,ohyp2026ybau7rfg,2025-08-01T03:41:50.659999Z,14.040286,-89.825854,5.577,1.1655,MLc,0.186,146,8,0.0309,0.0413,
eslv2026e7flrgc5,ohdd2026mpjxyqjz,hypodd,ohyp2026b652urqx,2025-08-01T03:43:57.689999Z,14.038146,-89.816317,8.639,1.134,MLc,0.159,166,8,0.0448,0.0387,
eslv2026cfogocos,ohdd2026m3pcvevw,hypodd,ohyp2026q727sa6n,2025-08-01T03:45:20.370000Z,13.959462,-89.837378,8.865,1.6489,MLc,0.226,197,8,0.019,0.0252,
eslv2026lcnhsv6u,ohdd2026chosldeq,hypodd,ohyp2026ogdibtyc,2025-08-01T04:01:07.190000Z,14.097831,-89.873494,5.824,2.9521,MLc,0.215,272,20,0.0324,0.0328,
eslv2026gbt7so7b,ohdd20266xsed5lu,hypodd,ohyp2026f63klkho,2025-08-01T04:09:51.679999Z,14.040622,-89.825,6.757,1.0557,MLc,0.159,156,6,0.0312,0.0314,
eslv2026mwwweeac,ohdd2026gwg6qahg,hypodd,ohyp2026xer4q5cz,2025-08-01T04:14:20.980000Z,14.037839,-89.820581,4.527,1.119,MLc,0.234,150,6,0.026,0.0316,
eslv2026nt727yyt,ohdd2026hhxkkc6o,hypodd,ohyp2026rldu3tij,2025-08-01T04:19:20.050000Z,14.078783,-89.821191,7.209,1.2763,MLc,0.137,164,8,0.0273,0.0221,
eslv2026rub236u5,ohdd2026l73yzm3n,hypodd,ohyp20264ma6asqx,2025-08-01T04:20:32.850000Z,14.055897,-89.828923,4.096,0.9813,MLc,0.192,144,6,0.0356,0.0519,
eslv2026mngud7e4,ohdd2026cvr2geur,hypodd,ohyp2026dnopiz7a,2025-08-01T04:22:45.329999Z,14.041592,-89.918392,2.321,0.9204,MLc,0.146,271,7,0.0227,0.0342,
eslv2026wjclh4tj,ohdd2026vr6cszm5,hypodd,ohyp2026pvi3eaky,2025-08-01T04:25:04.179999Z,14.099892,-89.8837,5.884,1.399,MLc,0.245,314,10,0.0457,0.0354,
eslv2026uijhdeuq,ohdd2026cnqhbc7y,hypodd,ohyp2026id4q5nqb,2025-08-01T04:34:18.469999Z,14.086598,-89.855396,5.491,1.2738,MLc,0.352,259,10,0.0433,0.037,
eslv2026yepmtgat,ohdd2026fpjsoro6,hypodd,ohyp2026ufggxfed,2025-08-01T04:37:22.910000Z,14.051627,-89.836157,4.06,1.682,MLc,0.229,155,15,0.035,0.0345,
eslv2026342tgrys,ohdd2026xjonphun,hypodd,ohyp2026idu3q2ld,2025-08-01T04:39:57.579999Z,14.059003,-89.841211,3.786,2.2626,MLc,0.165,137,20,0.0263,0.0385,
eslv2026yynfznsu,ohdd2026y2vq5kyc,hypodd,ohyp2026utua4heg,2025-08-01T04:43:29.579999Z,14.05814,-89.839396,3.396,2.0343,MLc,0.152,134,18,0.0227,0.0353,
eslv2026ojybjdo6,ohdd2026wqouhr6y,hypodd,ohyp2026rcua7ajs,2025-08-01T04:47:30.410000Z,14.076767,-89.83431,9.777,1.6534,MLc,0.392,150,12,0.0852,0.1129,
eslv20267fepmamj,ohdd2026zhzgvmxe,hypodd,ohyp2026zcn2z4oi,2025-08-01T04:48:45.789999Z,14.053646,-89.842489,5.483,1.7114,MLc,0.146,149,14,0.035,0.0354,
eslv2026sa62u7bh,ohdd2026axdfpjnq,hypodd,ohyp2026nke6hfzk,2025-08-01T04:59:32.780000Z,14.042304,-89.896541,6.241,1.0917,MLc,0.001,215,8,0.0114,0.0105,
eslv20266xlmevgc,ohdd20263ngewpj7,hypodd,ohyp2026bwwuvcqo,2025-08-01T05:05:46.530000Z,14.01275,-89.789795,8.307,1.6567,MLc,0.211,113,18,0.0138,0.0227,
eslv2026qk23wqxk,ohdd2026lxa3qgzt,hypodd,ohyp2026tmwmnikn,2025-08-01T05:06:21.000000Z,13.955212,-89.844653,4.597,0.9924,MLc,0.21,162,7,0.0233,0.0173,
eslv2026xayp7grh,ohdd2026rffapafr,hypodd,ohyp2026opftpfqm,2025-08-01T05:13:54.829999Z,14.087414,-89.845605,6.859,0.9411,MLc,0.139,170,8,0.0273,0.026,
eslv2026yhfmkt5i,ohdd2026lqvx75se,hypodd,ohyp2026zv4ec6gc,2025-08-01T05:19:00.590000Z,14.069371,-89.892358,10.62,0.9167,MLc,0.117,271,6,0.0393,0.0348,
eslv2026vnlonbwh,ohdd2026trvonxlp,hypodd,ohyp2026mmpjaahj,2025-08-01T05:22:44.950000Z,14.04635,-89.818848,7.264,2.1819,MLc,0.176,119,18,0.0257,0.0336,
eslv2026t2py7su2,ohdd2026avujt7nw,hypodd,ohyp2026vzbka4me,2025-08-01T05:49:40.570000Z,13.951989,-89.844393,5.116,0.9162,MLc,0.251,224,6,0.0177,0.0363,
eslv2026zrlctcbs,ohdd20262bzdqmpy,hypodd,ohyp20267ztdd22u,2025-08-01T05:51:24.940000Z,14.053837,-89.830314,4.024,1.2446,MLc,0.193,204,7,0.0661,0.0544,
eslv2026hgc2xg5h,ohdd20263dz2xbvp,hypodd,ohyp20264mpxrd3s,2025-08-01T05:54:37.140000Z,14.040355,-89.814071,4.555,0.9071,MLc,0.149,162,11,0.034,0.039,
eslv2026pejj7caz,ohdd2026zo3rgtzi,hypodd,ohyp2026yfmdk67j,2025-08-01T06:06:48.820000Z,13.956539,-89.832756,12.516,1.3632,MLc,0.243,157,14,0.0401,0.0454,
eslv2026o66f6zzu,ohdd2026yyafuua4,hypodd,ohyp2026kkavruob,2025-08-01T06:08:32.469999Z,14.109097,-89.862915,6.665,1.8843,MLc,0.206,274,19,0.0344,0.0269,
eslv2026cjpiwjgf,ohdd2026tsdy2dgw,hypodd,ohyp2026aigxrxzl,2025-08-01T06:14:01.389999Z,13.991484,-89.807259,19.873,1.3057,MLc,0.112,166,8,1.1736,1.0141,
eslv2026ogk5cyne,ohdd2026oaypmney,hypodd,ohyp2026uxmv2dvb,2025-08-01T06:25:51.219999Z,14.044671,-89.826375,4.145,1.7953,MLc,0.249,135,18,0.0353,0.0474,
eslv20264xmnymmc,ohdd2026ozl6orrg,hypodd,ohyp2026ul7evrmc,2025-08-01T06:26:35.460000Z,14.082547,-89.838127,6.115,1.2473,MLc,0.148,166,7,0.0272,0.0289,
eslv2026axevwnv7,ohdd20262knrydcg,hypodd,ohyp2026hde37n3f,2025-08-01T06:28:28.559999Z,14.038044,-89.751221,13.277,0.7221,MLc,0.094,167,6,0.026,0.0244,
eslv2026pukmvudj,ohdd2026sgq42gx6,hypodd,ohyp2026zpqhr7hc,2025-08-01T06:30:54.619999Z,14.017792,-89.792074,4.013,1.4529,MLc,0.21,152,9,0.0296,0.0382,
eslv2026ma7dgcpl,ohdd2026sqqq7ayb,hypodd,ohyp2026ldow2564,2025-08-01T06:31:01.970000Z,14.01281,-89.791886,8.256,2.1436,MLc,0.208,110,19,0.033,0.0401,
eslv2026otgivzzc,ohdd2026j6pmllgn,hypodd,ohyp2026m3bravme,2025-08-01T06:42:28.649999Z,14.103306,-89.886873,6.006,1.3107,MLc,0.22,282,11,0.0534,0.0404,
eslv2026ipfd53my,ohdd2026lehuqzts,hypodd,ohyp2026a4cqsxak,2025-08-01T06:45:20.329999Z,14.043699,-89.806787,4.387,1.0269,MLc,0.176,174,10,0.0292,0.0278,
eslv20264faucszi,ohdd2026zy5zgyed,hypodd,ohyp2026uoq7zq7m,2025-08-01T06:45:53.429999Z,14.036251,-89.821916,4.345,0.8855,MLc,0.194,147,7,0.0311,0.0327,
eslv2026swjwqas4,ohdd2026owp74icp,hypodd,ohyp2026n4hjj6v3,2025-08-01T06:46:03.859999Z,14.038564,-89.825049,5.599,1.577,MLc,0.134,132,14,0.0297,0.0294,
eslv20266g2lxde4,ohdd2026oswqsxsn,hypodd,ohyp2026taih2fgn,2025-08-01T06:55:32.780000Z,14.045724,-89.811711,5.73,2.3164,MLc,0.123,121,18,0.0256,0.0376,
eslv2026mgj5qiia,ohdd2026guqxxxqm,hypodd,ohyp2026ydgnamf6,2025-08-01T06:58:31.010000Z,14.060851,-89.830111,5.047,1.6748,MLc,0.23,142,16,0.0315,0.0393,
eslv2026moxpq4yt,ohdd2026iytmbztm,hypodd,ohyp20263ue34wiw,2025-08-01T06:59:50.009999Z,14.093754,-89.891829,5.699,0.9034,MLc,0.297,333,7,0.0311,0.037,
eslv2026okoa7z62,ohdd2026e4cy3pcl,hypodd,ohyp2026ogrbbdjc,2025-08-01T07:01:40.520000Z,14.044946,-89.823665,7.265,2.5254,MLc,0.134,129,19,0.0261,0.0311,
eslv2026wueckoqh,ohdd2026rakeoidi,hypodd,ohyp20266f232twz,2025-08-01T07:03:30.960000Z,14.047885,-89.822632,7.228,1.4086,MLc,0.141,127,17,0.0246,0.0333,
eslv20262c2kexxa,ohdd2026gexurwox,hypodd,ohyp2026hspmve23,2025-08-01T07:05:13.220000Z,14.036494,-89.823674,4.613,1.322,MLc,0.158,154,11,0.029,0.0247,
eslv2026q4ygna4r,ohdd2026fj5yp6wy,hypodd,ohyp2026qqe63ju2,2025-08-01T07:06:06.070000Z,14.014903,-89.78877,7.933,0.9412,MLc,0.259,154,6,0.0241,0.023,
eslv2026jz37yrd2,ohdd2026j5yem5pq,hypodd,ohyp20264qsrezk6,2025-08-01T07:07:05.719999Z,14.010174,-89.842334,5.721,0.2288,MLc,0.234,155,6,0.0191,0.0403,
eslv2026uv3s2wkm,ohdd2026myk2imdk,hypodd,ohyp20265dwc24ia,2025-08-01T07:09:50.759999Z,13.954296,-89.843384,4.876,1.3284,MLc,0.219,162,16,0.0189,0.0172,
eslv2026yiqzxn62,ohdd2026pusia5lm,hypodd,ohyp20262g4gqu25,2025-08-01T07:11:10.089999Z,13.910572,-89.801066,5.009,0.944,MLc,0.116,152,13,0.0368,0.0356,
eslv2026zxjbgwdr,ohdd2026jasllw7h,hypodd,ohyp2026it2zprll,2025-08-01T07:13:08.669999Z,13.957736,-89.840129,4.656,0.8971,MLc,0.206,165,7,0.0226,0.0277,
eslv2026q74bhjan,ohdd2026ue5iwrev,hypodd,ohyp2026c4wep2ir,2025-08-01T07:20:41.420000Z,14.059423,-89.834424,5.349,0.9177,MLc,0.356,226,6,0.0584,0.0474,
eslv20266vexqkxg,ohdd2026zlu3wdwp,hypodd,ohyp2026dycomwsu,2025-08-01T07:26:40.939999Z,14.079471,-89.823096,7.886,0.7801,MLc,0.093,169,10,0.024,0.0252,
eslv2026wjg2symf,ohdd2026b4oe7vwo,hypodd,ohyp2026jewlktt5,2025-08-01T07:27:48.689999Z,14.02096,-89.872355,6.307,1.7886,MLc,0.354,153,14,0.0227,0.032,
eslv2026stdlp33g,ohdd2026t5i23up2,hypodd,ohyp2026dnn6ppai,2025-08-01T07:28:01.290000Z,14.045876,-89.823633,7.023,1.9665,MLc,0.12,160,10,0.0298,0.0294,
eslv20263rzvbtwy,ohdd20262tiewo6v,hypodd,ohyp202635yxflma,2025-08-01T07:35:08.720000Z,14.059858,-89.811922,9.128,1.2641,MLc,0.179,254,6,0.0391,0.0398,
eslv2026va5sdsct,ohdd2026zanzumgl,hypodd,ohyp2026bzimyxjk,2025-08-01T07:44:12.220000Z,14.037118,-89.819458,4.674,1.3592,MLc,0.256,119,14,0.0471,0.0493,
eslv2026oi5lsmys,ohdd2026xts3fvrx,hypodd,ohyp2026ztn2zdbr,2025-08-01T07:45:47.789999Z,14.10037,-89.85638,6.27,1.2885,MLc,0.206,268,8,0.0356,0.0364,
eslv2026ilu3ftnj,ohdd2026m2uyfovq,hypodd,ohyp2026zu5xctf2,2025-08-01T07:47:53.590000Z,14.012572,-89.78859,9.114,0.9734,MLc,0.208,145,9,0.0183,0.0256,
eslv2026zth4x6wi,ohdd20265t2srvtj,hypodd,ohyp2026hwtuvzd6,2025-08-01T08:02:21.250000Z,14.043902,-89.825472,7.258,1.3362,MLc,0.127,131,10,0.0264,0.0274,
eslv2026tlpuzib3,ohdd2026n4bvpkuy,hypodd,ohyp2026mclraxcb,2025-08-01T08:10:11.089999Z,14.042619,-89.824316,7.37,1.5167,MLc,0.145,126,17,0.0286,0.0293,
eslv2026vhvrpxdu,ohdd2026ipy2if7c,hypodd,ohyp2026hwjhlqas,2025-08-01T08:11:25.050000Z,14.06785,-89.843604,6.081,0.7092,MLc,0.183,165,7,0.0871,0.0323,
eslv20262wuzrkkg,ohdd2026bagvmuah,hypodd,ohyp20267z4ux4op,2025-08-01T08:27:54.729999Z,13.953271,-89.845833,5.482,1.5282,MLc,0.244,163,14,0.0273,0.0334,
eslv2026e2yznheg,ohdd2026cpczow4f,hypodd,ohyp2026jjgzps65,2025-08-01T08:36:30.699999Z,14.053116,-89.818612,7.218,2.1383,MLc,0.19,134,17,0.032,0.0418,
eslv20263wlc22dh,ohdd2026ayrevdz3,hypodd,ohyp2026r4gb7fcp,2025-08-01T08:38:51.829999Z,14.052397,-89.844889,5.946,2.216,MLc,0.288,160,18,0.0367,0.0559,
eslv2026rlwvpl6j,ohdd2026nj3qzkv4,hypodd,ohyp20267qwgkbud,2025-08-01T08:40:07.209999Z,14.019276,-89.865324,5.22,0.6434,MLc,0.157,183,6,0.0329,0.0477,
eslv2026pwq7tjap,ohdd2026zijgaidg,hypodd,ohyp2026dpqvhzj3,2025-08-01T08:49:55.560000Z,14.079138,-89.822298,8.115,2.065,MLc,0.15,174,20,0.0242,0.0283,
eslv2026b4x2hfx7,ohdd2026ycz3gysh,hypodd,ohyp2026zpocblxv,2025-08-01T08:50:17.899999Z,14.078301,-89.824048,7.382,2.1982,MLc,0.162,171,16,0.0329,0.039,
eslv20262rreoq6s,ohdd2026cvtigdjk,hypodd,ohyp2026cutl2mhp,2025-08-01T08:51:19.000000Z,14.016425,-89.792489,4.329,1.4585,MLc,0.249,142,14,0.0267,0.0314,
eslv2026qrkhqx6k,ohdd202646fpqybv,hypodd,ohyp2026r7djztcq,2025-08-01T08:51:51.250000Z,14.044139,-89.834155,7.895,1.8854,MLc,0.147,152,13,0.0408,0.0507,
eslv2026oomwdjod,ohdd2026gyqjfzp5,hypodd,ohyp2026of3xulec,2025-08-01T08:57:45.189999Z,14.016813,-89.791683,4.411,1.4797,MLc,0.224,154,12,0.0249,0.0302,
eslv202642depz36,ohdd2026futfkm3w,hypodd,ohyp2026mrzyifut,2025-08-01T09:00:11.820000Z,14.067785,-89.838013,4.953,1.3236,MLc,0.149,241,8,0.0376,0.029,
eslv2026uk3sumzk,ohdd202663ccfmg4,hypodd,ohyp2026zktmc7mh,2025-08-01T09:13:11.490000Z,14.016922,-89.765731,15.359,1.3344,MLc,0.16,174,7,1.6781,1.1782,
eslv202663ajlnj3,ohdd202643ic5q4j,hypodd,ohyp2026sad4yh3m,2025-08-01T09:14:31.539999Z,14.058555,-89.825293,4.421,1.5182,MLc,0.128,134,7,0.0285,0.0306,
eslv2026fcbmmsbm,ohdd2026zhbfx74k,hypodd,ohyp2026ag6vb5cq,2025-08-01T09:29:41.990000Z,14.082325,-89.841423,6.618,0.983,MLc,0.173,250,7,0.0429,0.0343,
eslv2026lbfhxqvv,ohdd2026qb4vfxdo,hypodd,ohyp2026kxafra6m,2025-08-01T09:31:28.980000Z,14.028839,-89.898201,4.134,0.366,MLc,0.286,230,6,0.0173,0.0203,
eslv2026mpgqyz5g,ohdd2026757q5t7k,hypodd,ohyp2026xavvox32,2025-08-01T09:31:56.490000Z,14.08796,-89.842798,5.365,1.4316,MLc,0.132,193,7,0.0416,0.0414,
eslv2026yhr6j2hh,ohdd2026aurg4o6t,hypodd,ohyp2026ne5frlyj,2025-08-01T09:32:43.890000Z,14.017899,-89.790503,4.27,1.0043,MLc,0.204,157,7,0.0244,0.0351,
eslv20265tb5qo5f,ohdd2026qrdgt54l,hypodd,ohyp2026g32zb7c7,2025-08-01T10:01:56.100000Z,14.014329,-89.791187,4.879,1.3606,MLc,0.248,157,10,0.0514,0.0639,
eslv2026w5icxd2f,ohdd2026kuis25ok,hypodd,ohyp2026cb6fuyte,2025-08-01T10:11:15.460000Z,14.104381,-89.823096,3.944,1.5568,MLc,0.188,272,9,0.0421,0.0439,
eslv2026bpkuw43k,ohdd2026y4nu5sri,hypodd,ohyp20267o4ylel7,2025-08-01T10:12:37.509999Z,14.046554,-89.823836,4.729,1.7175,MLc,0.16,136,17,0.0274,0.0352,
eslv2026ds3darir,ohdd2026otx6obdl,hypodd,ohyp2026tpse4vqe,2025-08-01T10:13:00.150000Z,14.049863,-89.818278,4.423,1.8629,MLc,0.308,120,9,0.0261,0.0325,
eslv2026ufx23dt4,ohdd2026bocopycx,hypodd,ohyp20263vlmxkpt,2025-08-01T10:13:52.619999Z,14.103594,-89.769466,11.21,0.6199,MLc,0.208,189,6,0.1264,0.0654,
eslv2026xy3rxdsb,ohdd2026mjjognkf,hypodd,ohyp2026hw5ielpa,2025-08-01T10:17:52.340000Z,13.959813,-89.83514,9.05,2.4618,MLc,0.245,157,18,0.0118,0.0158,
eslv2026evol2vhd,ohdd202667bvo4oq,hypodd,ohyp2026m2kcgjzq,2025-08-01T10:28:27.570000Z,14.080044,-89.839681,5.178,1.7705,MLc,0.168,177,10,0.0505,0.0432,
eslv2026qq5lzwbf,ohdd2026zzic4i3j,hypodd,ohyp2026p5qbv6pi,2025-08-01T10:32:03.970000Z,14.042772,-89.817155,6.203,1.8175,MLc,0.198,120,13,0.0334,0.0596,
eslv2026fr2ejwh3,ohdd2026muabac3t,hypodd,ohyp2026hjbiqyrd,2025-08-01T10:36:19.870000Z,14.048822,-89.823234,4.909,1.5935,MLc,0.127,122,9,0.0212,0.0211,
eslv2026tnecmesc,ohdd2026lncyxz7l,hypodd,ohyp20267q6vb7zq,2025-08-01T10:56:55.750000Z,14.011846,-89.789632,6.85,1.1967,MLc,0.168,134,7,0.0301,0.038,
eslv2026beqt7feg,ohdd2026jqagmpp5,hypodd,ohyp2026yhlz4iq7,2025-08-01T11:05:59.250000Z,14.047992,-89.811117,5.827,1.657,MLc,0.137,176,8,0.0375,0.0485,
eslv202652aoe7zk,ohdd2026wknoput5,hypodd,ohyp2026rjftwu2s,2025-08-01T11:15:26.850000Z,14.069119,-89.854272,3.719,1.5181,MLc,0.16,150,8,0.027,0.031,
eslv2026xcbtp5mf,ohdd202672ryqgmp,hypodd,ohyp202662ruhv57,2025-08-01T11:29:35.299999Z,14.005534,-89.810685,8.803,0.8012,MLc,0.168,157,7,0.0358,0.0336,
eslv2026of4p6hsu,ohdd2026f2ttidrl,hypodd,ohyp202627w6hjm7,2025-08-01T11:45:07.759999Z,14.039076,-89.822192,5.939,1.8659,MLc,0.169,121,17,0.0408,0.0549,
eslv2026xykktyqm,ohdd2026vtri7u6h,hypodd,ohyp2026ekjbla2j,2025-08-01T11:47:04.429999Z,13.994736,-89.84764,8.336,1.482,MLc,0.244,156,10,0.0277,0.0194,
eslv2026dkkhvz7x,ohdd2026sm6musiz,hypodd,ohyp2026mthy2e4r,2025-08-01T11:47:23.719999Z,14.05869,-89.817855,8.238,0.9813,MLc,0.154,157,6,0.0342,0.0406,
eslv2026g3snymva,ohdd2026n77qn6lb,hypodd,ohyp2026c2tbhxwq,2025-08-01T11:50:05.330000Z,14.104001,-89.887907,6.143,2.1312,MLc,0.254,282,18,0.0477,0.0478,
eslv20264l5qjqog,ohdd2026egr743pc,hypodd,ohyp2026rxtrwv4e,2025-08-01T12:00:53.060000Z,14.10334,-89.879533,6.004,2.4621,MLc,0.265,277,17,0.0437,0.0458,
eslv2026wdh3rdsg,ohdd202667uce23w,hypodd,ohyp2026mmtv4bym,2025-08-01T12:05:36.810000Z,14.132387,-89.839591,0.981,0.7046,MLc,0.155,312,6,0.0384,0.0403,
eslv2026k3xr7fvy,ohdd20266pzksrzy,hypodd,ohyp20267zpiifrv,2025-08-01T12:19:05.480000Z,14.0662,-89.783895,11.63,1.627,MLc,0.049,226,7,0.0017,0.0014,
eslv2026ombqv4rx,ohdd2026gal4oxxx,hypodd,ohyp2026lrfxcx2h,2025-08-01T12:21:55.799999Z,14.043837,-89.83396,5.056,1.8776,MLc,0.242,223,12,0.0996,0.105,
eslv2026bfrcuith,ohdd2026hi2lrhxx,hypodd,ohyp2026jiupnjuv,2025-08-01T12:24:14.859999Z,14.067985,-89.824471,10.847,1.6057,MLc,0.306,244,7,0.0753,0.0928,
eslv2026tyhm2vxg,ohdd2026bmwywq6d,hypodd,ohyp202637guzfen,2025-08-01T13:12:19.480000Z,14.100598,-89.87229,5.672,2.0617,MLc,0.217,272,18,0.0284,0.0315,
eslv2026dyuxwfp3,ohdd2026s7jmu24v,hypodd,ohyp2026smatazdf,2025-08-01T13:22:57.600000Z,14.079602,-89.823315,7.887,1.6773,MLc,0.129,170,14,0.0242,0.0273,
eslv2026rgv354o7,ohdd2026rsbqo2jj,hypodd,ohyp2026bl6w6hu5,2025-08-01T13:27:18.670000Z,14.033625,-89.904378,2.261,0.9442,MLc,0.247,262,6,0.016,0.0226,
eslv2026hgrdce6f,ohdd202665im7jjs,hypodd,ohyp2026f7hnyqfi,2025-08-01T13:31:40.020000Z,14.047726,-89.803385,4.75,1.156,MLc,0.159,237,6,0.0389,0.0266,
eslv20264voafsz2,ohdd20265hp5ky4h,hypodd,ohyp2026lxyuqnuf,2025-08-01T13:34:52.799999Z,14.03209,-89.82535,11.543,2.1291,MLc,0.006,190,6,0.0301,0.0222,
eslv20267boxh4h7,ohdd2026cp42a652,hypodd,ohyp2026c2lwxk75,2025-08-01T13:37:41.740000Z,14.054615,-89.818856,4.85,1.9408,MLc,0.138,131,10,0.0225,0.0216,
eslv2026tp72srhp,ohdd2026dfvvhclf,hypodd,ohyp2026dgg7ja36,2025-08-01T13:38:30.140000Z,14.107411,-89.862972,6.351,1.8363,MLc,0.213,267,11,0.0367,0.0275,
eslv2026amuk5cwh,ohdd2026sivf3ay7,hypodd,ohyp2026wgwfcumi,2025-08-01T14:20:29.230000Z,14.047472,-89.823315,7.391,1.8645,MLc,0.121,121,15,0.0281,0.0271,
eslv20263uk2rws2,ohdd20264aiiur6p,hypodd,ohyp2026bu6yqqqf,2025-08-01T14:31:36.770000Z,14.034284,-89.903646,2.001,1.1812,MLc,0.214,252,6,0.0155,0.0232,
eslv202657cssuap,ohdd2026dlc5yicc,hypodd,ohyp2026ueh3ztss,2025-08-01T14:44:49.820000Z,14.094883,-89.90695,5.537,1.5685,MLc,0.208,297,6,0.0927,0.0841,
eslv2026nttzvdq4,ohdd2026dytcxesx,hypodd,ohyp2026rvaxiq2f,2025-08-01T14:56:42.500000Z,14.042254,-89.826359,7.17,2.1015,MLc,0.143,131,15,0.0269,0.0215,
eslv2026uy7ozfns,ohdd2026geizicp6,hypodd,ohyp2026wqcimmah,2025-08-01T15:29:07.410000Z,14.065583,-89.853027,6.827,1.8503,MLc,0.293,211,7,0.0378,0.0221,
eslv2026nf646fem,ohdd2026dceqsqw3,hypodd,ohyp20263lmvxg6f,2025-08-01T15:30:51.200000Z,14.073809,-89.833415,4.986,2.0069,MLc,0.222,159,11,0.0335,0.0305,
eslv20262isc6pwv,ohdd2026n6tn5sfy,hypodd,ohyp2026ldnqiifv,2025-08-01T15:43:58.490000Z,14.048904,-89.823047,8.271,1.6682,MLc,0.112,148,8,0.0304,0.0367,
eslv202622otss47,ohdd2026qbdcils7,hypodd,ohyp20263rthdjp4,2025-08-01T15:45:46.619999Z,14.018546,-89.853369,7.388,1.1445,MLc,0.222,205,6,0.0282,0.0339,
eslv2026zbbqlyci,ohdd2026tla2n4gz,hypodd,ohyp2026rkd6uhbl,2025-08-01T16:20:10.060000Z,14.021113,-89.851017,7.459,1.8149,MLc,0.29,160,11,0.0278,0.0314,
eslv2026drcd7275,ohdd2026ziilyw7j,hypodd,ohyp2026vlg4rxj7,2025-08-01T16:31:41.390000Z,14.07974,-89.824544,7.999,1.1605,MLc,0.11,171,7,0.0277,0.0296,
eslv2026cjnitczz,ohdd2026nsr7usej,hypodd,ohyp2026kezzg5xx,2025-08-01T16:53:49.359999Z,14.021403,-89.852466,8.014,1.5516,MLc,0.251,198,7,0.0262,0.0267,
eslv2026z2fmvgzm,ohdd2026fvhrbhcy,hypodd,ohyp20267b4q3nwp,2025-08-01T17:08:05.360000Z,14.040878,-89.827913,7.653,1.8031,MLc,0.168,148,8,0.0325,0.0272,
eslv2026vgrcqlbn,ohdd20263jwt2cnm,hypodd,ohyp20264pmefhd6,2025-08-01T17:16:56.420000Z,14.03652,-89.818156,10.908,1.9415,MLc,0.241,131,12,0.0303,0.0287,
eslv2026wkzye32f,ohdd2026z6v2o2rl,hypodd,ohyp2026fcixqkzh,2025-08-01T17:17:40.979999Z,14.036988,-89.82133,4.695,1.6312,MLc,0.24,137,8,0.0387,0.0306,
eslv20264fkgnwr3,ohdd2026hfs4k224,hypodd,ohyp2026sxjp7jmg,2025-08-01T17:22:51.179999Z,14.009971,-89.793392,7.805,1.6145,MLc,0.302,143,9,0.026,0.0276,
eslv2026xegs7ovz,ohdd2026fu2nibqg,hypodd,ohyp20262g674mlu,2025-08-01T17:50:28.280000Z,14.015123,-89.812476,9.306,1.3659,MLc,0.265,129,7,0.019,0.0136,
eslv2026zxbswo2w,ohdd2026i34am37g,hypodd,ohyp20264eltiwca,2025-08-01T17:55:53.479999Z,14.054485,-89.817326,7.702,1.1915,MLc,0.186,136,6,0.0308,0.0338,
eslv2026lacmalrp,ohdd2026lykt34bj,hypodd,ohyp2026hpbc3h33,2025-08-01T17:56:46.039999Z,14.037769,-89.823226,4.932,1.7355,MLc,0.152,133,13,0.0253,0.0281,
eslv2026cbkqdv7i,ohdd2026hql6gxib,hypodd,ohyp2026bf4m3vrq,2025-08-01T17:59:07.019999Z,14.043372,-89.81792,4.953,1.9817,MLc,0.26,129,10,0.0221,0.031,
eslv2026x5dizcme,ohdd20262d7strkz,hypodd,ohyp202653fwvxqq,2025-08-01T18:03:24.839999Z,14.074729,-89.831413,5.98,2.4009,MLc,0.202,137,15,0.0247,0.0431,
eslv2026plpmspxe,ohdd2026dvruzeha,hypodd,ohyp20262fv445n2,2025-08-01T18:14:14.000000Z,14.079169,-89.82347,8.12,1.6139,MLc,0.112,166,6,0.0262,0.0304,
eslv2026wzfo3quo,ohdd2026jgfejobs,hypodd,ohyp2026wdsf7hcx,2025-08-01T18:48:49.560000Z,14.048233,-89.799593,3.555,1.7248,MLc,0.137,228,6,0.0471,0.0355,
eslv2026lufcibky,ohdd2026e2uqylrf,hypodd,ohyp2026q5d6naof,2025-08-01T19:18:30.120000Z,14.013698,-89.881022,5.27,1.2905,MLc,0.119,250,6,0.0218,0.0217,
eslv2026oj2pegzd,ohdd2026txpi6wwd,hypodd,ohyp20266axxscuu,2025-08-01T20:14:55.119999Z,14.079491,-89.824105,8.52,1.5694,MLc,0.142,162,7,0.0251,0.0284,
eslv2026wfz5vspx,ohdd2026ruz6shid,hypodd,ohyp2026j7qbyuyx,2025-08-01T20:15:29.820000Z,14.079917,-89.823657,8.249,0.9661,MLc,0.102,160,6,0.0215,0.0242,
eslv2026otglcy4i,ohdd2026g5l7d5jo,hypodd,ohyp2026yib3e4mf,2025-08-01T20:52:40.820000Z,14.105352,-89.885343,6.336,1.8197,MLc,0.227,278,9,0.038,0.0349,
eslv2026mfnpkqj5,ohdd2026i3fuixi7,hypodd,ohyp2026k52q4vcx,2025-08-01T21:04:27.519999Z,14.121797,-89.874316,6.087,2.1167,MLc,0.195,275,6,0.0439,0.0355,
eslv20262tpogebv,ohdd2026qioydn3f,hypodd,ohyp20262etffgv5,2025-08-01T21:05:38.219999Z,14.081183,-89.833431,6.121,3.3879,MLc,0.116,156,21,0.0196,0.0386,
eslv2026meicgbyl,ohdd2026h6xsazfm,hypodd,ohyp2026feyzpkwf,2025-08-01T21:15:31.579999Z,14.068803,-89.857544,4.033,1.0821,MLc,0.152,199,7,0.0277,0.0225,
eslv2026k3guhfxj,ohdd202622feya3r,hypodd,ohyp2026bwniy4jz,2025-08-01T21:28:11.480000Z,14.077886,-89.835498,6.175,2.4148,MLc,0.143,150,19,0.0249,0.0381,
eslv20265fjbam6l,ohdd2026nkohf7ou,hypodd,ohyp2026p5hpgjs6,2025-08-01T21:47:41.079999Z,14.002744,-89.89248,14.898,1.2312,MLc,0.019,184,6,0.0587,0.0548,
eslv2026nl4ytudm,ohdd2026d2tibkl3,hypodd,ohyp2026tnt72xvg,2025-08-01T21:51:48.579999Z,14.017365,-89.790975,4.472,1.663,MLc,0.184,112,11,0.0284,0.0409,
eslv2026yhybjffy,ohdd2026qsic7m2i,hypodd,ohyp2026e3iqe4ue,2025-08-01T21:55:59.320000Z,14.065082,-89.823112,11.959,1.9845,MLc,0.195,242,13,0.074,0.0879,
eslv2026hs6kw4gy,ohdd2026bwgcuo44,hypodd,ohyp2026t2au5kmo,2025-08-01T22:36:04.879999Z,14.082375,-89.85127,7.153,1.9354,MLc,0.237,160,12,0.0606,0.066,
eslv2026v6omxjmi,ohdd20266d3fvios,hypodd,ohyp2026e2upfyyk,2025-08-01T22:47:59.000000Z,14.012831,-89.837752,5.239,1.4663,MLc,0.17,153,8,0.0212,0.0389,
eslv2026gex7sgrp,ohdd2026a46pndjt,hypodd,ohyp2026czvs4lef,2025-08-01T23:38:14.960000Z,14.039589,-89.828271,6.879,1.9236,MLc,0.236,150,8,0.0362,0.0294,
eslv2026j72s2j2f,ohdd2026mwqjpk55,hypodd,ohyp20264o4tieeb,2025-08-01T23:40:08.679999Z,14.013244,-89.837736,5.581,1.8613,MLc,0.199,157,9,0.0194,0.0338,
eslv2026djr3lzs7,ohdd2026nzw7rhiv,hypodd,ohyp2026bbkfqjt3,2025-08-02T00:24:09.570000Z,14.056073,-89.795736,5.518,1.3282,MLc,0.139,129,6,0.0254,0.0424,
eslv2026xji5w3rq,ohdd2026osu4eowx,hypodd,ohyp20264yxfu7qb,2025-08-02T00:28:12.759999Z,14.053561,-89.816146,4.618,1.8997,MLc,0.227,151,12,0.0415,0.042,
eslv2026ecu2xtsz,ohdd20263jdiv3bw,hypodd,ohyp2026vekrydap,2025-08-02T00:54:26.489999Z,14.075243,-89.870418,5.378,1.8726,MLc,0.188,217,15,0.0313,0.0351,
eslv2026amwfhfau,ohdd2026ypj44lp5,hypodd,ohyp202624oveo4d,2025-08-02T01:30:35.539999Z,14.10409,-89.857609,6.856,2.2139,MLc,0.145,217,15,0.033,0.0315,
eslv2026kfori75c,ohdd2026mgyuzt5d,hypodd,ohyp2026ojiesebl,2025-08-02T01:52:34.579999Z,13.948144,-89.851571,7.874,1.7755,MLc,0.175,156,9,0.0264,0.0329,
eslv2026hdqcppnr,ohdd2026qsgucbhp,hypodd,ohyp2026oqfsozrm,2025-08-02T02:26:57.039999Z,14.109765,-89.839315,3.771,1.4207,MLc,0.384,270,7,0.0284,0.0351,
eslv2026wldvrfye,ohdd2026x72ge2or,hypodd,ohyp20266ifdhk5h,2025-08-02T02:29:50.539999Z,13.947329,-89.853768,7.792,1.607,MLc,0.136,156,15,0.0224,0.029,
eslv2026kjgikd7u,ohdd2026mvtib2ks,hypodd,ohyp2026zt6o6ynh,2025-08-02T02:50:39.490000Z,14.08623,-89.834676,6.678,1.1675,MLc,0.117,177,8,0.0257,0.0328,
eslv2026hl6dp6zc,ohdd2026k537b4xn,hypodd,ohyp2026kt3crcj6,2025-08-02T02:59:30.109999Z,14.102134,-89.856901,6.595,,,0.11,227,14,0.0297,0.0278,
eslv2026o47uowu2,ohdd20262nbu6siv,hypodd,ohyp2026a2qoj6li,2025-08-02T03:02:35.229999Z,14.10079,-89.858447,6.515,2.1907,MLc,0.158,226,19,0.0308,0.0274,
eslv2026hzpz2fwb,ohdd20263ouzv2op,hypodd,ohyp2026yw4er53t,2025-08-02T03:26:36.119999Z,14.034349,-89.8007,4.789,1.4643,MLc,0.239,207,9,0.0434,0.0447,
eslv2026lcozu2bc,ohdd2026rvvd63ig,hypodd,ohyp202652bvwyxg,2025-08-02T03:34:39.270000Z,14.084092,-89.856812,5.899,1.4998,MLc,0.173,151,8,0.0426,0.039,
eslv2026yqinopnx,ohdd2026kwu6oxsj,hypodd,ohyp2026ci2dljns,2025-08-02T03:37:58.560000Z,14.096558,-89.898193,5.736,0.5818,MLc,0.409,293,6,0.1014,0.0803,
eslv2026r2dzrzhc,ohdd2026yztekgdq,hypodd,ohyp202624rhn7xh,2025-08-02T03:48:55.049999Z,14.097887,-89.873608,5.269,1.9156,MLc,0.245,271,13,0.026,0.0366,
eslv2026aasm6kz4,ohdd2026tptckuob,hypodd,ohyp2026zokmddlm,2025-08-02T03:52:44.829999Z,14.101137,-89.879362,5.846,1.7649,MLc,0.211,279,14,0.0331,0.0349,
eslv2026pfqay656,ohdd2026hu2zftip,hypodd,ohyp2026phq3g3qh,2025-08-02T04:01:33.939999Z,14.097139,-89.787964,3.841,0.5558,MLc,0.126,252,6,0.03,0.0364,
eslv2026t5fuqt6m,ohdd202624hpvenh,hypodd,ohyp2026kv4j5uce,2025-08-02T04:28:46.670000Z,14.052515,-89.816724,6.579,1.6771,MLc,0.157,132,10,0.0304,0.0312,
eslv2026tiouejon,ohdd2026fzgzqw5f,hypodd,ohyp2026dscmo3m4,2025-08-02T05:08:15.449999Z,14.079293,-89.823372,7.729,1.3237,MLc,0.164,172,7,0.0303,0.0306,
eslv2026ndgzqjaf,ohdd2026t4qfwjb4,hypodd,ohyp20266gxki3jp,2025-08-02T05:16:47.990000Z,14.116344,-89.856437,5.584,0.6104,MLc,0.326,270,6,0.0471,0.041,
eslv2026nogu4onf,ohdd2026zbkhxtbr,hypodd,ohyp2026k2wkp2nm,2025-08-02T05:19:14.640000Z,14.084167,-89.845321,6.638,1.1782,MLc,0.386,185,6,0.0278,0.0278,
eslv20262bo4gatq,ohdd2026lx3cjrv2,hypodd,ohyp2026wrsgugwa,2025-08-02T05:20:00.630000Z,14.013623,-89.787402,8.39,1.0546,MLc,0.17,170,10,0.0261,0.0169,
eslv2026gsjlfahs,ohdd2026ishv2ci7,hypodd,ohyp2026d2nsn7od,2025-08-02T05:33:36.270000Z,14.107264,-89.84117,4.185,1.6207,MLc,0.272,275,11,0.0281,0.0217,
eslv2026uuex5jnl,ohdd2026c273ggbg,hypodd,ohyp2026qpzoygpx,2025-08-02T05:39:35.890000Z,14.073049,-89.858464,4.497,1.6039,MLc,0.256,155,17,0.0363,0.0259,
eslv2026cwrpskad,ohdd2026tlqud5ur,hypodd,ohyp2026oaeyjgq5,2025-08-02T05:46:48.710000Z,14.08627,-89.836694,6.945,1.2739,MLc,0.124,193,8,0.0245,0.0254,
eslv2026ymuiqt57,ohdd2026mdf7k67c,hypodd,ohyp20263txwvsac,2025-08-02T05:48:11.980000Z,14.012587,-89.789331,8.551,1.7142,MLc,0.148,151,16,0.0147,0.0241,
eslv2026lqjhezdq,ohdd2026dsxgctif,hypodd,ohyp2026cp3o3ft3,2025-08-02T05:50:27.500000Z,14.043958,-89.807088,4.401,1.2173,MLc,0.106,172,10,0.0323,0.0249,
eslv2026wxs7z5bh,ohdd202677wrmw4i,hypodd,ohyp2026xurpfqau,2025-08-02T05:53:05.469999Z,13.942722,-89.901481,2.709,0.3339,MLc,0.115,229,6,0.4733,0.792,
eslv2026shytl6sf,ohdd2026fuapptpr,hypodd,ohyp20266w36nzzq,2025-08-02T06:13:56.579999Z,14.082637,-89.834749,6.788,1.6331,MLc,0.115,158,16,0.0167,0.0301,
eslv2026lalcbzxw,ohdd2026ukqvacug,hypodd,ohyp20262iajqfz7,2025-08-02T06:20:29.059999Z,14.072574,-89.870768,5.195,1.6811,MLc,0.244,224,14,0.0422,0.0422,
eslv2026fzodite6,ohdd2026paiwuzyc,hypodd,ohyp2026yo6j52vb,2025-08-02T06:34:54.689999Z,14.012511,-89.787728,9.025,0.708,MLc,0.136,157,7,0.0245,0.0276,
eslv2026h5my4fnb,ohdd2026mma5djn4,hypodd,ohyp2026yiu7dwmz,2025-08-02T06:38:12.609999Z,14.011075,-89.793254,11.125,0.979,MLc,0.2,150,7,0.0275,0.025,
eslv2026riyilup6,ohdd2026php46yul,hypodd,ohyp2026w4vq55f5,2025-08-02T06:51:05.450000Z,13.96243,-89.852352,11.705,1.6522,MLc,0.146,255,13,0.0412,0.0341,
eslv2026gvw6v7nx,ohdd2026t7alkjpm,hypodd,ohyp2026rgx6mxue,2025-08-02T06:53:27.829999Z,14.103512,-89.884318,6.051,1.2831,MLc,0.245,283,14,0.0384,0.0379,
eslv2026l6piqngi,ohdd202664hnnjvh,hypodd,ohyp2026kweg3lou,2025-08-02T06:55:20.050000Z,13.94985,-89.839095,9.418,1.1076,MLc,0.239,152,8,0.0369,0.0362,
eslv2026ldwtgpzw,ohdd20266rgynqjt,hypodd,ohyp2026lne2jxtd,2025-08-02T06:58:29.829999Z,14.042491,-89.809115,4.438,1.2849,MLc,0.089,177,9,0.0306,0.0322,
eslv2026g3njpzjr,ohdd2026kckrhguo,hypodd,ohyp2026bp7pa7ax,2025-08-02T07:06:02.919999Z,14.049285,-89.93606,8.075,1.3158,MLc,0.099,167,6,0.057,0.0581,
eslv20262exav6s7,ohdd2026xas54f5v,hypodd,ohyp2026vfzmlbnb,2025-08-02T07:10:12.410000Z,14.054409,-89.819116,4.751,1.8829,MLc,0.153,134,17,0.0269,0.0223,
eslv2026v66tqnyz,ohdd2026vppcmogi,hypodd,ohyp2026ocyvb5kb,2025-08-02T07:11:20.539999Z,14.078675,-89.822111,8.39,,,0.177,169,13,0.0257,0.0236,
eslv2026jx5dzlag,ohdd2026jvialghy,hypodd,ohyp20262muieqme,2025-08-02T07:11:25.839999Z,14.07883,-89.823088,8.217,1.8854,MLc,0.235,178,15,0.0247,0.0351,
eslv2026zldhtqo7,ohdd20266fl6x2bq,hypodd,ohyp2026rjabjwnt,2025-08-02T07:13:02.330000Z,14.078562,-89.821379,7.944,0.7615,MLc,0.155,168,10,0.0237,0.0288,
eslv2026ur6pil7y,ohdd2026wy77rqjc,hypodd,ohyp2026l5ruu7ci,2025-08-02T07:14:20.609999Z,14.080131,-89.823698,8.092,0.8048,MLc,0.159,175,9,0.0254,0.0257,
eslv2026yqayczwe,ohdd2026tcel4aqe,hypodd,ohyp2026ug2u56fz,2025-08-02T07:42:37.200000Z,14.021222,-89.852401,7.921,1.2025,MLc,0.195,168,11,0.0181,0.0183,
eslv2026soxywno6,ohdd20265i4dq6vp,hypodd,ohyp2026lbecwcvw,2025-08-02T07:56:47.979999Z,14.041482,-89.825146,8.869,1.1924,MLc,0.233,161,8,0.0381,0.0482,
eslv2026benwfflh,ohdd202664vjg7ob,hypodd,ohyp20264ls66hoq,2025-08-02T07:58:23.050000Z,14.053056,-89.832137,4.279,1.7593,MLc,0.142,150,16,0.0318,0.0343,
eslv2026bpfoieni,ohdd2026vs7zpagk,hypodd,ohyp2026rzp77msa,2025-08-02T08:21:09.519999Z,14.013007,-89.787834,8.293,1.1172,MLc,0.305,158,10,0.0135,0.0167,
eslv2026w66qxj4c,ohdd2026aknavkec,hypodd,ohyp2026hmbhkgp7,2025-08-02T08:27:15.199999Z,14.150862,-89.813965,0.5,0.2757,MLc,0.051,285,6,0.0659,0.1184,
eslv2026wiopycca,ohdd2026lgqvkhkj,hypodd,ohyp2026woyy26k7,2025-08-02T08:30:33.009999Z,14.127885,-89.834408,4.857,1.2817,MLc,0.24,307,6,0.0302,0.0354,
eslv202623ffqul4,ohdd2026bgmsgyka,hypodd,ohyp20265aw5mjff,2025-08-02T08:36:37.829999Z,14.024534,-89.754159,0.424,0.9322,MLc,0.257,253,7,0.716,2.0285,
eslv2026ro2d3x5b,ohdd2026vf5q5b6n,hypodd,ohyp2026guu6qnkm,2025-08-02T08:41:22.899999Z,14.048613,-89.829077,5.751,,,0.105,173,8,0.0358,0.0251,
eslv2026bwpru73m,ohdd2026lky7c7d7,hypodd,ohyp2026pmnvttcx,2025-08-02T08:41:59.880000Z,14.034478,-89.731079,8.914,0.8449,MLc,0.174,151,6,0.0459,0.0546,
eslv2026ligkdthm,ohdd2026anw7leex,hypodd,ohyp2026jncrpsv3,2025-08-02T08:45:23.579999Z,14.043565,-89.824316,7.556,2.0398,MLc,0.128,127,20,0.0273,0.0323,
eslv20267gnmc6ko,ohdd2026kylmgvww,hypodd,ohyp2026kxfvxaz6,2025-08-02T08:55:30.949999Z,14.106691,-89.860929,6.591,1.5428,MLc,0.202,279,10,0.0397,0.0273,
eslv2026325xhuls,ohdd20263z2zg5jx,hypodd,ohyp2026rytqc22h,2025-08-02T08:57:03.710000Z,14.035857,-89.910181,6.076,1.6279,MLc,0.114,208,6,0.0574,0.0593,
eslv2026ml2mbg57,ohdd2026riefmmye,hypodd,ohyp2026xrdwltay,2025-08-02T08:59:24.300000Z,14.034991,-89.762288,1.459,0.3581,MLc,0.083,246,6,1.2117,1.8191,
eslv2026jvareakn,ohdd2026ailiknfi,hypodd,ohyp2026sugg6d2i,2025-08-02T09:08:02.790000Z,14.097239,-89.822957,5.356,1.4458,MLc,0.216,225,8,0.0472,0.0521,
eslv20265a6z3veh,ohdd20264yqodce6,hypodd,ohyp2026c3oey7lj,2025-08-02T09:09:37.340000Z,14.051363,-89.828394,6.526,1.4942,MLc,0.12,121,14,0.0256,0.0301,
eslv20267yt43nrn,ohdd2026pfc3zpqi,hypodd,ohyp2026yvikw6bj,2025-08-02T09:30:37.880000Z,14.082392,-89.844971,6.772,2.2648,MLc,0.157,187,18,0.0228,0.0312,
eslv2026ym7xrqej,ohdd2026vrq4i744,hypodd,ohyp2026ylwpqmyk,2025-08-02T09:37:31.089999Z,14.013515,-89.787459,8.431,1.9413,MLc,0.145,109,16,0.0131,0.0207,
eslv2026k6x5p2kj,ohdd20265huoek3b,hypodd,ohyp2026n56mjuhu,2025-08-02T09:38:04.379999Z,14.01175,-89.78999,8.687,1.4266,MLc,0.269,154,11,0.0197,0.0241,
eslv2026otgrer42,ohdd2026qhxduwhn,hypodd,ohyp2026gwjlegal,2025-08-02T09:46:48.670000Z,14.06585,-89.874308,6.694,1.2589,MLc,0.196,149,7,0.0557,0.048,
eslv2026nkladbds,ohdd2026r6r2jzza,hypodd,ohyp2026omw4frue,2025-08-02T09:47:44.600000Z,14.018995,-89.87561,4.898,1.5951,MLc,0.143,228,6,0.08,0.0823,
eslv2026b7riim4q,ohdd2026j35bouqa,hypodd,ohyp2026pu6p27ce,2025-08-02T09:47:59.820000Z,14.012214,-89.788696,8.429,1.5932,MLc,0.142,151,15,0.0129,0.0206,
eslv20265yijo7jp,ohdd2026yjisr3wm,hypodd,ohyp20267l3q7me2,2025-08-02T09:49:56.030000Z,14.012136,-89.788924,8.212,1.6689,MLc,0.144,108,18,0.0111,0.0151,
eslv2026sfriqbfy,ohdd2026tyxbxbnx,hypodd,ohyp2026otse4ruz,2025-08-02T09:58:05.080000Z,13.999428,-89.812931,10.556,0.5224,MLc,0.147,224,6,0.0154,0.0234,
eslv2026xxncfjc5,ohdd2026bcfynmtk,hypodd,ohyp202677fnpr74,2025-08-02T09:59:25.679999Z,14.0359,-89.900928,3.22,0.634,MLc,0.184,254,6,0.0273,0.0344,
eslv2026besvjpcj,ohdd20264bw7t4up,hypodd,ohyp2026qga55cv4,2025-08-02T10:00:17.250000Z,13.995865,-89.829696,8.157,0.9492,MLc,0.17,230,7,0.0266,0.023,
eslv2026atzmpyxk,ohdd20262x52dd6l,hypodd,ohyp2026v7grbglz,2025-08-02T10:07:19.070000Z,14.012844,-89.788843,8.272,2.6283,MLc,0.134,109,20,0.0084,0.0206,
eslv2026rkuiqdlx,ohdd20267z36v556,hypodd,ohyp2026lfmku6zr,2025-08-02T10:08:33.289999Z,14.012553,-89.788843,8.363,2.2322,MLc,0.126,107,19,0.0098,0.02,
eslv20265stj5zbq,ohdd2026ndylgx43,hypodd,ohyp2026bvlad3fi,2025-08-02T10:08:55.049999Z,13.948023,-89.850879,8.387,1.5835,MLc,0.216,168,8,0.0339,0.0225,
eslv2026v4avteud,ohdd2026dghd34t7,hypodd,ohyp2026avgxi3i4,2025-08-02T10:12:08.220000Z,13.997336,-89.816414,17.099,0.62,MLc,0.278,189,6,0.595,0.4703,
eslv2026wwlsegfe,ohdd2026cwxvs7zb,hypodd,ohyp2026zyhyvl3r,2025-08-02T10:13:01.350000Z,14.020833,-89.849683,7.255,2.9675,MLc,0.195,167,20,0.0212,0.0256,
eslv2026ukqi46xp,ohdd20266ywdh24y,hypodd,ohyp2026jt57etqh,2025-08-02T10:14:54.890000Z,14.020333,-89.850708,7.253,1.8101,MLc,0.221,165,19,0.0194,0.0272,
eslv2026nqsejb24,ohdd2026dcdkso4v,hypodd,ohyp2026fcagev7a,2025-08-02T10:16:02.520000Z,14.012691,-89.789412,7.702,1.4974,MLc,0.132,155,10,0.0227,0.0249,
eslv2026iwyn7kwz,ohdd2026anwvo6nt,hypodd,ohyp2026j4f346yq,2025-08-02T10:37:58.409999Z,13.988895,-89.81311,4.228,0.9305,MLc,0.149,164,7,0.2488,0.3627,
eslv2026bn6ackdv,ohdd2026vfzcnsr3,hypodd,ohyp2026ubju4xxc,2025-08-02T10:41:19.820000Z,14.076264,-89.860978,4.903,1.2668,MLc,0.121,193,7,0.0559,0.0323,
eslv2026x4mhfwxc,ohdd2026rm3av2hf,hypodd,ohyp2026arkokytm,2025-08-02T11:20:02.089999Z,14.053363,-89.81967,7.393,1.7112,MLc,0.215,146,12,0.0381,0.0404,
eslv2026mocdnkck,ohdd2026nxjkzi5p,hypodd,ohyp2026p4d25dcs,2025-08-02T11:20:43.179999Z,14.056695,-89.795125,8.923,1.2332,MLc,0.006,201,6,0.0851,0.1026,
eslv20265baxmip6,ohdd2026ablmdtv2,hypodd,ohyp2026nc3bck47,2025-08-02T11:23:43.759999Z,14.055622,-89.826522,4.363,1.9937,MLc,0.136,126,13,0.0265,0.0162,
eslv2026hyhfeqzp,ohdd2026d5mzmxxn,hypodd,ohyp2026mnhebgci,2025-08-02T11:26:38.729999Z,14.042986,-89.827743,8.327,0.947,MLc,0.168,212,6,0.047,0.0388,
eslv2026kirshjam,ohdd2026wnos7kh6,hypodd,ohyp2026wyf7v2ts,2025-08-02T11:27:50.049999Z,14.053698,-89.82028,7.871,1.6024,MLc,0.231,145,9,0.0418,0.0421,
eslv2026oul5rfdi,ohdd2026owc33ozu,hypodd,ohyp2026za3sen5p,2025-08-02T11:31:56.960000Z,14.043739,-89.823787,7.499,1.7624,MLc,0.206,129,17,0.0279,0.0313,
eslv20265hm6rpc4,ohdd2026kccuwgfi,hypodd,ohyp2026por2n44t,2025-08-02T11:52:55.390000Z,14.076814,-89.834163,6.578,1.7155,MLc,0.112,134,10,0.0283,0.0344,
eslv2026i6ai5z6u,ohdd2026lqf2mzes,hypodd,ohyp2026lh7wzcv4,2025-08-02T11:56:55.250000Z,14.042931,-89.826676,8.251,1.3482,MLc,0.183,210,6,0.0389,0.0313,
eslv2026khdnsxrb,ohdd2026545niqt2,hypodd,ohyp2026rwnjq4ps,2025-08-02T12:49:59.179999Z,14.079886,-89.823503,8.233,1.2263,MLc,0.078,160,6,0.0201,0.0231,
eslv2026p75qykxi,ohdd2026g5sqaqcl,hypodd,ohyp2026gh2q4rs3,2025-08-02T13:12:44.270000Z,14.0787,-89.826758,7.813,2.4406,MLc,0.167,172,18,0.0362,0.0436,
eslv2026kbogf2gt,ohdd2026zib3f7h4,hypodd,ohyp2026inqqnbg5,2025-08-02T13:20:10.390000Z,14.01045,-89.792643,8.158,1.7934,MLc,0.234,157,7,0.0181,0.021,
eslv2026p6rorz6r,ohdd2026paobe2vp,hypodd,ohyp2026cpolvz2q,2025-08-02T13:30:36.079999Z,14.045541,-89.811768,5.957,2.5681,MLc,0.109,118,18,0.0262,0.0269,
eslv2026b2myke2t,ohdd2026f3yuvfbq,hypodd,ohyp2026ghkoxczy,2025-08-02T13:41:24.210000Z,14.046026,-89.812581,6.166,2.2128,MLc,0.127,117,15,0.0265,0.0323,
eslv2026f5vh3hsh,ohdd2026gzzyo772,hypodd,ohyp20262rwwstgi,2025-08-02T13:44:10.310000Z,14.044802,-89.809277,4.099,1.403,MLc,0.198,236,6,0.0382,0.031,
eslv2026knkmx34p,ohdd2026ttvbu7qa,hypodd,ohyp2026lmvo4xfz,2025-08-02T13:57:57.590000Z,14.05132,-89.816854,7.71,1.7962,MLc,0.125,170,11,0.0405,0.0295,
eslv2026uvue7puo,ohdd2026isnrgvzu,hypodd,ohyp2026uzkk3kju,2025-08-02T14:30:03.919999Z,14.042639,-89.806364,8.284,2.7513,MLc,0.233,117,17,0.0586,0.0675,
eslv2026s3lueayj,ohdd2026536evhpb,hypodd,ohyp2026e3wkjze7,2025-08-02T15:05:36.799999Z,14.059775,-89.822257,4.394,1.292,MLc,0.13,140,7,0.0278,0.0308,
eslv2026adrtz4p5,ohdd2026rpitcved,hypodd,ohyp2026jqtqvr6n,2025-08-02T15:07:49.100000Z,14.015906,-89.794906,4.734,1.7039,MLc,0.171,143,7,0.0277,0.0378,
eslv2026mjui6fl6,ohdd2026z6l2nwql,hypodd,ohyp2026okskmh3s,2025-08-02T15:15:09.460000Z,14.084032,-89.83667,6.848,0.9443,MLc,0.093,170,7,0.0329,0.0568,
eslv2026m6zn7g7n,ohdd20267pc6m64v,hypodd,ohyp2026rriv3rlk,2025-08-02T15:32:12.349999Z,13.997865,-89.821379,9.138,1.4018,MLc,0.15,151,8,0.0341,0.0285,
eslv2026wjdqfub7,ohdd2026yykx5edu,hypodd,ohyp2026rjhl2dc7,2025-08-02T15:32:30.179999Z,13.989722,-89.860604,8.506,,,0.273,171,6,0.0172,0.0169,
eslv2026amdgwzzh,ohdd2026iy72wap2,hypodd,ohyp2026gfdoemb2,2025-08-02T15:39:34.119999Z,14.041675,-89.825301,7.827,2.0602,MLc,0.177,140,16,0.0323,0.0287,
eslv2026ixe2l3rt,ohdd2026iy7jmvfc,hypodd,ohyp2026u635nlsa,2025-08-02T15:51:51.539999Z,14.078118,-89.822729,6.985,1.9876,MLc,0.157,162,7,0.0361,0.0405,
eslv2026mel4einh,ohdd20263mlitlkg,hypodd,ohyp2026tucyvvkn,2025-08-02T15:54:03.290000Z,14.103995,-89.861279,6.448,2.4802,MLc,0.198,274,15,0.0353,0.0237,
eslv2026xfn5c2t5,ohdd2026pdxgaycl,hypodd,ohyp2026unuagq4t,2025-08-02T16:04:47.170000Z,14.012301,-89.789657,8.589,3.7367,MLc,0.192,111,19,0.0164,0.0202,
eslv2026sod3ajr6,ohdd2026vyr2coc6,hypodd,ohyp2026nzf66u2q,2025-08-02T16:05:34.960000Z,14.011917,-89.78881,8.71,1.9762,MLc,0.126,143,8,0.0141,0.0313,
eslv2026on6keelw,ohdd2026tgj3qx2t,hypodd,ohyp2026w45r45yf,2025-08-02T16:08:45.399999Z,14.012285,-89.789478,8.297,2.4414,MLc,0.167,108,17,0.0112,0.0183,
eslv20267iilkzva,ohdd2026i7fbep4c,hypodd,ohyp2026hnje3san,2025-08-02T16:10:56.109999Z,14.012427,-89.789535,8.38,2.0151,MLc,0.163,109,16,0.0166,0.0147,
eslv2026d6ilutxg,ohdd2026zujemwsj,hypodd,ohyp2026refjh77m,2025-08-02T16:12:03.250000Z,14.012889,-89.78737,8.693,2.4188,MLc,0.172,109,17,0.017,0.0157,
eslv2026tlv7g7h7,ohdd2026cyyetpgb,hypodd,ohyp2026m2fawlc2,2025-08-02T16:14:18.519999Z,14.028208,-89.76141,0.493,0.8583,MLc,0.083,250,6,1.2115,2.2881,
eslv2026wivlvr4q,ohdd2026zmoucwxd,hypodd,ohyp2026kgnd6k6z,2025-08-02T16:21:08.310000Z,14.012457,-89.788875,8.461,1.8569,MLc,0.18,111,17,0.0123,0.022,
eslv20266ur5zofe,ohdd20267zy3vqgc,hypodd,ohyp2026qe2rn7c6,2025-08-02T16:21:42.490000Z,14.012206,-89.78951,8.325,1.6713,MLc,0.154,141,7,0.0145,0.0201,
eslv2026dpump3r4,ohdd20267fall6rr,hypodd,ohyp2026hplpl7x5,2025-08-02T16:50:44.439999Z,14.053133,-89.823804,8.809,2.4768,MLc,0.169,133,18,0.0255,0.025,
eslv20262fpotunt,ohdd2026olnqavhw,hypodd,ohyp2026f7uhzh5e,2025-08-02T16:51:31.460000Z,14.01239,-89.789567,8.223,2.0445,MLc,0.15,109,15,0.0141,0.0186,
eslv20263ygsh2js,ohdd2026jkjohfkr,hypodd,ohyp2026p6idliwx,2025-08-02T16:53:01.960000Z,14.012175,-89.789307,8.365,2.2339,MLc,0.138,109,17,0.011,0.0169,
eslv2026ntvig5jw,ohdd202674syfrn6,hypodd,ohyp2026beneghjd,2025-08-02T16:57:20.980000Z,14.010343,-89.792179,8.707,1.6987,MLc,0.158,137,10,0.0152,0.0272,
eslv2026bb46zrj7,ohdd2026sgqrybr5,hypodd,ohyp2026gbrfmhlx,2025-08-02T17:11:32.159999Z,14.057726,-89.809041,6.852,0.6819,MLc,0.07,296,7,0.0598,0.0634,
eslv2026dckeli7g,ohdd2026gd62j5t2,hypodd,ohyp2026ntg34tpn,2025-08-02T17:12:08.679999Z,14.018356,-89.784839,10.955,1.6523,MLc,0.274,127,9,0.0047,0.0111,
eslv2026lijsxptn,ohdd2026mjheuxu3,hypodd,ohyp2026nbvkv2n7,2025-08-02T17:19:56.899999Z,14.102111,-89.874748,5.791,1.5327,MLc,0.213,293,8,0.0274,0.0351,
eslv2026nymwpcdu,ohdd2026jubeqm4r,hypodd,ohyp20266oehyhcy,2025-08-02T17:49:50.240000Z,14.048605,-89.891284,14.809,1.9201,MLc,0.216,222,8,0.31,0.2914,
eslv2026lhcospy3,ohdd20262pdh32fs,hypodd,ohyp2026brjcrt7y,2025-08-02T18:03:13.400000Z,14.101363,-89.867358,5.789,2.6403,MLc,0.287,254,8,0.0525,0.0361,
eslv2026u5lrzlbm,ohdd2026y2opa3sz,hypodd,ohyp2026gzbpq35i,2025-08-02T18:06:38.820000Z,14.016477,-89.791699,4.685,1.7016,MLc,0.193,135,7,0.0284,0.0423,
eslv20265ijg6oha,ohdd2026vtmu3ffl,hypodd,ohyp2026pqfsdt3c,2025-08-02T18:27:51.399999Z,14.017506,-89.790592,4.454,2.3925,MLc,0.246,107,16,0.0286,0.0253,
eslv20264jbne5kd,ohdd2026a4za2kmc,hypodd,ohyp2026xjp4gj65,2025-08-02T18:32:21.559999Z,14.012449,-89.789819,8.615,1.7333,MLc,0.147,110,11,0.0125,0.0255,
eslv20267qqkhrtu,ohdd2026qolcud77,hypodd,ohyp20264n6jj5j7,2025-08-02T18:33:12.460000Z,14.0148,-89.788875,7.694,1.4548,MLc,0.133,136,7,0.0608,0.0848,
eslv2026yus4zgri,ohdd2026dnorwbku,hypodd,ohyp2026qrazsavb,2025-08-02T18:48:08.580000Z,14.10279,-89.85717,6.119,1.1645,MLc,0.211,264,6,0.0359,0.0314,
eslv20262mmzepdo,ohdd2026ocpcv2a5,hypodd,ohyp2026cunv2pel,2025-08-02T18:51:45.219999Z,14.106647,-89.859627,6.849,1.5414,MLc,0.296,250,6,0.0471,0.0359,
eslv2026bl6l4n5v,ohdd2026zlcsoefh,hypodd,ohyp2026qdr7xgvs,2025-08-02T18:52:15.380000Z,14.017765,-89.790405,4.649,1.5928,MLc,0.165,110,10,0.0233,0.0272,
eslv2026zsm4z3u2,ohdd2026f3uwy6pw,hypodd,ohyp2026eytl6oum,2025-08-02T19:01:28.440000Z,14.053757,-89.82373,8.772,2.115,MLc,0.226,135,17,0.0261,0.0214,
eslv2026rylryozc,ohdd2026ebpockts,hypodd,ohyp20262hwekrnz,2025-08-02T19:06:03.879999Z,14.017218,-89.791357,3.193,1.3036,MLc,0.19,157,10,0.0251,0.0452,
eslv2026gsb2uknf,ohdd2026fcwzyjc7,hypodd,ohyp2026vtdxor5b,2025-08-02T19:26:41.619999Z,14.013109,-89.790291,9.262,1.7713,MLc,0.22,111,10,0.0207,0.0344,
eslv20265egp2j2s,ohdd2026q3276ddq,hypodd,ohyp2026y7ibe3fk,2025-08-02T19:37:28.199999Z,14.048448,-89.824829,8.677,0.9399,MLc,0.149,159,7,0.0283,0.0243,
eslv2026r2vc57no,ohdd20266zytzuhs,hypodd,ohyp2026pdjdzqmf,2025-08-02T20:05:26.519999Z,14.002304,-89.830705,10.651,1.0644,MLc,0.278,167,6,0.0187,0.0269,
eslv202644gcg3lf,ohdd2026cfuxumik,hypodd,ohyp20263uqnez6m,2025-08-02T20:34:23.719999Z,14.005006,-89.820809,6.725,1.6679,MLc,0.263,137,8,0.0122,0.0243,
eslv2026bmhlbegw,ohdd2026inarnops,hypodd,ohyp2026q3dacm5b,2025-08-02T20:40:11.140000Z,14.018095,-89.790291,4.52,1.7647,MLc,0.174,113,10,0.0284,0.0392,
eslv2026tfhbn4n7,ohdd2026fthcn74l,hypodd,ohyp2026ft7avvf6,2025-08-02T20:41:48.479999Z,14.028269,-89.768026,15.24,0.9457,MLc,0.244,156,7,0.0303,0.0245,
eslv2026goxeenka,ohdd2026u5qeqsoo,hypodd,ohyp2026vngyys7h,2025-08-02T20:57:29.640000Z,14.086249,-89.844108,6.819,1.2261,MLc,0.093,172,6,0.0217,0.0258,
eslv202675nmojxp,ohdd2026wue3f5na,hypodd,ohyp2026kjcj5erj,2025-08-02T21:04:36.700000Z,14.017818,-89.77841,7.76,1.473,MLc,0.178,128,8,0.0225,0.0294,
eslv2026i7f6j45c,ohdd20266ekbahwb,hypodd,ohyp2026etr5wq4q,2025-08-02T21:12:42.799999Z,14.084826,-89.839136,6.76,0.9341,MLc,0.122,185,7,0.0261,0.0269,
eslv2026343l7oc4,ohdd2026yjjibzfm,hypodd,ohyp2026qnjdva7o,2025-08-02T21:38:38.520000Z,14.101343,-89.879061,5.891,2.8637,MLc,0.169,277,20,0.0311,0.0347,
eslv2026zoljh6h7,ohdd2026z3reero7,hypodd,ohyp2026aajj4fqq,2025-08-02T21:45:53.259999Z,14.012668,-89.789209,8.227,3.1303,MLc,0.153,107,21,0.0161,0.0152,
eslv2026nyog2657,ohdd20264o2dfq2g,hypodd,ohyp2026hlj7k5so,2025-08-02T21:46:16.879999Z,14.011609,-89.786808,8.674,3.2876,MLc,0.152,108,20,0.0171,0.02,
eslv2026yaro7dvk,ohdd2026z2g4ltzc,hypodd,ohyp2026vgf6plo7,2025-08-02T21:46:47.079999Z,14.012606,-89.788403,8.664,2.9946,MLc,0.151,111,20,0.0123,0.0287,
eslv202633ux7zfn,ohdd2026ct3gzx6y,hypodd,ohyp2026mgya7phw,2025-08-02T21:48:30.000000Z,14.099647,-89.872192,5.961,2.0114,MLc,0.203,272,9,0.0302,0.0332,
eslv2026rpfzjyfe,ohdd2026n3uzshbc,hypodd,ohyp2026hdwspdmx,2025-08-02T21:50:45.399999Z,14.100671,-89.875472,5.427,2.0298,MLc,0.234,272,13,0.0305,0.039,
eslv2026f4f3ytf7,ohdd2026arbw4gyh,hypodd,ohyp2026bsugksc6,2025-08-02T22:02:17.620000Z,14.04267,-89.809326,4.369,1.6066,MLc,0.124,116,8,0.0299,0.0323,
eslv2026enjdvtlx,ohdd2026zrdf2bpj,hypodd,ohyp2026ztfh4273,2025-08-02T22:07:04.919999Z,14.059903,-89.82771,5.87,1.4294,MLc,0.127,137,6,0.0242,0.0341,
eslv2026wdlcqa4f,ohdd20264r7usaiv,hypodd,ohyp2026fu5y7hfr,2025-08-02T22:11:36.560000Z,14.100595,-89.873055,5.072,1.6907,MLc,0.239,276,7,0.0362,0.0397,
eslv2026ktapchqt,ohdd2026lrhluxll,hypodd,ohyp2026hn4bcnjl,2025-08-02T23:51:50.920000Z,14.044511,-89.807365,4.464,1.2674,MLc,0.259,132,10,0.0275,0.0313,
eslv2026p7se33ov,ohdd20263r5uo2nj,hypodd,ohyp2026y2cpr37t,2025-08-02T23:52:21.339999Z,14.157476,-89.83125,0.482,2.1608,MLc,0.192,259,6,0.91,1.8585,
eslv20262aick6j3,ohdd202623joqmxf,hypodd,ohyp2026bwmjco45,2025-08-02T23:55:08.839999Z,14.013759,-89.799601,9.255,0.4304,MLc,0.403,168,6,0.0108,0.0068,
eslv20267aspkax7,ohdd2026o3x5gw7a,hypodd,ohyp2026ri7lvosd,2025-08-03T00:10:16.129999Z,14.044701,-89.827336,8,1.4926,MLc,0.132,177,6,0.038,0.0394,
eslv20262l7bktzv,ohdd2026wp2y5kfe,hypodd,ohyp20267ipitvin,2025-08-03T00:14:16.620000Z,14.066137,-89.929533,7.301,1.6851,MLc,0.168,293,6,0.2057,0.2194,
eslv2026ci6jxivh,ohdd20265e3uefhx,hypodd,ohyp2026eu533uf4,2025-08-03T00:15:43.929999Z,14.10313,-89.859163,6.71,1.9256,MLc,0.174,238,8,0.0307,0.0291,
eslv2026jstkqef7,ohdd20267ckvwx5y,hypodd,ohyp2026t4jopfrt,2025-08-03T00:59:12.640000Z,14.020577,-89.788037,4.065,1.3772,MLc,0.148,150,7,0.0225,0.0307,
eslv2026up4kahdb,ohdd2026ktyq4eoy,hypodd,ohyp2026jz2qwyt4,2025-08-03T01:07:07.799999Z,13.991204,-89.820687,6.962,0.548,MLc,0.167,181,6,0.0708,0.0766,
eslv2026wvsij7i5,ohdd2026zxjuoswk,hypodd,ohyp2026dbc6ko2m,2025-08-03T01:46:36.899999Z,14.011578,-89.790007,8.486,1.9963,MLc,0.199,109,17,0.0121,0.0178,
eslv2026jeiciejb,ohdd2026yyhjum2k,hypodd,ohyp2026eysa6ihq,2025-08-03T02:08:30.820000Z,14.10586,-89.859196,6.662,1.7528,MLc,0.194,272,8,0.0394,0.0389,
eslv2026k2pagetk,ohdd2026bu7ytlvl,hypodd,ohyp2026cbeb2vkt,2025-08-03T02:52:41.109999Z,14.007936,-89.787044,9.297,1.8982,MLc,0.32,116,17,0.0262,0.0336,
eslv2026coccvu4s,ohdd2026hdx5s7lf,hypodd,ohyp20266qfomlmb,2025-08-03T03:08:14.919999Z,14.012462,-89.788761,9.561,1.6878,MLc,0.147,150,8,0.0138,0.0159,
eslv2026752hkaud,ohdd2026ut47pxvc,hypodd,ohyp20264tmuanxf,2025-08-03T03:33:38.460000Z,14.00826,-89.838411,9.341,1.0801,MLc,0.247,154,6,0.0397,0.0351,
eslv2026eyatw36h,ohdd2026ia3bxvzr,hypodd,ohyp2026uq3mzfw3,2025-08-03T03:37:59.880000Z,14.011423,-89.790658,8.143,1.598,MLc,0.169,148,13,0.009,0.0195,
eslv20266w7y7tol,ohdd2026qsea5iwi,hypodd,ohyp2026h6crgdis,2025-08-03T03:43:17.250000Z,14.07343,-89.830046,5.419,0.6034,MLc,0.234,143,6,0.042,0.0424,
eslv202644l4pbqd,ohdd2026v6q3dest,hypodd,ohyp2026tdqavoo5,2025-08-03T04:11:44.640000Z,14.03529,-89.818636,9.834,1.7507,MLc,0.402,154,9,0.0307,0.0324,
eslv2026ooghog6t,ohdd202625nansye,hypodd,ohyp2026njv6gvv4,2025-08-03T04:13:29.219999Z,14.042297,-89.825212,7.309,1.9286,MLc,0.157,132,17,0.0273,0.0286,
eslv2026kfkq6353,ohdd2026te76w64d,hypodd,ohyp2026mfvdwn4i,2025-08-03T04:16:51.189999Z,13.976069,-89.859546,7.355,0.7702,MLc,0.352,174,6,0.0182,0.0232,
eslv2026fkts5r4h,ohdd2026ypmyspe7,hypodd,ohyp2026tek65m2n,2025-08-03T04:27:57.490000Z,14.012524,-89.789266,8.396,1.6673,MLc,0.154,149,16,0.0126,0.0253,
eslv20262gkq7zli,ohdd2026helldpgg,hypodd,ohyp2026ya6j2exh,2025-08-03T04:59:58.130000Z,14.046434,-89.812264,6.417,2.0366,MLc,0.135,115,20,0.0257,0.0237,
eslv2026ikxwa4t2,ohdd2026adogmc66,hypodd,ohyp2026d42fb7nl,2025-08-03T05:13:19.170000Z,13.991322,-89.863159,7.765,0.8884,MLc,0.048,223,6,0.0124,0.0145,
eslv2026dchrql54,ohdd2026jllnwqfc,hypodd,ohyp2026srpmeaaf,2025-08-03T05:13:39.820000Z,14.037538,-89.827441,6.163,1.7407,MLc,0.193,151,16,0.0334,0.0321,
eslv2026akeytiqq,ohdd2026wwk5tphh,hypodd,ohyp2026t5mxx3qi,2025-08-03T05:16:37.359999Z,14.012903,-89.785018,21.82,1.6309,MLc,0.024,149,7,0.1608,0.0926,
eslv2026nwljz7jr,ohdd2026qhmkmtmv,hypodd,ohyp2026ppi3ddlb,2025-08-03T05:18:17.760000Z,14.013249,-89.788851,8.316,1.5249,MLc,0.18,148,13,0.0222,0.0228,
eslv2026zewjxn3l,ohdd2026uwhxhbhx,hypodd,ohyp2026wpae64sm,2025-08-03T05:20:25.539999Z,14.0179,-89.791048,4.19,0.9364,MLc,0.176,151,7,0.0302,0.0455,
eslv2026l6n3x34n,ohdd2026tiwamvar,hypodd,ohyp2026tvhmdews,2025-08-03T05:33:42.329999Z,14.039796,-89.720133,8.025,1.1244,MLc,0.248,170,6,0.1077,0.1284,
eslv202662lleewc,ohdd202654qfjclg,hypodd,ohyp2026s3ncv4vl,2025-08-03T05:36:21.769999Z,13.949094,-89.850806,8.347,1.8564,MLc,0.201,175,17,0.023,0.0271,
eslv2026xqf47vcp,ohdd2026eseukadq,hypodd,ohyp2026ia5wdrnl,2025-08-03T05:41:35.659999Z,14.105483,-89.86167,6.498,1.5291,MLc,0.255,323,9,0.0432,0.0252,
eslv2026npwv4oeg,ohdd2026ft3ag6bo,hypodd,ohyp202626sn7frk,2025-08-03T05:50:24.469999Z,14.087159,-89.837313,7.135,1.5549,MLc,0.185,193,9,0.0264,0.0295,
eslv2026wq2f7wwv,ohdd2026ol2vv547,hypodd,ohyp2026eylki4xx,2025-08-03T06:13:47.090000Z,14.017544,-89.791081,4.185,0.9901,MLc,0.174,218,6,0.0336,0.041,
eslv2026rqna56ux,ohdd2026zplijb7g,hypodd,ohyp20264lsida6y,2025-08-03T06:46:31.289999Z,13.954186,-89.845133,4.739,1.4976,MLc,0.29,178,12,0.027,0.0273,
eslv2026ynf4ru5c,ohdd2026tecc5i5h,hypodd,ohyp20266jczi5ig,2025-08-03T06:51:37.740000Z,14.013339,-89.789738,9.941,1.0372,MLc,0.145,155,6,0.0201,0.0297,
eslv2026izpwtk2d,ohdd2026odyt4mkr,hypodd,ohyp20263gjkl4r2,2025-08-03T07:12:09.949999Z,14.020588,-89.848055,7.314,1.0893,MLc,0.247,170,9,0.0251,0.0287,
eslv2026kjlpgajb,ohdd2026nknsw2rl,hypodd,ohyp2026i6ca7z3l,2025-08-03T07:13:58.299999Z,14.012791,-89.788867,8.374,1.7628,MLc,0.132,153,13,0.0132,0.0172,
eslv2026lq47iz3q,ohdd20264z3q2yoe,hypodd,ohyp2026rksaadau,2025-08-03T07:14:20.879999Z,14.002623,-89.873511,10.582,1.2055,MLc,0.032,277,7,0.0274,0.0257,
eslv2026cxgfvrop,ohdd2026szgubwgq,hypodd,ohyp2026hpw7qqsf,2025-08-03T07:17:27.329999Z,14.041204,-89.824072,6.449,1.3312,MLc,0.125,149,9,0.0354,0.0334,
eslv2026mymv2g7a,ohdd20264l3e7zwu,hypodd,ohyp2026jvje7byt,2025-08-03T07:17:56.189999Z,13.961903,-89.835303,7.994,0.8225,MLc,0.259,161,6,0.0237,0.0305,
eslv2026w3sybbfv,ohdd2026brzs67tx,hypodd,ohyp2026qi7so6e6,2025-08-03T07:21:10.490000Z,13.94468,-89.85223,9.071,2.4991,MLc,0.154,165,11,0.0248,0.0307,
eslv2026fewpcbn3,ohdd2026hvh3o3um,hypodd,ohyp2026isx6i3ur,2025-08-03T07:22:26.780000Z,13.943963,-89.854036,9.081,1.6657,MLc,0.163,186,16,0.0259,0.0195,
eslv2026qoibso5j,ohdd2026ezgg74lj,hypodd,ohyp2026wdeymq72,2025-08-03T07:24:37.780000Z,13.946592,-89.85223,8.176,1.084,MLc,0.234,168,7,0.026,0.0228,
eslv2026cx74ygmt,ohdd2026tey7tgs4,hypodd,ohyp2026r3pmmjze,2025-08-03T07:25:56.799999Z,13.949262,-89.85131,6.89,1.2297,MLc,0.139,156,8,0.0311,0.0442,
eslv2026ricyhury,ohdd2026frk76yql,hypodd,ohyp2026qurzcjvz,2025-08-03T07:31:22.309999Z,14.02174,-89.817456,4.728,0.6606,MLc,0.317,188,6,0.0272,0.0333,
eslv20264srrxutq,ohdd20267nsiqqe2,hypodd,ohyp2026dfp6qp7s,2025-08-03T07:32:19.250000Z,14.055813,-89.816545,7.948,1.6944,MLc,0.195,146,13,0.0348,0.0388,
eslv20264llawpfn,ohdd2026qnxkf5kd,hypodd,ohyp2026vtjkwys7,2025-08-03T07:38:36.659999Z,14.042974,-89.8205,0.978,1.0588,MLc,0.212,182,6,0.0409,0.0678,
eslv20262nfoqnke,ohdd2026q5p5aai6,hypodd,ohyp2026qsnvou3m,2025-08-03T07:39:20.300000Z,14.01466,-89.899902,3.649,1.2682,MLc,0.013,181,6,0.1218,0.0941,
eslv2026hcpbmkoe,ohdd20263rgkqjnd,hypodd,ohyp2026oxjdekd7,2025-08-03T07:44:10.759999Z,14.018898,-89.854793,8.798,1.2475,MLc,0.197,171,11,0.0236,0.0257,
eslv2026cttfab65,ohdd2026agamzpbp,hypodd,ohyp2026yzlxe7wx,2025-08-03T07:44:43.689999Z,14.036737,-89.81748,3.237,1.4212,MLc,0.112,153,7,0.0359,0.0312,
eslv2026d7evtzo3,ohdd2026zoqnd5mq,hypodd,ohyp2026oa6fphpb,2025-08-03T07:52:37.380000Z,14.043196,-89.807869,4.373,1.2904,MLc,0.107,160,12,0.0297,0.0307,
eslv2026j42ohtbv,ohdd2026gb7qdd2e,hypodd,ohyp2026dwvxtguz,2025-08-03T07:55:37.909999Z,14.017393,-89.791553,4.613,0.9188,MLc,0.179,150,8,0.0269,0.0334,
eslv2026on4ps2qa,ohdd2026ev2pvpg5,hypodd,ohyp2026non27p5u,2025-08-03T08:01:33.570000Z,14.021362,-89.852881,7.995,1.1489,MLc,0.21,179,9,0.023,0.0319,
eslv20262qwrechw,ohdd2026yjbw3n2x,hypodd,ohyp2026ktvhre5b,2025-08-03T08:09:10.150000Z,14.040469,-89.884798,8.009,1.5411,MLc,0.21,217,13,0.0358,0.0351,
eslv2026nozdn643,ohdd2026jjjcjtdo,hypodd,ohyp2026jjfidh52,2025-08-03T08:14:53.840000Z,14.043382,-89.808724,4.393,1.3154,MLc,0.127,173,12,0.0293,0.0273,
eslv2026mmcue5d2,ohdd2026zczwqa3a,hypodd,ohyp2026cakwenfe,2025-08-03T08:17:13.750000Z,14.042715,-89.810254,4.358,1.5726,MLc,0.152,170,13,0.0352,0.0346,
eslv2026oadc6htq,ohdd2026doza2sel,hypodd,ohyp2026wmvzp4mq,2025-08-03T08:19:55.979999Z,14.040461,-89.891349,8.351,1.2819,MLc,0.185,211,7,0.0229,0.0296,
eslv2026ykwmlthd,ohdd2026phii6mod,hypodd,ohyp20267tpwdeiw,2025-08-03T08:32:44.170000Z,13.960267,-89.833667,9.418,1.3942,MLc,0.17,158,14,0.013,0.0179,
eslv2026fljbw2jr,ohdd2026wghpmhuf,hypodd,ohyp2026tyavqja2,2025-08-03T08:34:37.710000Z,14.012167,-89.755851,0.448,0.8259,MLc,0.275,249,6,0.5069,1.6183,
eslv2026ixi76ixr,ohdd202646hy5zo3,hypodd,ohyp2026fzs44vuv,2025-08-03T08:38:50.700000Z,14.010397,-89.788794,21.77,1.295,MLc,0.024,147,9,0.1583,0.0926,
eslv2026ysks3n6m,ohdd2026ccqxvcbo,hypodd,ohyp20267u334kv7,2025-08-03T08:41:41.149999Z,14.017473,-89.791187,4.513,0.7386,MLc,0.312,154,9,0.03,0.04,
eslv2026tih3o4fx,ohdd2026teiomkhs,hypodd,ohyp2026v3usug2a,2025-08-03T08:51:20.140000Z,14.061459,-89.826302,4.994,1.3707,MLc,0.13,177,10,0.0284,0.0279,
eslv2026fp6xc4ca,ohdd2026aobv7oiq,hypodd,ohyp2026e24ucdhn,2025-08-03T09:04:21.289999Z,13.954063,-89.844417,4.926,1.6288,MLc,0.221,167,14,0.0236,0.0192,
eslv2026wu3wlhxh,ohdd2026bkf7mrag,hypodd,ohyp2026kqc3rtla,2025-08-03T09:09:53.920000Z,14.078863,-89.821045,7.551,1.0835,MLc,0.123,221,8,0.0311,0.0278,
eslv2026rmlxcfzn,ohdd2026sehsk4ol,hypodd,ohyp2026vg3z26j4,2025-08-03T09:14:19.350000Z,13.941586,-89.865788,4.892,0.5892,MLc,0.22,200,6,0.0383,0.0258,
eslv2026fv6r5nxk,ohdd20265dr47j3w,hypodd,ohyp2026i2x3r5ms,2025-08-03T09:15:23.410000Z,14.012739,-89.789323,7.416,1.2003,MLc,0.273,149,10,0.0152,0.0306,
eslv2026ckv2y7vu,ohdd20265raety2k,hypodd,ohyp2026v276r5n6,2025-08-03T09:20:01.100000Z,14.07456,-89.859196,4.634,1.7113,MLc,0.221,135,19,0.0306,0.0273,
eslv2026jawbgchf,ohdd2026tkmu5bqj,hypodd,ohyp20262qgh44ml,2025-08-03T09:26:41.520000Z,14.044197,-89.811792,5.426,1.4346,MLc,0.124,178,11,0.0384,0.0373,
eslv2026ks7ubhtk,ohdd20267bzjrwg7,hypodd,ohyp20263zmtimz2,2025-08-03T09:30:52.810000Z,14.047946,-89.811515,6.937,1.2592,MLc,0.096,173,6,0.0255,0.0257,
eslv2026dvebd6to,ohdd202623ck3ctz,hypodd,ohyp2026vly4k7uz,2025-08-03T09:31:40.880000Z,13.962486,-89.834627,9.68,,,0.275,224,6,0.0126,0.0218,
eslv2026uulmpo4o,ohdd20262khamre2,hypodd,ohyp2026wsesquqc,2025-08-03T09:37:38.659999Z,14.051956,-89.814632,7.17,2.0947,MLc,0.171,138,19,0.0274,0.0265,
eslv2026wu7hbkar,ohdd2026elvdz4ox,hypodd,ohyp20267vvc3upf,2025-08-03T09:44:47.310000Z,14.080144,-89.824243,8.427,1.3082,MLc,0.118,158,9,0.0212,0.0235,
eslv2026kglhksd2,ohdd2026yqi5fsxv,hypodd,ohyp2026e4dxgt5v,2025-08-03T10:00:31.690000Z,14.015582,-89.794368,4.204,0.8369,MLc,0.188,152,8,0.0246,0.036,
eslv2026tw2bbapm,ohdd2026tr6dhcwt,hypodd,ohyp2026mzmlui7q,2025-08-03T10:12:12.599999Z,13.953746,-89.844523,4.93,1.4247,MLc,0.216,169,14,0.0236,0.0168,
eslv2026dmztfefb,ohdd2026cxstk2bn,hypodd,ohyp2026vyelolcv,2025-08-03T10:12:34.759999Z,13.947273,-89.8507,8.32,1.1262,MLc,0.196,158,7,0.0253,0.0225,
eslv2026i5smdryi,ohdd2026qzxxryht,hypodd,ohyp2026b3gruw7c,2025-08-03T10:16:40.450000Z,14.035663,-89.788525,11.689,1.1228,MLc,0.352,161,10,0.0451,0.036,
eslv2026qihkwris,ohdd20262bu3xw6a,hypodd,ohyp2026mfenmkde,2025-08-03T10:25:10.410000Z,14.04818,-89.812858,6.083,1.339,MLc,0.134,173,12,0.0316,0.0418,
eslv20266yqj442z,ohdd20263wifuid5,hypodd,ohyp2026wjwogwwg,2025-08-03T10:29:04.200000Z,14.05567,-89.830005,4.417,1.2434,MLc,0.223,229,8,0.0311,0.0254,
eslv20267a76sgnv,ohdd2026nt2wgwhj,hypodd,ohyp20264uopkiue,2025-08-03T10:35:06.120000Z,13.959839,-89.83505,9.038,1.4681,MLc,0.198,161,15,0.0159,0.028,
eslv2026wnrl7cg3,ohdd20263dkeh74a,hypodd,ohyp2026rdlupmau,2025-08-03T10:47:07.440000Z,14.012855,-89.789982,8.354,1.8535,MLc,0.239,105,18,0.0208,0.0237,
eslv2026fe7xdmrx,ohdd2026nafimp3x,hypodd,ohyp2026zmenfegf,2025-08-03T10:50:57.729999Z,14.046049,-89.819255,7.09,0.8407,MLc,0.093,232,6,0.032,0.0451,
eslv2026n7cmneh3,ohdd2026tyn2creh,hypodd,ohyp2026empvw53q,2025-08-03T10:59:01.459999Z,13.94612,-89.851473,9.067,1.6706,MLc,0.184,165,10,0.0262,0.0251,
eslv2026lkhcefuu,ohdd2026fo435cdu,hypodd,ohyp2026zu3sdf6b,2025-08-03T11:00:57.259999Z,13.941226,-89.855851,9.796,1.4726,MLc,0.19,175,12,0.0289,0.022,
eslv20266aw6jv4l,ohdd2026pxis45bg,hypodd,ohyp2026gvk56uyv,2025-08-03T11:15:22.890000Z,13.942314,-89.853516,10.026,1.1079,MLc,0.205,175,6,0.0378,0.0382,
eslv2026vb7xj7zd,ohdd2026ycaax5nw,hypodd,ohyp2026c53itd2n,2025-08-03T11:45:53.329999Z,14.069764,-89.872445,7.41,2.6152,MLc,0.28,269,20,0.0601,0.0472,
eslv2026bmrazujb,ohdd2026fa6x5kwg,hypodd,ohyp2026hsht2dzm,2025-08-03T11:57:06.639999Z,14.049418,-89.825952,8.758,1.4407,MLc,0.15,132,8,0.0282,0.0252,
eslv2026qkk4ypaw,ohdd2026bdrhkmpg,hypodd,ohyp20267tzvb7zf,2025-08-03T12:03:25.210000Z,13.95367,-89.845036,5.018,1.8832,MLc,0.239,167,18,0.024,0.0169,
eslv2026ekshw56f,ohdd2026nsr6gwmx,hypodd,ohyp2026u5c2nbz5,2025-08-03T12:11:22.399999Z,13.876732,-89.728711,5.688,0.1201,MLc,0.217,245,6,0.0412,0.0456,
eslv2026t7b2mls4,ohdd20265lckx6k5,hypodd,ohyp2026ylef3arp,2025-08-03T12:16:40.179999Z,14.064061,-89.797705,17.563,1.6018,MLc,0.417,245,7,0.0156,0.0099,
eslv2026auhwbawz,ohdd2026qnmme6vz,hypodd,ohyp2026ickvnopr,2025-08-03T12:17:51.710000Z,14.0145,-89.785327,7.849,1.0667,MLc,0.158,162,7,0.0235,0.0167,
eslv2026zhtwux65,ohdd2026tib7xiky,hypodd,ohyp2026fwxh6uld,2025-08-03T12:18:16.910000Z,14.086397,-89.837638,6.829,1.764,MLc,0.156,184,7,0.0267,0.0229,
eslv2026gm3fh2mt,ohdd20263skmj3zf,hypodd,ohyp202623f6vycu,2025-08-03T12:29:36.560000Z,13.994621,-89.83243,6.417,1.0112,MLc,0.152,150,6,0.0904,0.1727,
eslv2026lnaajqqu,ohdd20262egdxfm6,hypodd,ohyp2026wzjwi5f7,2025-08-03T12:32:16.500000Z,14.017872,-89.79196,8.482,0.439,MLc,0.345,239,6,0.0744,0.0456,
eslv2026d3zz5j4a,ohdd2026xpr6qby3,hypodd,ohyp20263pdhzgoz,2025-08-03T12:34:54.310000Z,14.076859,-89.834269,5.363,1.4066,MLc,0.242,246,8,0.059,0.0465,
eslv2026ngzlq6ro,ohdd2026dzwiydlg,hypodd,ohyp2026ltiwhdq5,2025-08-03T12:39:49.329999Z,14.017136,-89.791634,4.484,1.3662,MLc,0.166,155,9,0.0226,0.0351,
eslv2026f6rbqg2a,ohdd2026vtj7gevd,hypodd,ohyp2026neho2jbg,2025-08-03T12:40:50.850000Z,14.012054,-89.788965,8.399,2.1601,MLc,0.146,110,19,0.0115,0.0143,
eslv2026dlt2g4vv,ohdd20262yyecmny,hypodd,ohyp2026tsiyuxhh,2025-08-03T12:41:57.649999Z,14.010697,-89.850252,4.927,1.2639,MLc,0.223,173,8,0.0365,0.033,
eslv2026lnbn3pma,ohdd2026qq5uvzu6,hypodd,ohyp2026q5pnvzqk,2025-08-03T12:48:34.250000Z,14.017822,-89.845524,4.752,0.7947,MLc,0.225,159,7,0.0426,0.0387,
eslv2026xozsq3xo,ohdd20266jwq4hy4,hypodd,ohyp2026d3zi2p5c,2025-08-03T12:59:02.310000Z,14.006794,-89.894238,2.709,1.2237,MLc,0.16,210,6,0.031,0.0268,
eslv2026vqc355jv,ohdd2026d3asoosm,hypodd,ohyp2026qkvskt6x,2025-08-03T13:19:55.500000Z,14.017302,-89.833358,7.141,1.1484,MLc,0.367,185,6,0.0249,0.0418,
eslv2026y3effn4f,ohdd2026lc4q5ves,hypodd,ohyp202636ttkvxa,2025-08-03T13:33:16.320000Z,14.044944,-89.80835,4.708,1.9481,MLc,0.092,121,14,0.0272,0.0304,
eslv2026bdtx2gow,ohdd2026a4cx75ts,hypodd,ohyp2026f6hlusun,2025-08-03T13:41:26.109999Z,14.011412,-89.789836,8.147,1.4874,MLc,0.153,111,12,0.0132,0.0256,
eslv2026vo36vxt7,ohdd2026zaafpdxz,hypodd,ohyp2026q5rjzbt4,2025-08-03T13:47:15.369999Z,14.049356,-89.822453,7.935,2.1926,MLc,0.126,122,16,0.0245,0.0245,
eslv20263k5fnpap,ohdd2026yj6ljpzo,hypodd,ohyp2026vpve2ghd,2025-08-03T14:00:19.100000Z,14.045769,-89.80826,4.75,1.807,MLc,0.101,124,17,0.0272,0.0239,
eslv2026t4rvyzwd,ohdd2026vmfbqor4,hypodd,ohyp2026vkwapjfr,2025-08-03T14:00:54.719999Z,14.045775,-89.808838,4.615,1.6799,MLc,0.235,181,13,0.035,0.0271,
eslv2026zepwuc4q,ohdd2026sidn4u52,hypodd,ohyp2026twrpp52p,2025-08-03T14:12:44.950000Z,14.022596,-89.847274,7.309,1.9013,MLc,0.193,163,17,0.0204,0.026,
eslv2026wy4mbnvn,ohdd20264qw7xcie,hypodd,ohyp2026357u6ton,2025-08-03T14:21:33.659999Z,14.012319,-89.789754,8.253,3.6766,MLc,0.2,104,22,0.0203,0.0243,
eslv2026kentir2h,ohdd2026bpd2cvwi,hypodd,ohyp2026kvvqlowe,2025-08-03T14:23:37.780000Z,14.042226,-89.82439,7.652,1.722,MLc,0.15,131,15,0.0312,0.0274,
eslv2026a6liia2g,ohdd2026tuvzog5b,hypodd,ohyp2026kozanbbb,2025-08-03T14:24:22.550000Z,14.012918,-89.789893,7.599,1.7288,MLc,0.176,134,12,0.0234,0.031,
eslv2026sztkc6th,ohdd2026wihaq34v,hypodd,ohyp2026p3dzj55p,2025-08-03T15:17:10.130000Z,14.085262,-89.843066,6.434,1.6105,MLc,0.108,147,7,0.0275,0.0307,
eslv2026bine5abg,ohdd2026kncy2ncy,hypodd,ohyp20265t5uvjlj,2025-08-03T15:21:50.920000Z,14.013892,-89.790715,7.866,1.4599,MLc,0.024,135,10,0.0251,0.0271,
eslv20263e7tt2l5,ohdd2026xetwxvny,hypodd,ohyp2026jswaln2x,2025-08-03T16:16:01.820000Z,13.970787,-89.870662,7.316,1.6173,MLc,0.33,189,7,0.0144,0.0209,
eslv20263ck44fl2,ohdd20267l62f7i7,hypodd,ohyp2026astq7bmt,2025-08-03T16:16:34.939999Z,14.01583,-89.86923,7.693,0.8708,MLc,0.063,252,6,0.0227,0.0196,
eslv20266egydg43,ohdd2026pj3sftdq,hypodd,ohyp2026zesgbrry,2025-08-03T16:31:38.759999Z,14.034936,-89.790706,13.18,1.2998,MLc,0.231,122,8,0.0504,0.0425,
eslv2026h6qkoytz,ohdd2026yoyr2i54,hypodd,ohyp20265z4n7cln,2025-08-03T16:46:41.700000Z,14.07921,-89.824186,8.376,1.9392,MLc,0.13,163,15,0.0252,0.0279,
eslv20264yz5kfpo,ohdd2026gmhmlth6,hypodd,ohyp2026xfcpdw25,2025-08-03T17:00:07.839999Z,14.078657,-89.821615,7.891,1.9305,MLc,0.21,151,6,0.0321,0.0274,
eslv2026f3qginbi,ohdd202633rf7sic,hypodd,ohyp2026ungjupjb,2025-08-03T17:23:51.520000Z,14.022306,-89.851343,7.822,1.799,MLc,0.244,170,13,0.0232,0.0258,
eslv2026iblltnk6,ohdd2026opzraaua,hypodd,ohyp20263wdcsxts,2025-08-03T17:28:00.020000Z,14.020185,-89.849723,7.462,2.1808,MLc,0.243,169,17,0.0257,0.0281,
eslv20266my3zz5q,ohdd2026cizbjgt3,hypodd,ohyp2026l5snm6mx,2025-08-03T18:01:29.579999Z,14.041306,-89.826644,6.942,1.5451,MLc,0.115,170,7,0.0252,0.0241,
eslv2026n4w7a76b,ohdd20264lnr6b6c,hypodd,ohyp2026v57nveer,2025-08-03T18:16:50.240000Z,14.014497,-89.837069,6.92,1.4989,MLc,0.257,147,7,0.0212,0.0243,
eslv2026bpsjyi7s,ohdd20265j3kynqt,hypodd,ohyp2026zhx4wdy5,2025-08-03T18:22:12.279999Z,14.038798,-89.822314,5.211,1.8048,MLc,0.135,130,10,0.0331,0.045,
eslv2026afty3unv,ohdd2026k4d6yof7,hypodd,ohyp2026f2f7fyce,2025-08-03T18:36:21.379999Z,14.069947,-89.863932,4.767,2.3596,MLc,0.294,184,17,0.0445,0.036,
eslv2026cojbqk25,ohdd2026so7tsl4v,hypodd,ohyp2026hfscum67,2025-08-03T18:38:06.839999Z,14.005927,-89.822778,9.986,0.7853,MLc,0.28,165,6,0.0152,0.0273,
eslv2026wg5gn223,ohdd2026gzhapmbs,hypodd,ohyp2026aixgrlgu,2025-08-03T18:51:40.359999Z,14.04299,-89.88715,8.412,2.0769,MLc,0.222,217,9,0.0254,0.0248,
eslv2026guxbpep7,ohdd2026h7ksjnvz,hypodd,ohyp20263p2xxxmq,2025-08-03T19:31:29.039999Z,14.05817,-89.827254,4.42,1.5501,MLc,0.148,151,6,0.0323,0.0323,
eslv2026seaimm66,ohdd2026ked4dzju,hypodd,ohyp2026chv6vksj,2025-08-03T19:45:28.079999Z,14.012743,-89.789339,8.273,1.9417,MLc,0.155,112,18,0.0138,0.0224,
eslv20263mopn2yf,ohdd2026hgzczud3,hypodd,ohyp2026hxd2kjp3,2025-08-03T19:50:24.160000Z,14.035664,-89.829688,4.922,1.5326,MLc,0.184,187,7,0.0494,0.0277,
eslv2026wqvaad7q,ohdd20264zwnmbhe,hypodd,ohyp2026ymq4k42q,2025-08-03T20:08:45.560000Z,14.07982,-89.825008,8.412,1.9284,MLc,0.176,164,10,0.0243,0.0272,
eslv2026d43e52bt,ohdd2026ir2kpgg4,hypodd,ohyp2026cqwoq52x,2025-08-03T20:12:02.459999Z,14.016676,-89.790869,2.352,1.9151,MLc,0.317,161,7,0.0236,0.0419,
eslv2026vxksr3ux,ohdd2026iy642f5n,hypodd,ohyp2026ugu54hns,2025-08-03T20:24:48.920000Z,14.006505,-89.866203,10.25,1.5198,MLc,0.059,217,8,0.0729,0.0886,
eslv2026ehkccrhe,ohdd2026f5xb3lzj,hypodd,ohyp2026idcwokny,2025-08-03T20:38:33.920000Z,14.047412,-89.813566,6.722,2.1667,MLc,0.14,137,17,0.0257,0.0244,
eslv2026nnpup3dz,ohdd2026goqe7rpy,hypodd,ohyp2026bqm7gsdw,2025-08-03T20:39:22.239999Z,14.042332,-89.808773,4.196,1.4433,MLc,0.117,133,6,0.0285,0.031,
eslv2026dgacbgmr,ohdd2026fhxacdxm,hypodd,ohyp2026bglllqlt,2025-08-03T21:54:27.140000Z,14.00526,-89.80494,11.794,1.1051,MLc,0.153,144,7,0.0828,0.0385,
eslv2026cytytaxw,ohdd2026pnbgaiid,hypodd,ohyp2026r7vyczpu,2025-08-03T22:38:55.079999Z,14.085404,-89.844564,6.546,1.7055,MLc,0.109,158,9,0.0204,0.0257,
eslv2026mjnmo2ur,ohdd2026z6xcnmkf,hypodd,ohyp20262pzej6ea,2025-08-03T23:17:37.140000Z,14.029108,-89.848283,7.574,1.0748,MLc,0.247,175,7,0.0316,0.0269,
eslv20267eho2zvi,ohdd2026rhj2x7dh,hypodd,ohyp2026engpmjnb,2025-08-03T23:25:27.620000Z,14.056737,-89.800309,3.556,1.6296,MLc,0.138,180,6,0.0339,0.0464,
eslv2026sxsycfvt,ohdd2026dm4qrr36,hypodd,ohyp2026nvqzqew4,2025-08-03T23:58:48.439999Z,14.046366,-89.812435,6.367,1.9556,MLc,0.129,139,14,0.0262,0.0275,
eslv2026bhzqevun,ohdd2026khkbodqc,hypodd,ohyp2026vhxzf7zx,2025-08-04T00:20:21.050000Z,14.047949,-89.823901,7.671,1.7166,MLc,0.208,165,7,0.0294,0.0288,
eslv2026t4mepw6n,ohdd2026te62rp4r,hypodd,ohyp2026bkhdajsj,2025-08-04T00:27:17.429999Z,14.109395,-89.863623,6.456,1.9644,MLc,0.244,283,11,0.0373,0.026,
eslv2026xbzuqj2p,ohdd202643vc63q3,hypodd,ohyp2026co4ndtlu,2025-08-04T00:47:11.609999Z,13.99917,-89.837467,8.941,1.4905,MLc,0.222,150,7,0.0224,0.0408,
eslv202663yepz56,ohdd2026u4f7v2jz,hypodd,ohyp2026ctjlblcy,2025-08-04T01:02:27.699999Z,14.055195,-89.822298,8.358,1.4135,MLc,0.132,152,9,0.024,0.0245,
eslv2026py3zv4lm,ohdd2026v3omzju7,hypodd,ohyp2026mdnslqnv,2025-08-04T01:12:22.960000Z,13.950342,-89.845451,7.963,2.4326,MLc,0.191,206,17,0.0335,0.0329,
eslv2026643bmdk5,ohdd2026rahy7y63,hypodd,ohyp2026bp6sjnbd,2025-08-04T01:22:04.370000Z,14.058134,-89.903288,4.325,0.5536,MLc,0.182,262,6,0.0238,0.0211,
eslv2026jcyfplt3,ohdd2026xzo3x37c,hypodd,ohyp2026k4zvgc6m,2025-08-04T01:50:17.339999Z,14.050054,-89.833244,3.875,1.638,MLc,0.211,168,9,0.0361,0.0373,
eslv2026vfp3gw7l,ohdd20267ujfuee3,hypodd,ohyp2026uhmn6ay4,2025-08-04T02:02:51.219999Z,14.051515,-89.834847,4.008,1.1225,MLc,0.25,164,6,0.0402,0.04,
eslv202677l5ekcz,ohdd20264fg2wxfs,hypodd,ohyp2026ljfq3kg6,2025-08-04T02:36:51.640000Z,13.99827,-89.882552,3.228,0.6606,MLc,0.09,223,6,0.0208,0.0262,
eslv2026gkqxq2s4,ohdd2026rt34g64b,hypodd,ohyp2026y55ffvhs,2025-08-04T03:14:05.669999Z,14.054929,-89.820483,4.747,1.176,MLc,0.118,134,6,0.0219,0.0204,
eslv2026qjsudakk,ohdd2026llvmgnrw,hypodd,ohyp2026xsmtbfmi,2025-08-04T03:50:37.329999Z,13.998176,-89.840161,9.167,1.1291,MLc,0.162,203,6,0.0179,0.0315,
eslv2026azw2iad2,ohdd2026f3bnfycd,hypodd,ohyp2026gg6a367r,2025-08-04T05:07:12.740000Z,14.048059,-89.82089,4.568,1.4859,MLc,0.196,167,11,0.0371,0.033,
eslv202654cgbvxz,ohdd2026evsnvem6,hypodd,ohyp2026vf2bn5iq,2025-08-04T05:26:56.719999Z,14.017571,-89.791366,4.768,1.2568,MLc,0.18,158,9,0.0273,0.0352,
eslv2026qaz4z2qm,ohdd2026aobdiluw,hypodd,ohyp2026hzfaqqhw,2025-08-04T05:30:22.170000Z,14.002071,-89.833488,10.755,0.248,MLc,0.29,169,6,0.0214,0.0359,
eslv2026zst3garc,ohdd2026nlfufunn,hypodd,ohyp2026ty65khkl,2025-08-04T05:32:15.160000Z,14.012009,-89.79034,11.258,0.9258,MLc,0.188,148,8,0.0263,0.026,
eslv2026a5h4rwl3,ohdd2026ehr3tqnw,hypodd,ohyp2026inzxoq5g,2025-08-04T05:47:43.810000Z,14.009141,-89.800488,7.253,1.1405,MLc,0.314,165,14,0.0446,0.0499,
eslv20262yenf6sx,ohdd2026riityvr5,hypodd,ohyp2026llnwdnxa,2025-08-04T05:51:55.409999Z,14.015951,-89.7934,4.651,0.7602,MLc,0.233,173,9,0.0274,0.0305,
eslv2026chxajbmm,ohdd2026u46stvax,hypodd,ohyp20266qsbzezg,2025-08-04T05:57:25.570000Z,13.985931,-89.760905,7.975,2.0035,MLc,0.159,121,18,0.014,0.0243,
eslv2026wtpjm4zv,ohdd2026vda24hej,hypodd,ohyp2026jmxpsqys,2025-08-04T06:11:21.609999Z,14.078739,-89.844971,5.949,1.4555,MLc,0.354,185,8,0.0717,0.0717,
eslv2026faogatac,ohdd2026u3ny5qta,hypodd,ohyp2026llu2xloi,2025-08-04T06:40:22.070000Z,14.083446,-89.83527,7.065,1.375,MLc,0.102,147,8,0.0222,0.0297,
eslv202637a4q7rw,ohdd2026p3bwi3om,hypodd,ohyp2026zwu6wwz6,2025-08-04T06:59:48.509999Z,14.137257,-89.822046,4.914,0.5619,MLc,0.018,294,6,0.05,0.0478,
eslv2026iwrqatvb,ohdd2026neadbvd5,hypodd,ohyp2026nw44hfta,2025-08-04T07:20:33.890000Z,14.079491,-89.824219,7.841,1.4677,MLc,0.129,175,17,0.026,0.0318,
eslv2026kfoqgg7j,ohdd2026o5gghljx,hypodd,ohyp2026dzy5ptss,2025-08-04T07:47:48.250000Z,14.039983,-89.826701,6.738,1.3199,MLc,0.131,169,7,0.0298,0.0311,
eslv2026qu7552ii,ohdd20266b5cjpli,hypodd,ohyp2026s3h3bls3,2025-08-04T07:53:33.630000Z,14.043001,-89.876147,6.56,1.8083,MLc,0.216,217,15,0.06,0.0523,
eslv2026zocnqtbu,ohdd2026xx4ofzeh,hypodd,ohyp2026fo2bqpfs,2025-08-04T07:55:35.130000Z,14.034483,-89.895955,5.27,1.108,MLc,0.184,233,8,0.0128,0.0153,
eslv2026srkfflqa,ohdd2026afllqu46,hypodd,ohyp2026f3zo27fv,2025-08-04T08:03:38.490000Z,14.012929,-89.789526,8.09,1.1789,MLc,0.162,154,12,0.0202,0.0324,
eslv2026h4d4pkzd,ohdd2026yt5sbfqq,hypodd,ohyp2026qdzbe5rw,2025-08-04T08:13:17.809999Z,14.012638,-89.789225,8.672,1.2618,MLc,0.151,155,11,0.0191,0.0222,
eslv2026n5kdlhkz,ohdd20267zwwkcp5,hypodd,ohyp2026svzemego,2025-08-04T08:16:40.320000Z,14.015106,-89.78488,8.312,1.088,MLc,0.166,161,8,0.0332,0.0297,
eslv2026wpdx6drm,ohdd2026k4ogicu5,hypodd,ohyp2026ftjy2mj6,2025-08-04T08:23:23.649999Z,14.0789,-89.824919,8.385,1.7569,MLc,0.128,159,15,0.0236,0.0304,
eslv20264o7xwuwh,ohdd2026o4gxsf35,hypodd,ohyp2026x5utadpd,2025-08-04T08:34:41.890000Z,14.01111,-89.789982,8.588,2.333,MLc,0.128,144,17,0.0129,0.0243,
eslv20262ypezvaq,ohdd2026zrbquqca,hypodd,ohyp20263nanil5m,2025-08-04T08:37:05.639999Z,14.071725,-89.866325,4.905,2.7557,MLc,0.178,241,17,0.0294,0.0234,
eslv2026m3tggcdo,ohdd2026zu6n3uyu,hypodd,ohyp2026i4sly3ba,2025-08-04T08:41:10.070000Z,14.021224,-89.785425,3.768,1.0138,MLc,0.258,195,7,0.0444,0.0393,
eslv2026sqfeyo4n,ohdd2026emfxlw7n,hypodd,ohyp2026572zewcs,2025-08-04T08:48:44.950000Z,14.049696,-89.842472,4.53,1.5168,MLc,0.273,188,8,0.0385,0.0395,
eslv2026wcwclvjn,ohdd20267fd3fnip,hypodd,ohyp2026nmaa4hhz,2025-08-04T08:50:31.579999Z,14.012039,-89.789225,8.236,1.3251,MLc,0.13,148,13,0.0114,0.018,
eslv2026sptgv6fh,ohdd20266m6rkdrm,hypodd,ohyp2026loktizc6,2025-08-04T09:16:37.829999Z,13.959207,-89.833911,7.473,1.0106,MLc,0.256,197,6,0.0326,0.035,
eslv2026r4azmxae,ohdd2026ivhzthpx,hypodd,ohyp2026pq6pjag5,2025-08-04T09:44:34.700000Z,13.976294,-89.883569,10.991,0.8075,MLc,0.292,180,7,0.0109,0.0103,
eslv2026iuztx72w,ohdd2026idcfqzzv,hypodd,ohyp2026xxxkkt26,2025-08-04T09:57:21.870000Z,14.016946,-89.791634,4.33,1.2158,MLc,0.267,154,9,0.023,0.0337,
eslv2026bwarwqnu,ohdd2026e72kazsq,hypodd,ohyp2026ixpywgtb,2025-08-04T09:57:40.909999Z,14.017012,-89.791618,4.232,1.3462,MLc,0.233,153,11,0.0223,0.0335,
eslv2026riy7zu24,ohdd2026yqfoulux,hypodd,ohyp2026krnjylkx,2025-08-04T10:01:40.140000Z,14.053499,-89.815251,4.483,1.0047,MLc,0.155,169,8,0.0369,0.0389,
eslv2026fntvc7gl,ohdd2026nyyt4mld,hypodd,ohyp20264zkppl4p,2025-08-04T10:24:39.450000Z,14.107447,-89.840503,3.847,1.9645,MLc,0.264,256,11,0.029,0.0223,
eslv20264pddqtqf,ohdd2026uni2uhf7,hypodd,ohyp2026kcnbmqpi,2025-08-04T10:31:00.040000Z,14.079391,-89.82255,7.56,1.6662,MLc,0.131,152,13,0.0318,0.029,
eslv20265irjcisf,ohdd2026yq4orngr,hypodd,ohyp2026uzphnakp,2025-08-04T10:56:41.409999Z,14.036023,-89.937996,10.167,0.4784,MLc,0.055,277,6,0.0263,0.0273,
eslv2026zna5xobc,ohdd2026qrbwycn4,hypodd,ohyp2026parqhnkx,2025-08-04T11:17:01.010000Z,14.012447,-89.78916,8.546,2.2243,MLc,0.164,145,18,0.0151,0.0194,
eslv2026hmhtwtlz,ohdd2026jeuglejt,hypodd,ohyp2026pv5dz5n3,2025-08-04T11:34:16.769999Z,14.017492,-89.791024,4.393,1.2385,MLc,0.127,153,7,0.0216,0.0254,
eslv2026lw5zys54,ohdd2026i73vqm6j,hypodd,ohyp2026j22v2f2b,2025-08-04T12:17:23.339999Z,14.045282,-89.806291,4.427,1.8657,MLc,0.111,138,9,0.0283,0.0354,
eslv2026bfkblpph,ohdd2026yb74qskr,hypodd,ohyp2026r2k6eulv,2025-08-04T12:18:02.359999Z,14.045704,-89.807104,4.362,1.6624,MLc,0.092,135,8,0.0309,0.0349,
eslv20266zd6pekr,ohdd2026pc4hxg4h,hypodd,ohyp2026wf6bpny3,2025-08-04T12:21:16.149999Z,14.046554,-89.811084,5.536,1.7225,MLc,0.125,133,10,0.0247,0.0353,
eslv2026riqbgbdl,ohdd202647fyw6n6,hypodd,ohyp2026u3vszylg,2025-08-04T12:34:47.579999Z,14.030306,-89.801481,4.112,1.0965,MLc,0.216,181,7,0.0329,0.0371,
eslv2026ublfd5xu,ohdd2026vmcva6jo,hypodd,ohyp20263psdxjzx,2025-08-04T12:39:04.589999Z,14.038794,-89.825252,6.509,1.7886,MLc,0.142,162,8,0.0303,0.032,
eslv2026k2q6poon,ohdd2026egfuuj3i,hypodd,ohyp2026i32ezeje,2025-08-04T12:57:10.710000Z,13.950688,-89.845451,8.304,2.1606,MLc,0.183,213,16,0.035,0.0371,
eslv2026ukoaxgfg,ohdd2026cw4b4bf3,hypodd,ohyp2026mteqa4in,2025-08-04T13:08:37.640000Z,14.012779,-89.789168,7.446,1.6394,MLc,0.14,133,9,0.0223,0.0325,
eslv2026gcsi2nx3,ohdd2026o2pehmga,hypodd,ohyp20262oxh6gpt,2025-08-04T13:35:48.729999Z,14.053088,-89.821956,7.567,1.8277,MLc,0.355,141,12,0.0345,0.0369,
eslv20262d3nyqiz,ohdd2026mn4esooj,hypodd,ohyp2026nqncx3ak,2025-08-04T14:33:57.170000Z,14.084083,-89.82723,8.461,1.9532,MLc,0.231,193,6,0.0367,0.039,
eslv2026kpjjxfw5,ohdd2026ser24pfp,hypodd,ohyp2026tq4v6zvv,2025-08-04T14:35:41.939999Z,14.07603,-89.881755,5.608,2.1137,MLc,0.33,270,16,0.063,0.0532,
eslv2026pae73aij,ohdd2026x2ay36vu,hypodd,ohyp20267asmnoap,2025-08-04T14:42:17.179999Z,14.0153,-89.831177,4.598,1.5289,MLc,0.253,171,7,0.0346,0.037,
eslv2026n2vayhvy,ohdd2026idsijmsg,hypodd,ohyp2026egaj3iim,2025-08-04T14:47:10.849999Z,14.070728,-89.859904,4.484,1.222,MLc,0.258,239,6,0.0239,0.0266,
eslv20263qb44ejp,ohdd20265u3tuig7,hypodd,ohyp2026cnbkx6na,2025-08-04T15:21:32.170000Z,14.044791,-89.828255,8.654,1.1084,MLc,0.208,154,7,0.037,0.0443,
eslv20267twwoszk,ohdd2026prwtjrmj,hypodd,ohyp202655ytqbyx,2025-08-04T15:24:50.509999Z,14.069741,-89.849967,10.253,2.0174,MLc,0.188,157,14,0.0107,0.0144,
eslv2026ukajdrvb,ohdd2026qb2yzseo,hypodd,ohyp2026tyqukyd4,2025-08-04T15:39:34.149999Z,14.056091,-89.819979,7.253,1.8501,MLc,0.244,146,8,0.032,0.0318,
eslv2026x743gfqv,ohdd2026nvu7z5oe,hypodd,ohyp2026qs3fzu5v,2025-08-04T16:31:20.589999Z,14.025533,-89.772192,7.252,1.6088,MLc,0.287,119,7,0.0794,0.0828,
eslv2026o47dwah5,ohdd20266yrvdts4,hypodd,ohyp2026cxoab3cz,2025-08-04T16:44:02.790000Z,14.039524,-89.8184,3.272,2.0081,MLc,0.14,158,7,0.0277,0.0391,
eslv2026c2lth3oe,ohdd2026aknvr2ge,hypodd,ohyp20266stlish3,2025-08-04T17:09:34.439999Z,14.081184,-89.824292,8.732,1.2286,MLc,0.11,162,6,0.0248,0.0267,
eslv20262stcj5wr,ohdd2026l5w6v6s6,hypodd,ohyp2026v2gycmxc,2025-08-04T17:11:37.880000Z,14.056805,-89.824756,9.573,1.1886,MLc,0.16,135,7,0.026,0.0352,
eslv2026vbwshb44,ohdd2026ksqgtquj,hypodd,ohyp2026knidiiij,2025-08-04T17:16:34.439999Z,13.963032,-89.832983,8.729,1.4591,MLc,0.28,204,9,0.0205,0.0238,
eslv2026yb6qbhrc,ohdd2026nsmua55y,hypodd,ohyp2026decewslr,2025-08-04T17:29:53.240000Z,14.016792,-89.790959,4.96,1.8092,MLc,0.25,152,11,0.0281,0.0382,
eslv2026uwhtwus4,ohdd2026ovd6dwut,hypodd,ohyp2026ve6r2fgb,2025-08-04T17:30:18.579999Z,14.05406,-89.823047,8.77,1.9015,MLc,0.203,135,15,0.025,0.0297,
eslv2026w6odasw2,ohdd20262pybf3ld,hypodd,ohyp2026t7zbwnte,2025-08-04T18:25:34.840000Z,14.037083,-89.820182,4.487,1.8427,MLc,0.172,168,9,0.0292,0.0318,
eslv2026d2svzaau,ohdd2026a6fxstvc,hypodd,ohyp2026aghnoklf,2025-08-04T19:38:43.159999Z,14.048303,-89.81495,7.402,1.8697,MLc,0.096,138,7,0.0264,0.0283,
eslv2026sttlgval,ohdd2026vgb5r77n,hypodd,ohyp2026vn4hftom,2025-08-04T19:46:16.600000Z,14.108548,-89.863281,6.597,1.7791,MLc,0.201,281,6,0.0349,0.0261,
eslv2026ei3w6i3d,ohdd20265d2mtqoj,hypodd,ohyp2026jlarxkdg,2025-08-04T20:41:09.480000Z,14.051372,-89.837736,4.667,1.7578,MLc,0.147,165,12,0.0322,0.0279,
eslv2026z333fzko,ohdd2026xo42e4qu,hypodd,ohyp2026wmkbkpvv,2025-08-04T21:04:47.659999Z,14.01238,-89.789429,8.288,1.6333,MLc,0.175,147,10,0.0148,0.0146,
eslv20266mfri2dj,ohdd2026z4rjx4am,hypodd,ohyp202627sgeqqd,2025-08-04T21:22:56.600000Z,14.069622,-89.813257,4.224,1.8227,MLc,0.142,171,9,0.0468,0.0678,
eslv20263f5rjqjo,ohdd2026fbmpawzw,hypodd,ohyp2026vjftkeeu,2025-08-04T21:43:19.019999Z,14.041264,-89.844718,15.525,1.3812,MLc,0.164,147,6,0.0544,0.0279,
eslv2026nnudvz3g,ohdd2026abfjw7vq,hypodd,ohyp2026ojyhub62,2025-08-04T23:02:57.320000Z,14.080006,-89.822217,8.377,1.1509,MLc,0.142,172,6,0.0256,0.0275,
eslv2026dik5btw3,ohdd2026xrsuhvag,hypodd,ohyp2026wtjk6lji,2025-08-05T01:00:23.769999Z,14.084384,-89.842993,6.59,0.6421,MLc,0.136,189,6,0.0257,0.0242,
eslv2026qngekykx,ohdd2026hkmbki2h,hypodd,ohyp2026hkcyqnud,2025-08-05T01:40:54.039999Z,14.052871,-89.819775,4.707,2.0031,MLc,0.178,132,13,0.0253,0.0238,
eslv2026g5ffpa2c,ohdd2026wuz2ir4o,hypodd,ohyp2026bymwqmk2,2025-08-05T02:02:09.009999Z,14.045746,-89.817033,7.737,1.5826,MLc,0.134,144,7,0.0284,0.0388,
eslv2026yyz6w3vg,ohdd2026hi7ew43q,hypodd,ohyp2026xffi4okc,2025-08-05T02:07:12.919999Z,14.043865,-89.820467,7.507,2.3015,MLc,0.185,143,15,0.0261,0.0227,
eslv202645gebekt,ohdd202626ilss3i,hypodd,ohyp2026bkxvqf2a,2025-08-05T03:21:40.960000Z,14.08317,-89.83995,6.571,2.0982,MLc,0.135,187,15,0.022,0.03,
eslv2026mdcn3ghb,ohdd2026ozbdg36q,hypodd,ohyp2026euilnml5,2025-08-05T03:52:39.619999Z,14.007603,-89.830306,14.165,1.5061,MLc,0.341,170,7,2.6899,1.6049,
eslv2026rnxwgi4l,ohdd2026x2yy6bnz,hypodd,ohyp2026djsffmjk,2025-08-05T03:54:12.960000Z,14.023987,-89.82736,0.621,1.4293,MLc,0.18,200,9,0.0309,0.0435,
eslv20267p4lppmv,ohdd20263qzadqif,hypodd,ohyp20267j6acew6,2025-08-05T03:55:47.840000Z,14.048398,-89.81425,7.266,1.9564,MLc,0.127,131,13,0.0252,0.0235,
eslv2026vethwvix,ohdd2026pqegsgaj,hypodd,ohyp2026mjcyrp5j,2025-08-05T04:16:21.989999Z,14.080378,-89.824113,8.52,1.7625,MLc,0.216,182,13,0.0294,0.0305,
eslv2026meewjrds,ohdd2026zi4p5v6z,hypodd,ohyp2026udjuxjbu,2025-08-05T04:28:25.280000Z,14.100271,-89.881901,6.725,1.4142,MLc,0.038,315,9,0.0821,0.0695,
eslv2026fl2hflkg,ohdd2026n4u4a3wk,hypodd,ohyp2026w346zpls,2025-08-05T04:49:08.539999Z,14.050588,-89.822135,7.986,1.4847,MLc,0.141,138,12,0.0232,0.0305,
eslv2026hnidzybl,ohdd2026bvtov6t2,hypodd,ohyp2026766bjdmm,2025-08-05T05:34:23.530000Z,14.013694,-89.78855,8.311,0.7427,MLc,0.116,154,8,0.0219,0.0271,
eslv2026prm563xk,ohdd20263blmmnrc,hypodd,ohyp2026fis6shos,2025-08-05T05:53:44.509999Z,14.012688,-89.789152,8.516,0.9786,MLc,0.16,156,9,0.0143,0.0204,
eslv2026rjj3fcs5,ohdd2026daoybvl7,hypodd,ohyp20267yoatxgf,2025-08-05T05:57:31.690000Z,14.039267,-89.824341,6.906,1.2533,MLc,0.14,167,8,0.0291,0.0226,
eslv2026zgfchttj,ohdd20262z3srj53,hypodd,ohyp20262ywcuygd,2025-08-05T07:10:33.250000Z,14.047185,-89.813656,6.518,1.6089,MLc,0.151,162,9,0.0314,0.0358,
eslv2026q4l3ieiw,ohdd20266vrkkqo3,hypodd,ohyp2026shxiridx,2025-08-05T07:12:16.620000Z,14.083029,-89.842725,6.62,2.3154,MLc,0.109,178,14,0.0203,0.0315,
eslv20263yph7opz,ohdd2026uhsovjji,hypodd,ohyp2026x2wunql2,2025-08-05T07:50:48.420000Z,14.063813,-89.764282,7.658,1.1143,MLc,0.268,219,6,0.3583,0.4903,
eslv2026y3drvh4e,ohdd2026zemrv4jm,hypodd,ohyp2026jtkfx4pt,2025-08-05T08:24:19.030000Z,14.093527,-89.808008,3.049,1.5706,MLc,0.011,226,9,0.0064,0.0093,
eslv2026qehghs7g,ohdd20263mv6smv6,hypodd,ohyp2026sv6lr5qu,2025-08-05T08:35:23.420000Z,14.056862,-89.824569,4.669,1.6182,MLc,0.152,135,16,0.0262,0.023,
eslv2026wzcyjjw6,ohdd20262gdssuf6,hypodd,ohyp2026uahsyzkz,2025-08-05T09:21:03.940000Z,14.048509,-89.814022,7.28,1.4708,MLc,0.146,127,14,0.0266,0.036,
eslv2026m33rgo22,ohdd2026m7s657qy,hypodd,ohyp2026hzvz7iy4,2025-08-05T09:31:37.990000Z,14.012233,-89.788778,8.131,1.6885,MLc,0.138,146,8,0.0153,0.0281,
eslv2026tf7dargk,ohdd2026bwpmdycc,hypodd,ohyp20264e2pc2aa,2025-08-05T09:34:29.199999Z,14.04503,-89.806999,4.512,1.1676,MLc,0.145,172,7,0.0289,0.0347,
eslv2026vdf3kvr7,ohdd20267miz3eym,hypodd,ohyp20266kd22ovb,2025-08-05T09:37:00.320000Z,14.042572,-89.822998,8.569,0.7249,MLc,0.318,180,6,0.0366,0.028,
eslv202647r5ssc7,ohdd2026iotyvnku,hypodd,ohyp2026ypdq3xpv,2025-08-05T10:11:52.929999Z,14.028895,-89.86062,8.212,0.4793,MLc,0.048,217,6,0.0222,0.0236,
eslv2026g3j3bkuq,ohdd2026nudqfakb,hypodd,ohyp20262uj5tobv,2025-08-05T10:46:04.710000Z,14.102077,-89.893148,6.187,1.869,MLc,0.219,301,13,0.0479,0.0462,
eslv2026ieeztdrf,ohdd20267z4lbtjp,hypodd,ohyp2026jvvsozsi,2025-08-05T11:15:41.289999Z,14.0513,-89.826904,6.062,1.7315,MLc,0.15,142,11,0.0208,0.0318,
eslv2026sljrb25r,ohdd2026mdkx6tw5,hypodd,ohyp2026wfdr2vtk,2025-08-05T11:55:47.090000Z,14.055201,-89.82404,5.254,1.2468,MLc,0.105,137,6,0.0263,0.0404,
eslv2026ahij73s2,ohdd2026oegbhtmo,hypodd,ohyp2026vsgyaf37,2025-08-05T12:35:10.269999Z,14.016068,-89.793245,4.577,1.5719,MLc,0.244,156,6,0.0393,0.0459,
eslv2026z7uube62,ohdd2026nnc2azyb,hypodd,ohyp2026isysww74,2025-08-05T13:49:34.770000Z,14.080284,-89.824382,8.716,1.3608,MLc,0.114,161,8,0.0198,0.0261,
eslv202672obcgrj,ohdd20267jsm76t4,hypodd,ohyp2026jfb5xboc,2025-08-05T15:45:03.339999Z,14.013215,-89.789738,9.01,1.3507,MLc,0.134,134,7,0.0227,0.0271,
eslv2026j7rxn3kd,ohdd2026wohoh3oc,hypodd,ohyp2026kkuwtvo6,2025-08-05T16:19:37.219999Z,14.083251,-89.836011,6.561,1.9704,MLc,0.126,167,9,0.0242,0.0302,
eslv2026e4r7wo5a,ohdd2026tdi2cvu4,hypodd,ohyp2026gih7ybmo,2025-08-05T16:22:47.189999Z,14.105569,-89.860246,6.879,1.7849,MLc,0.219,264,8,0.0355,0.0337,
eslv2026dkechih7,ohdd2026xjr32cqj,hypodd,ohyp2026dnqglqvt,2025-08-05T16:43:47.630000Z,14.033215,-89.850423,8.04,1.6085,MLc,0.11,175,7,0.0108,0.0161,
eslv2026seyzlxt6,ohdd2026fxltdb27,hypodd,ohyp2026feqlbx6a,2025-08-05T16:48:34.920000Z,14.107584,-89.861686,6.581,2.1258,MLc,0.188,251,8,0.0323,0.0256,
eslv2026hfzbwpkp,ohdd2026h6c4r4oj,hypodd,ohyp2026boewrnxg,2025-08-05T16:51:24.010000Z,14.075961,-89.894849,2.911,1.2815,MLc,0.284,283,7,0.0097,0.0091,
eslv2026jix5jtxf,ohdd20266jwwzql4,hypodd,ohyp2026s44m72u2,2025-08-05T17:08:58.899999Z,14.003119,-89.823975,6.851,1.3297,MLc,0.232,163,7,0.0108,0.0258,
eslv2026scthk4q2,ohdd2026wcydnzoc,hypodd,ohyp2026xgj2axc7,2025-08-05T17:29:04.879999Z,14.067063,-89.853215,10.661,2.0794,MLc,0.158,134,11,0.0445,0.0477,
eslv2026ggu325b2,ohdd20264ejxcd2t,hypodd,ohyp2026sf6yyxh2,2025-08-05T18:01:41.079999Z,14.041066,-89.826717,6.419,2.0763,MLc,0.148,156,9,0.0226,0.027,
eslv2026byz6vtw4,ohdd2026c6epx2ip,hypodd,ohyp2026kgocgek7,2025-08-05T18:22:20.219999Z,14.04624,-89.817285,7.411,2.7492,MLc,0.16,132,15,0.0269,0.0297,
eslv2026o23elapt,ohdd2026ztwchmgz,hypodd,ohyp2026y66vbkxp,2025-08-05T18:25:11.300000Z,14.044911,-89.818896,7.394,1.3263,MLc,0.132,143,6,0.0258,0.0292,
eslv2026fymdgemu,ohdd2026dif3fraj,hypodd,ohyp2026hxw2mtfx,2025-08-05T19:56:21.980000Z,14.048231,-89.820866,4.253,1.5722,MLc,0.134,151,6,0.0207,0.0236,
eslv2026k5grludv,ohdd2026bfxe7nyt,hypodd,ohyp20263pqeqtlv,2025-08-05T20:00:19.359999Z,14.051289,-89.834644,3.525,1.709,MLc,0.144,171,6,0.0311,0.0346,
eslv2026rhjjxznd,ohdd2026xdyvxwz6,hypodd,ohyp2026vuslrepc,2025-08-05T20:06:04.960000Z,14.055043,-89.919686,2.932,1.574,MLc,0.015,254,6,0.0278,0.0316,
eslv20263kwuadwb,ohdd2026oepg6yzw,hypodd,ohyp20265rq3zrrc,2025-08-05T20:18:11.419999Z,14.069961,-89.856584,4.106,1.5509,MLc,0.177,189,7,0.0283,0.0259,
eslv20267dvv5zqk,ohdd2026vung4eoi,hypodd,ohyp2026lfco7nxx,2025-08-05T21:35:46.479999Z,14.056336,-89.827108,4.985,2.1793,MLc,0.158,149,12,0.0252,0.0264,
eslv2026mb5xlewk,ohdd2026rzxz6i2k,hypodd,ohyp2026d6q6cqpw,2025-08-05T21:52:53.399999Z,14.070043,-89.858268,4.327,1.9988,MLc,0.187,195,10,0.0295,0.031,
eslv2026zj7bvlik,ohdd2026rt67jo54,hypodd,ohyp2026ken4bqjp,2025-08-05T23:24:24.780000Z,14.103683,-89.876994,5.364,1.5022,MLc,0.027,304,11,0.0445,0.0403,
eslv2026m5ygmpvy,ohdd2026sriwmyof,hypodd,ohyp2026c66hoihu,2025-08-06T00:06:20.420000Z,14.016749,-89.792529,4.504,1.6061,MLc,0.217,152,7,0.0319,0.0346,
eslv2026yfem4ilo,ohdd2026sp3pthrv,hypodd,ohyp2026craha4ng,2025-08-06T01:53:32.090000Z,14.03868,-89.84047,4.743,0.5733,MLc,0.183,236,6,0.0459,0.0296,
eslv2026dz76zpto,ohdd2026ovl3xkjx,hypodd,ohyp2026ftczoxbw,2025-08-06T02:00:11.570000Z,14.057251,-89.825374,4.733,2.6351,MLc,0.232,137,18,0.0229,0.0253,
eslv2026ygf4ye7x,ohdd2026ie5il3zi,hypodd,ohyp2026v6o6vfwz,2025-08-06T02:00:49.509999Z,14.057932,-89.826685,5.075,2.9651,MLc,0.167,135,18,0.0241,0.0394,
eslv2026v53umjvv,ohdd2026wbn3cejp,hypodd,ohyp2026e7zhdhfc,2025-08-06T02:26:38.000000Z,14.079827,-89.833447,6.169,2.0738,MLc,0.138,152,15,0.0236,0.0387,
eslv2026uxf4rp72,ohdd2026ss4kxxcm,hypodd,ohyp2026iopw6bd4,2025-08-06T02:29:12.859999Z,14.058213,-89.826929,4.743,2.0953,MLc,0.206,142,17,0.0265,0.0325,
eslv2026m3zkuvk2,ohdd2026w3l7w4my,hypodd,ohyp20266njkumgl,2025-08-06T02:32:51.240000Z,14.053724,-89.821322,8.907,4.3888,MLc,0.198,131,22,0.0275,0.0428,
eslv2026kht74fkh,ohdd2026hdrkjkml,hypodd,ohyp20264drgsdmk,2025-08-06T02:35:07.879999Z,14.053822,-89.824194,9.017,2.7845,MLc,0.217,134,18,0.0248,0.0257,
eslv2026kc4zum4p,ohdd2026yd7wjc3c,hypodd,ohyp2026dsz5f4aa,2025-08-06T02:36:43.939999Z,14.053502,-89.822713,8.475,1.9275,MLc,0.102,149,17,0.0244,0.0274,
eslv2026v7ues32c,ohdd20267gaibkwl,hypodd,ohyp2026hv5cjlqm,2025-08-06T02:38:37.750000Z,14.053607,-89.824504,8.873,1.1504,MLc,0.174,150,7,0.0247,0.0252,
eslv2026x5bfdskb,ohdd2026eczaluzc,hypodd,ohyp2026xpyyva7e,2025-08-06T02:43:39.130000Z,14.054313,-89.823885,8.98,2.61,MLc,0.193,138,18,0.0237,0.0309,
eslv20267eisfmqw,ohdd2026miaaqy62,hypodd,ohyp2026amafuyyr,2025-08-06T02:44:06.580000Z,14.054132,-89.821257,8.265,2.1236,MLc,0.154,141,11,0.0241,0.0349,
eslv20267exjwo5d,ohdd2026atdaz4vh,hypodd,ohyp2026smepr65h,2025-08-06T02:44:30.109999Z,14.054409,-89.822575,8.578,1.9362,MLc,0.259,137,16,0.0239,0.0289,
eslv20265iuv3s3t,ohdd2026es7vljwu,hypodd,ohyp2026qsvvwols,2025-08-06T02:49:01.800000Z,14.053875,-89.822567,9.783,1.4233,MLc,0.192,148,6,0.0256,0.0284,
eslv2026pynbyf7p,ohdd20266das2eiq,hypodd,ohyp2026qlabj3rw,2025-08-06T02:49:45.700000Z,14.053229,-89.820801,8.385,1.9726,MLc,0.133,138,13,0.0233,0.0268,
eslv2026gx4ndq7p,ohdd2026rivzfcdm,hypodd,ohyp20267h5spcbl,2025-08-06T02:52:30.420000Z,14.053834,-89.823381,9.027,1.6575,MLc,0.157,142,10,0.0236,0.0222,
eslv2026qv2ohgeh,ohdd2026ghvata3l,hypodd,ohyp20265o6ifwwj,2025-08-06T02:53:25.530000Z,14.054092,-89.824365,9.08,1.5773,MLc,0.255,140,9,0.0261,0.0246,
eslv2026i4jkujfx,ohdd20264ipvhi2a,hypodd,ohyp2026sllhyo6s,2025-08-06T02:54:07.169999Z,14.053836,-89.822526,8.597,1.9048,MLc,0.153,144,17,0.0241,0.0372,
eslv2026khdgt6ey,ohdd2026jxto54ss,hypodd,ohyp2026fhlufqye,2025-08-06T02:55:30.640000Z,14.053568,-89.822575,8.293,1.2875,MLc,0.128,141,8,0.0249,0.0292,
eslv2026poiv63qp,ohdd2026uxlo5j3h,hypodd,ohyp2026u74djn3t,2025-08-06T02:56:31.050000Z,14.0532,-89.821647,8.604,1.7086,MLc,0.137,144,12,0.0236,0.0293,
eslv20263dv62uwn,ohdd2026tosthdh4,hypodd,ohyp2026wdo36jv5,2025-08-06T02:59:22.960000Z,14.019392,-89.834985,15.135,1.2384,MLc,0.341,182,6,2.7087,1.6319,
eslv202664ihlopp,ohdd2026h3c3xqha,hypodd,ohyp20265rswhwuq,2025-08-06T03:00:37.140000Z,14.05435,-89.821965,8.869,1.5197,MLc,0.135,144,8,0.0217,0.0267,
eslv2026djl65eki,ohdd2026osx62sh2,hypodd,ohyp2026ntxkg4dk,2025-08-06T03:05:13.400000Z,14.054258,-89.823226,8.892,2.8834,MLc,0.179,143,18,0.0234,0.0307,
eslv2026nfinx277,ohdd2026646euwuz,hypodd,ohyp2026y3zibk5m,2025-08-06T03:22:44.829999Z,14.016972,-89.862402,8.344,0.4568,MLc,0.243,213,6,0.0343,0.0435,
eslv2026zu3shyu2,ohdd2026xwawbla6,hypodd,ohyp2026zcxzogub,2025-08-06T03:41:34.700000Z,14.053903,-89.823185,8.765,1.4838,MLc,0.246,144,10,0.0259,0.0267,
eslv2026olbieh4p,ohdd2026pakgzmk2,hypodd,ohyp2026o7gmgn2o,2025-08-06T03:51:57.939999Z,13.954307,-89.844694,4.791,1.7201,MLc,0.199,214,18,0.0234,0.0181,
eslv2026mpiklzbq,ohdd2026bguet6ks,hypodd,ohyp20262zt65xfr,2025-08-06T03:57:54.229999Z,14.042242,-89.811214,4.425,1.7027,MLc,0.176,150,15,0.0319,0.0357,
eslv2026y7tt37k7,ohdd2026v5idhiw7,hypodd,ohyp2026wwzo3oqi,2025-08-06T04:04:58.079999Z,14.042625,-89.824479,4.335,1.549,MLc,0.261,165,10,0.0441,0.0576,
eslv2026f6pkjchd,ohdd20263ezfuciw,hypodd,ohyp2026aqruskmk,2025-08-06T04:59:04.540000Z,14.05468,-89.822217,8.659,1.817,MLc,0.143,133,18,0.0227,0.0249,
eslv2026ytclw3d5,ohdd2026zx2w7yfv,hypodd,ohyp2026afrxv3et,2025-08-06T05:23:01.879999Z,14.077335,-89.824056,8.175,2.7912,MLc,0.209,161,19,0.0256,0.0441,
eslv2026jrufes43,ohdd2026vgll5z56,hypodd,ohyp2026cdh26yrf,2025-08-06T05:25:18.620000Z,14.08056,-89.824748,8.5,1.3045,MLc,0.202,155,9,0.0254,0.0274,
eslv2026w3lhjccf,ohdd2026ajxnojge,hypodd,ohyp2026ugjqz5od,2025-08-06T05:38:40.479999Z,14.016241,-89.792952,4.624,1.0686,MLc,0.246,161,7,0.0618,0.0626,
eslv2026syxf4ltf,ohdd2026wnlxxiyn,hypodd,ohyp2026uz3o4k3x,2025-08-06T06:00:52.689999Z,13.957506,-89.839396,4.187,1.09,MLc,0.25,197,6,0.0286,0.0355,
eslv2026lxqq6442,ohdd2026ro22tyny,hypodd,ohyp2026urwuplnl,2025-08-06T06:13:32.659999Z,14.055299,-89.819653,9.299,1.4316,MLc,0.166,147,14,0.0277,0.0265,
eslv20263rplqcj6,ohdd20266vsn7jq4,hypodd,ohyp2026jvw75tdt,2025-08-06T06:22:49.039999Z,14.03899,-89.795524,8.791,1.835,MLc,0.375,124,17,0.0459,0.0546,
eslv2026n2quch3g,ohdd2026xviesmmq,hypodd,ohyp20266kd5lid3,2025-08-06T06:36:47.820000Z,14.020012,-89.763704,6.814,1.4423,MLc,0.167,162,12,0.0002,0.0006,
eslv2026qeyon6lj,ohdd2026jtcvcchc,hypodd,ohyp20266w7eh3k6,2025-08-06T06:43:30.410000Z,14.056641,-89.917326,4.303,1.3843,MLc,0.073,281,7,0.0272,0.0193,
eslv20264qmbn2gd,ohdd2026weugekzg,hypodd,ohyp2026kkbedfof,2025-08-06T06:50:55.130000Z,14.064883,-89.844678,3.552,0.7618,MLc,0.158,186,6,0.0229,0.0232,
eslv2026lwh7mwfg,ohdd2026csc5ya4t,hypodd,ohyp2026fq24jihf,2025-08-06T06:58:11.220000Z,14.017395,-89.791585,4.478,0.976,MLc,0.161,153,8,0.0195,0.0289,
eslv2026stzmnpwd,ohdd2026cpkzxvrj,hypodd,ohyp2026wp73wbz2,2025-08-06T07:02:39.950000Z,14.080838,-89.82391,8.542,1.2272,MLc,0.22,158,7,0.0295,0.0315,
eslv20264av5lr3s,ohdd2026zziela2n,hypodd,ohyp2026u47u6ytr,2025-08-06T07:08:04.450000Z,14.013343,-89.78807,8.518,1.3852,MLc,0.226,141,16,0.0181,0.0163,
eslv2026ocp7ytn3,ohdd202677woxi6g,hypodd,ohyp2026aesd4igq,2025-08-06T07:11:35.820000Z,14.012623,-89.789551,8.591,1.9791,MLc,0.165,144,18,0.0142,0.0208,
eslv2026ubgwd3ua,ohdd2026mzd6t2vh,hypodd,ohyp2026yz222l4i,2025-08-06T07:12:30.239999Z,14.012699,-89.792114,8.288,1.5477,MLc,0.189,147,14,0.0302,0.0342,
eslv20264zdmlq6r,ohdd2026gfbca2kc,hypodd,ohyp2026d24yzori,2025-08-06T07:13:02.620000Z,14.012701,-89.78903,8.625,0.8968,MLc,0.153,148,6,0.0131,0.0276,
eslv20265k5sm2sf,ohdd20263aqareas,hypodd,ohyp20265jlavldp,2025-08-06T07:13:16.050000Z,14.012476,-89.790462,7.637,1.6554,MLc,0.394,154,13,0.0174,0.0256,
eslv2026dpr2b5bg,ohdd2026khnc4ngb,hypodd,ohyp2026uuhrejxy,2025-08-06T07:21:04.820000Z,14.077815,-89.823576,8.112,2.7588,MLc,0.182,162,20,0.0276,0.0432,
eslv2026imvn3mth,ohdd2026qfcsxl7n,hypodd,ohyp2026t3jjhc6r,2025-08-06T07:29:48.469999Z,14.011022,-89.791536,9.118,1.242,MLc,0.153,147,12,0.0151,0.0267,
eslv202673e2dilr,ohdd2026k4swoqbs,hypodd,ohyp2026r5emwhb2,2025-08-06T07:32:48.119999Z,14.034235,-89.820223,9.975,0.9736,MLc,0.357,167,9,0.0416,0.0358,
eslv20265sssxtoy,ohdd20264k3ilhaw,hypodd,ohyp2026fk3dafoy,2025-08-06T07:43:34.520000Z,14.054397,-89.822306,8.9,1.289,MLc,0.139,147,13,0.0215,0.0263,
eslv2026kr4vhnyj,ohdd2026ovzmit7o,hypodd,ohyp2026hnvqdonh,2025-08-06T07:51:00.390000Z,14.085055,-89.840422,6.838,1.3431,MLc,0.115,180,12,0.0264,0.0315,
eslv2026vzwhaqz3,ohdd2026rdt7wgwl,hypodd,ohyp2026iea55bwp,2025-08-06T08:02:27.289999Z,14.047555,-89.805981,4.402,0.6616,MLc,0.188,178,8,0.0387,0.0368,
eslv2026qvkjvdyv,ohdd2026xtrblz7q,hypodd,ohyp2026o3xb2wnm,2025-08-06T08:32:05.799999Z,14.088049,-89.877604,8.001,0.9253,MLc,0.27,279,8,0.0453,0.0197,
eslv2026gkc7jedo,ohdd2026kbups7te,hypodd,ohyp2026e7mlowki,2025-08-06T08:36:58.149999Z,14.054239,-89.822477,8.706,1.3287,MLc,0.113,139,16,0.0228,0.0237,
eslv2026f3mbnjb3,ohdd2026dnkbp3bg,hypodd,ohyp20266ldvg3zr,2025-08-06T08:38:07.120000Z,14.078549,-89.823787,8.145,2.0297,MLc,0.214,167,19,0.0259,0.0366,
eslv2026e4fzcs4r,ohdd2026g6oyc4b5,hypodd,ohyp2026r5ty7yhv,2025-08-06T09:25:28.359999Z,14.081385,-89.823779,8.634,1.2409,MLc,0.123,155,14,0.0207,0.0247,
eslv2026fqsuj3bp,ohdd2026cmoiflap,hypodd,ohyp2026xywf3pux,2025-08-06T09:34:36.170000Z,14.017441,-89.792424,4.41,1.2909,MLc,0.175,153,11,0.021,0.0266,
eslv2026osy74syi,ohdd2026zhm7wikk,hypodd,ohyp2026m6el5tw3,2025-08-06T09:50:49.759999Z,14.080913,-89.828377,6.649,1.0384,MLc,0.148,165,7,0.0424,0.0595,
eslv20265zmqqchl,ohdd2026vc7uocfy,hypodd,ohyp2026zr3e4lj2,2025-08-06T09:54:01.300000Z,14.083311,-89.856038,5.541,1.8148,MLc,0.122,152,8,0.0357,0.0346,
eslv2026vnwb42zl,ohdd2026e5rg4bwv,hypodd,ohyp2026caxvhpzd,2025-08-06T10:43:06.259999Z,14.052,-89.836043,4.152,1.4797,MLc,0.287,178,15,0.0341,0.0374,
eslv202672alfpg2,ohdd2026k5mnwlcw,hypodd,ohyp2026acbipmjm,2025-08-06T11:32:41.100000Z,14.017015,-89.790934,4.762,1.1984,MLc,0.256,139,9,0.0422,0.0381,
eslv2026ysyjqfw3,ohdd2026zgfhavel,hypodd,ohyp2026ubwwhegc,2025-08-06T12:16:07.730000Z,14.088267,-89.838078,7.248,1.6743,MLc,0.232,211,8,0.0305,0.0294,
eslv20266dn2kjqj,ohdd2026qw5inox3,hypodd,ohyp20265zdrrvkp,2025-08-06T12:28:19.539999Z,14.052248,-89.81591,7.54,2.0283,MLc,0.196,138,17,0.0298,0.0325,
eslv2026wtgpemsf,ohdd2026mydvndj6,hypodd,ohyp2026a4uo2gii,2025-08-06T13:34:17.850000Z,14.040851,-89.827759,6.289,1.5045,MLc,0.165,167,6,0.0276,0.0326,
eslv2026467fbnu3,ohdd202665othqfd,hypodd,ohyp2026qkti2ktl,2025-08-06T14:08:07.240000Z,14.038674,-89.81884,4.515,1.7787,MLc,0.149,149,8,0.03,0.0307,
eslv2026qwhbfqro,ohdd20266rkc4r52,hypodd,ohyp2026qkixiv3a,2025-08-06T14:47:21.239999Z,14.038114,-89.819653,4.466,1.7145,MLc,0.165,153,6,0.0284,0.028,
eslv2026x65kcjyu,ohdd2026ekcuf2ue,hypodd,ohyp2026cm6bsgsi,2025-08-06T15:12:45.740000Z,14.044501,-89.80752,4.568,1.6549,MLc,0.108,134,6,0.0266,0.0262,
eslv2026dricvtrj,ohdd20265rzofd37,hypodd,ohyp20265etua7uv,2025-08-06T15:12:57.759999Z,14.087744,-89.878695,7.894,2.2422,MLc,0.18,272,7,0.0303,0.0205,
eslv2026dk2smcum,ohdd2026rsvwk2ln,hypodd,ohyp2026lfrg6u3n,2025-08-06T15:20:17.100000Z,14.054489,-89.824341,9.034,1.3085,MLc,0.136,142,7,0.0246,0.024,
eslv2026np3fjhmf,ohdd2026oyzzjmvr,hypodd,ohyp2026qrrp6rsw,2025-08-06T15:21:03.109999Z,14.090658,-89.893376,9.074,1.7966,MLc,0.228,282,12,0.0194,0.0173,
eslv2026mqdj2cg5,ohdd2026cwtasltv,hypodd,ohyp2026xbq4yd2l,2025-08-06T15:38:35.500000Z,14.099776,-89.875334,4.932,2.3882,MLc,0.264,293,14,0.0259,0.029,
eslv202637mthrgi,ohdd2026pqi2wcip,hypodd,ohyp2026y3ykto7q,2025-08-06T16:16:55.920000Z,14.044873,-89.808065,4.393,0.8296,MLc,0.127,135,6,0.0286,0.04,
eslv2026hgaq46ib,ohdd2026qm33unt7,hypodd,ohyp2026ic5o5niw,2025-08-06T16:41:31.289999Z,14.079004,-89.824146,7.972,1.5969,MLc,0.191,158,7,0.0253,0.0283,
eslv2026bp2f6rk2,ohdd20267bugzxas,hypodd,ohyp202674igkv2h,2025-08-06T16:50:22.510000Z,14.043856,-89.807886,4.326,1.6096,MLc,0.089,131,9,0.0274,0.0235,
eslv2026xavawzb6,ohdd2026xfnlmoky,hypodd,ohyp2026fp2wnyjv,2025-08-06T17:07:53.159999Z,14.009544,-89.868612,14.413,0.8295,MLc,0.102,140,6,0.0431,0.0378,
eslv2026ivgfnthv,ohdd2026gny7h5np,hypodd,ohyp202675baf4gi,2025-08-06T17:28:20.120000Z,14.040076,-89.826904,7.1,1.6759,MLc,0.217,173,9,0.0344,0.0223,
eslv2026eulhhd2m,ohdd2026cr4b4aqb,hypodd,ohyp20265oblor2p,2025-08-06T18:27:29.339999Z,13.948742,-89.886035,6.476,0.9111,MLc,0.022,234,6,0.0778,0.1081,
eslv2026sgee5kla,ohdd2026tposwwif,hypodd,ohyp2026y7o2saks,2025-08-06T19:15:17.539999Z,14.057166,-89.826636,4.346,2.0501,MLc,0.149,136,13,0.0268,0.0362,
eslv2026lv5mfwba,ohdd2026bwxuohc3,hypodd,ohyp2026ywjbmzcg,2025-08-06T19:39:40.960000Z,14.047437,-89.80966,5.18,1.5747,MLc,0.1,130,6,0.0283,0.0347,
eslv2026rhqo2mzq,ohdd2026k7pkgvmh,hypodd,ohyp2026uuvxzvxo,2025-08-06T19:42:38.399999Z,14.107099,-89.845003,4.675,0.8327,MLc,0.269,204,7,0.0395,0.0345,
eslv2026feok3rum,ohdd20267ydvtux5,hypodd,ohyp2026cnss5uuo,2025-08-06T21:00:15.199999Z,14.017498,-89.791488,4.478,1.771,MLc,0.175,149,10,0.0217,0.0235,
eslv20267xda5omh,ohdd2026u3ao2ijl,hypodd,ohyp2026q2fivvx4,2025-08-06T21:54:15.179999Z,14.057604,-89.826717,4.675,1.3782,MLc,0.119,140,6,0.0258,0.0271,
eslv2026j2qrjr2k,ohdd2026xs35xvdv,hypodd,ohyp2026teacu76y,2025-08-06T21:57:23.320000Z,14.017438,-89.791374,5.287,1.1161,MLc,0.201,151,6,0.0375,0.0648,
eslv2026qi5viz4v,ohdd2026i6735aey,hypodd,ohyp2026sa4ox3e5,2025-08-06T23:09:24.140000Z,14.017958,-89.792212,4.125,1.6937,MLc,0.25,149,7,0.0274,0.0446,
eslv2026owo5l7td,ohdd2026kk3afo74,hypodd,ohyp2026izn2aj34,2025-08-07T00:02:01.310000Z,14.044503,-89.809163,4.664,1.6806,MLc,0.089,130,10,0.0283,0.0274,
eslv2026kvzkieyt,ohdd20266rxyrjw4,hypodd,ohyp2026emrj53d2,2025-08-07T00:09:08.699999Z,14.04844,-89.816528,7.851,1.6509,MLc,0.152,136,7,0.0258,0.0245,
eslv2026vpq2a5ku,ohdd2026vyypnqhk,hypodd,ohyp2026qtzyh5ic,2025-08-07T00:34:36.719999Z,14.042429,-89.824072,6.974,1.8781,MLc,0.124,162,7,0.0267,0.022,
eslv2026oe7df5mc,ohdd2026wc4ljsya,hypodd,ohyp2026m4wsuxhp,2025-08-07T00:41:39.350000Z,14.009089,-89.785978,9.612,1.5255,MLc,0.163,149,7,0.0225,0.0304,
eslv2026gjy2ugyl,ohdd2026fwlweyph,hypodd,ohyp2026zomsfuwh,2025-08-07T00:56:45.060000Z,14.048381,-89.830575,7.618,0.8963,MLc,0.23,147,6,0.0334,0.0319,
eslv2026jxxxomj6,ohdd2026knjde6jp,hypodd,ohyp2026trx7avaq,2025-08-07T01:47:42.719999Z,14.12496,-89.878426,9.263,1.9917,MLc,0.09,282,10,0.0756,0.0604,
eslv2026zltcz32l,ohdd2026s4zjr466,hypodd,ohyp2026w42376sw,2025-08-07T02:02:45.420000Z,14.073987,-89.829639,5.869,0.7687,MLc,0.242,203,7,0.0274,0.0216,
eslv2026bdnl73p5,ohdd2026yahw4365,hypodd,ohyp2026gygrkj3c,2025-08-07T02:29:11.359999Z,14.075255,-89.74034,9.573,1.3698,MLc,0.394,243,6,0.4761,0.6019,
eslv2026ka6yqora,ohdd2026nqwevswf,hypodd,ohyp2026yjb7vumb,2025-08-07T03:59:22.420000Z,14.054673,-89.821883,8.906,1.171,MLc,0.104,134,6,0.0274,0.0227,
eslv2026xmmy7252,ohdd2026ywhlhgxy,hypodd,ohyp2026qm6w5tny,2025-08-07T04:39:49.329999Z,13.966305,-89.866764,4.179,0.966,MLc,0.093,239,6,0.0331,0.0407,
eslv2026w52xmo4d,ohdd2026z6hf6nso,hypodd,ohyp2026t4ammyzd,2025-08-07T05:58:25.489999Z,14.07236,-89.874447,5.22,1.7525,MLc,0.305,285,14,0.0474,0.0407,
eslv2026ylp5l5dl,ohdd2026to3lacw7,hypodd,ohyp2026umxhw2k7,2025-08-07T06:06:42.640000Z,14.011112,-89.791178,8.451,1.0404,MLc,0.166,150,7,0.0199,0.0266,
eslv2026fr2gfezp,ohdd2026l2u6agzk,hypodd,ohyp2026mjxf5a46,2025-08-07T06:14:32.640000Z,14.055165,-89.821989,8.579,1.375,MLc,0.12,144,11,0.0265,0.0291,
eslv2026qpcdgruy,ohdd2026l4z62umv,hypodd,ohyp2026u6dxyljc,2025-08-07T06:19:58.429999Z,14.06192,-89.821802,7.581,1.3005,MLc,0.252,154,12,0.0379,0.0388,
eslv20265ccts66e,ohdd20267ds6epcx,hypodd,ohyp2026kcbzb3tt,2025-08-07T07:02:41.950000Z,14.040365,-89.826839,6.526,0.754,MLc,0.11,158,6,0.0285,0.0292,
eslv2026rn5ybwhi,ohdd2026eyysqumi,hypodd,ohyp2026opr3m4d4,2025-08-07T07:09:47.350000Z,14.019952,-89.854305,8.26,1.0072,MLc,0.236,207,8,0.0269,0.0303,
eslv20265aehf2fp,ohdd2026642img6k,hypodd,ohyp2026kkzw22i7,2025-08-07T07:10:51.590000Z,14.040348,-89.824113,6.344,0.9321,MLc,0.141,157,6,0.0329,0.0324,
eslv2026m52poyad,ohdd20266uynfjxm,hypodd,ohyp2026lfbd6rvb,2025-08-07T07:28:39.109999Z,14.05278,-89.815446,8.404,1.4877,MLc,0.139,180,11,0.0328,0.0361,
eslv2026izlrkv46,ohdd2026uonzg7ee,hypodd,ohyp2026m6bmevgr,2025-08-07T07:36:12.050000Z,14.087005,-89.835856,6.743,1.4226,MLc,0.123,193,11,0.0251,0.0273,
eslv2026pnfn73f2,ohdd2026ubusuxxq,hypodd,ohyp2026cxtwufvv,2025-08-07T07:41:19.519999Z,14.072332,-89.860482,4.523,2.5349,MLc,0.207,225,17,0.0296,0.0261,
eslv2026h3wrerpu,ohdd2026uwci4qzu,hypodd,ohyp2026bkafgot2,2025-08-07T07:44:09.539999Z,14.099986,-89.746777,14.326,1.0462,MLc,0.224,246,9,0.4669,0.4413,
eslv2026jzfzbpwf,ohdd2026abzmi7du,hypodd,ohyp2026qqom7ilp,2025-08-07T07:48:41.509999Z,14.06941,-89.858887,4.255,2.7469,MLc,0.216,213,17,0.0307,0.0306,
eslv2026xzw4mawb,ohdd20264qfyvva7,hypodd,ohyp2026uw5un6h3,2025-08-07T07:55:31.210000Z,13.879048,-89.775667,5.45,0.986,MLc,0.237,163,13,0.0377,0.0293,
eslv2026g4mpluif,ohdd2026s6qkofzm,hypodd,ohyp20266jezuhhc,2025-08-07T07:55:43.759999Z,13.879383,-89.775073,5.427,1.6109,MLc,0.211,196,14,0.0349,0.025,
eslv2026ogsbbpk4,ohdd2026w7vyfdht,hypodd,ohyp2026ymylppib,2025-08-07T07:58:03.970000Z,14.041386,-89.824984,6.319,1.6572,MLc,0.129,157,11,0.0286,0.0242,
eslv2026f5xvgqct,ohdd202667ogkrz4,hypodd,ohyp2026fyxndtyu,2025-08-07T08:11:17.089999Z,14.05242,-89.792814,3.867,1.3326,MLc,0.164,203,7,0.0304,0.027,
eslv2026ospsfe65,ohdd2026j6kgfuto,hypodd,ohyp2026wcqhlg7e,2025-08-07T08:16:42.950000Z,14.061603,-89.856266,6.205,1.2594,MLc,0.148,180,12,0.0674,0.0502,
eslv2026sdmzyqnu,ohdd2026ntrx7nns,hypodd,ohyp2026ubib6cck,2025-08-07T08:24:41.530000Z,14.071595,-89.791813,7.069,0.4808,MLc,0.106,207,8,0.0414,0.0446,
eslv2026ywwzlpox,ohdd2026vlunb6n2,hypodd,ohyp2026y2u5f4wm,2025-08-07T08:28:31.429999Z,14.037723,-89.815055,10.587,1.6155,MLc,0.249,143,11,0.0281,0.0222,
eslv2026qsmckpah,ohdd20267r5izze5,hypodd,ohyp2026qpqcqarx,2025-08-07T10:44:43.109999Z,14.042244,-89.828532,8.852,1.4633,MLc,0.141,154,8,0.0505,0.0356,
eslv20265y5oay3e,ohdd20262o7enmpg,hypodd,ohyp2026s7ywyscr,2025-08-07T11:13:56.929999Z,14.056251,-89.924984,1.585,0.8061,MLc,0.103,261,6,0.0367,0.0597,
eslv2026gfniik2q,ohdd2026byulgeop,hypodd,ohyp2026djz6whf4,2025-08-07T11:44:16.719999Z,13.964289,-89.717603,0.414,0.7148,MLc,0.398,202,6,0.0019,0.0034,
eslv2026777wlxzj,ohdd20264mcmty46,hypodd,ohyp2026pyjshnhm,2025-08-07T11:51:48.420000Z,14.035727,-89.821818,4.4,1.7709,MLc,0.199,160,9,0.0299,0.028,
eslv2026hjkvqd7r,ohdd2026jtfoxbpu,hypodd,ohyp20262km7kudo,2025-08-07T13:19:43.729999Z,14.016404,-89.792415,4.448,1.0922,MLc,0.197,163,7,0.0269,0.0299,
eslv20262lijgguw,ohdd2026at62agrx,hypodd,ohyp2026wxiuztsz,2025-08-07T15:11:16.890000Z,14.037046,-89.881226,5.652,0.8823,MLc,0.176,170,6,0.0765,0.0689,
eslv2026si7gmt53,ohdd2026sfq6sbnr,hypodd,ohyp2026a5h64tpy,2025-08-07T15:40:39.210000Z,13.963555,-89.740015,9.134,1.189,MLc,0.22,134,7,0.0264,0.0182,
eslv2026agof625g,ohdd20262vigevqw,hypodd,ohyp2026faep6cw3,2025-08-07T17:12:13.000000Z,14.052364,-89.795687,4.359,1.6272,MLc,0.215,122,7,0.0254,0.0308,
eslv20262cv3d5qv,ohdd2026zybqo4n6,hypodd,ohyp2026tclxjx2w,2025-08-07T17:27:09.119999Z,14.076968,-89.823079,7.569,0.9135,MLc,0.131,161,6,0.03,0.0318,
eslv2026zkjcir2f,ohdd2026c5av3fjb,hypodd,ohyp2026umn6a7zv,2025-08-07T18:55:14.759999Z,14.074477,-89.83422,6.289,0.985,MLc,0.258,146,6,0.028,0.0342,
eslv2026cjndnsu7,ohdd2026j3iiyrtn,hypodd,ohyp2026zuhqt3yp,2025-08-07T19:41:00.800000Z,14.026022,-89.904997,2.766,1.4491,MLc,0.103,248,6,0.0187,0.0254,
eslv2026rpwmp3fc,ohdd2026y66kpy3p,hypodd,ohyp2026g6ypiyy3,2025-08-07T21:46:19.039999Z,14.106351,-89.867952,7.169,0.8854,MLc,0.335,280,6,0.0355,0.0241,
eslv2026hry6e57h,ohdd2026c6yap7br,hypodd,ohyp2026g22w3cdp,2025-08-07T22:08:44.799999Z,14.081664,-89.843286,6.343,0.7871,MLc,0.103,149,6,0.0237,0.0256,
eslv2026cjd4qoxp,ohdd2026qfc342ry,hypodd,ohyp2026hcnd4k2c,2025-08-07T22:36:01.879999Z,14.072346,-89.776278,7.551,1.6866,MLc,0.218,221,6,0.0082,0.0109,
eslv2026ynf5h7le,ohdd2026uvtmdvvw,hypodd,ohyp2026m4j235n5,2025-08-07T23:42:16.239999Z,14.045271,-89.809538,3.452,1.4377,MLc,0.157,142,6,0.0396,0.0429,
eslv2026ngbn7rxj,ohdd2026gd2j7a4j,hypodd,ohyp2026ljgy2ejb,2025-08-07T23:47:29.399999Z,14.054395,-89.819165,5.712,1.9042,MLc,0.206,148,12,0.0338,0.0411,
eslv2026a5lgnfnu,ohdd2026rvuug7iq,hypodd,ohyp2026fls72exy,2025-08-08T00:13:01.030000Z,14.101791,-89.879867,6.138,0.8428,MLc,0.169,294,6,0.0369,0.0387,
eslv2026xvak7v3o,ohdd2026vbsyjkdy,hypodd,ohyp2026m5jwhh7n,2025-08-08T00:17:15.679999Z,14.051619,-89.816984,4.292,0.9322,MLc,0.188,143,6,0.0372,0.043,
eslv202675o7yfum,ohdd2026qkjnnq3j,hypodd,ohyp2026nz6nbz66,2025-08-08T01:02:34.439999Z,14.076155,-89.821655,7.27,0.6781,MLc,0.099,167,7,0.0271,0.031,
eslv2026erfaaw4v,ohdd202662ouzw47,hypodd,ohyp2026kgte6mid,2025-08-08T02:18:00.720000Z,14.015305,-89.837744,6.681,1.0559,MLc,0.212,187,6,0.0162,0.0426,
eslv2026wrhmjamj,ohdd2026k24q26iz,hypodd,ohyp20267x3kanvh,2025-08-08T02:57:26.019999Z,14.000127,-89.784546,7.426,1.5398,MLc,0.156,220,7,0.025,0.0283,
eslv2026oqzt2a7k,ohdd2026hm2tqihs,hypodd,ohyp2026tuozlfil,2025-08-08T03:02:49.929999Z,14.012447,-89.788859,8.634,1.6078,MLc,0.159,153,10,0.0167,0.0212,
eslv2026xnc4q3w6,ohdd2026qqo2l2ce,hypodd,ohyp2026mg7h7u2z,2025-08-08T04:03:19.780000Z,14.014097,-89.788713,8.895,0.8123,MLc,0.163,161,7,0.0248,0.0267,
eslv20263ydkvg3s,ohdd2026d6v3ijec,hypodd,ohyp20267mjhaol3,2025-08-08T05:29:21.329999Z,14.042327,-89.825627,6.165,1.7659,MLc,0.138,149,16,0.0235,0.0305,
eslv2026nhyn7fs5,ohdd2026vpetrfaj,hypodd,ohyp2026thhvsrwf,2025-08-08T05:36:54.450000Z,13.970788,-89.864827,3.329,0.5315,MLc,0.009,225,6,0.0098,0.0137,
eslv2026mfuy2a55,ohdd2026pj4lh24k,hypodd,ohyp2026uxsmgi7p,2025-08-08T05:57:10.060000Z,14.037705,-89.798193,8.706,1.2697,MLc,0.291,160,14,0.019,0.0237,
eslv2026ess2wmy5,ohdd2026hnwmiesb,hypodd,ohyp2026iwtdf6bt,2025-08-08T05:58:49.039999Z,14.052824,-89.794368,4.238,1.0855,MLc,0.382,175,8,0.0357,0.0429,
eslv2026echm3oyb,ohdd20264puwpowy,hypodd,ohyp2026a5vylqnb,2025-08-08T06:23:13.839999Z,14.033649,-89.902881,2.566,1.1661,MLc,0.266,249,6,0.0163,0.0228,
eslv202675gzd2pw,ohdd2026olbmq52c,hypodd,ohyp2026jgngpdag,2025-08-08T07:23:52.390000Z,14.041068,-89.826375,6.239,1.305,MLc,0.167,160,10,0.0281,0.0345,
eslv2026r22lsuto,ohdd2026h34wqyda,hypodd,ohyp2026lekdvw33,2025-08-08T07:31:57.179999Z,14.01634,-89.792513,4.369,1.5868,MLc,0.287,152,13,0.0221,0.0307,
eslv2026lx4fpq7m,ohdd2026nzefgjk3,hypodd,ohyp2026hxj7dljs,2025-08-08T08:02:38.049999Z,14.039977,-89.826082,7.533,1.4993,MLc,0.161,153,12,0.0298,0.0314,
eslv2026c3flqwwu,ohdd20264igxh6kr,hypodd,ohyp2026n56ravqp,2025-08-08T08:02:55.390000Z,14.052182,-89.821647,7.924,1.7464,MLc,0.191,166,10,0.0347,0.0299,
eslv2026gmqw2vpi,ohdd2026eamlhe2w,hypodd,ohyp2026erhi2zjh,2025-08-08T09:36:43.659999Z,14.047328,-89.810368,5.945,1.5681,MLc,0.426,170,13,0.0388,0.0569,
eslv2026yh2vdpka,ohdd2026dhaxg7yu,hypodd,ohyp20267rz2womr,2025-08-08T10:26:11.609999Z,14.102153,-89.855835,6.474,1.9872,MLc,0.137,233,12,0.0288,0.025,
eslv2026c5mbxane,ohdd2026vbydgbtx,hypodd,ohyp2026je2f5igq,2025-08-08T10:32:26.379999Z,14.103125,-89.886906,6.019,1.5092,MLc,0.223,291,12,0.0377,0.0412,
eslv2026t5lgnxxx,ohdd2026vzohvkg5,hypodd,ohyp2026ttik6eug,2025-08-08T10:38:45.710000Z,14.102525,-89.85638,6.315,2.0687,MLc,0.138,231,14,0.0315,0.0222,
eslv2026xb6whnaa,ohdd2026yogno5kg,hypodd,ohyp2026nuypankc,2025-08-08T10:40:10.720000Z,14.100705,-89.858122,6.92,2.0876,MLc,0.211,203,15,0.0388,0.0368,
eslv2026qiktu47q,ohdd2026vz3stnwj,hypodd,ohyp2026av4inhpd,2025-08-08T10:46:53.070000Z,14.070979,-89.861328,4.633,1.4559,MLc,0.191,234,9,0.0295,0.0259,
eslv20262gqxeekv,ohdd2026tdofdv2o,hypodd,ohyp2026m5wc7ghx,2025-08-08T10:48:31.339999Z,14.102731,-89.857869,6.529,1.745,MLc,0.104,236,13,0.0325,0.0223,
eslv2026xofrnrj7,ohdd2026c64i2xe3,hypodd,ohyp2026rmgunoyd,2025-08-08T10:49:32.609999Z,14.101409,-89.854858,6.268,1.6211,MLc,0.159,216,11,0.0289,0.0286,
eslv2026m4qjugik,ohdd2026fj6mkf6j,hypodd,ohyp2026vtuzjpfh,2025-08-08T10:58:48.500000Z,14.126704,-89.806551,3.611,1.4173,MLc,0.186,296,6,0.0394,0.0503,
eslv2026urbou3fk,ohdd2026b4abv2a3,hypodd,ohyp2026a4v7znky,2025-08-08T11:15:05.320000Z,14.102512,-89.85555,6.672,1.6802,MLc,0.112,218,7,0.0297,0.0269,
eslv2026gau3c7jz,ohdd2026ukm52irc,hypodd,ohyp2026y6pkoww3,2025-08-08T11:25:50.530000Z,14.103312,-89.857381,6.578,1.8159,MLc,0.126,263,7,0.0318,0.023,
eslv2026tjm47pfv,ohdd2026ejkmjur3,hypodd,ohyp2026m32cklom,2025-08-08T11:45:59.590000Z,14.059406,-89.828971,6.173,2.002,MLc,0.277,152,13,0.0299,0.0522,
eslv2026xiqu3lox,ohdd2026eszmcqh3,hypodd,ohyp2026oyrhrrcm,2025-08-08T12:58:33.899999Z,14.102382,-89.85638,6.642,2.1587,MLc,0.14,219,11,0.0308,0.0261,
eslv2026l6yu7wjt,ohdd2026ef7sdo3i,hypodd,ohyp2026dxkwlpjp,2025-08-08T13:44:34.149999Z,14.030651,-89.854338,3.775,1.1726,MLc,0.159,211,8,0.0717,0.0686,
eslv20262rqa5gcc,ohdd2026lfxdu22p,hypodd,ohyp2026mikqmg6h,2025-08-08T14:40:09.869999Z,14.061194,-89.829631,6.829,1.5312,MLc,0.159,140,6,0.0256,0.0345,
eslv2026gtdkkiel,ohdd2026u3gftrin,hypodd,ohyp2026tnbtyaa6,2025-08-08T17:25:17.359999Z,14.055499,-89.860295,7.503,1.4357,MLc,0.251,205,6,0.0299,0.0357,
eslv2026ymwww2ug,ohdd2026h3rpsvwa,hypodd,ohyp2026jdy2ozmz,2025-08-08T17:45:47.159999Z,14.05558,-89.820955,9.166,1.3174,MLc,0.11,139,6,0.0262,0.0247,
eslv2026dmgebf3f,ohdd2026c4bkb5dr,hypodd,ohyp2026m6i3x4w5,2025-08-08T18:11:25.320000Z,14.078226,-89.822974,8.359,2.2081,MLc,0.239,155,14,0.0352,0.0416,
eslv2026dwlbgpr7,ohdd2026b3b3jiva,hypodd,ohyp2026i7dhb6cv,2025-08-08T18:18:56.600000Z,14.046159,-89.813949,6.33,1.9764,MLc,0.136,149,12,0.0362,0.0344,
eslv2026hsuv6zwe,ohdd20265n6fhxna,hypodd,ohyp2026m55d3gwr,2025-08-08T18:30:27.000000Z,14.054233,-89.823356,8.746,2.5767,MLc,0.336,137,15,0.0344,0.0311,
eslv2026cxyf6vgp,ohdd2026yelpdpiv,hypodd,ohyp2026htqqtf5t,2025-08-08T18:56:05.200000Z,14.077647,-89.886768,6.044,2.9217,MLc,0.246,259,14,0.0534,0.0467,
eslv2026dmfd7ye4,ohdd2026dowvoxkt,hypodd,ohyp2026tzqwcgv2,2025-08-08T19:14:45.119999Z,14.050307,-89.908838,4.607,1.6422,MLc,0.178,274,9,0.0063,0.0027,
eslv2026aym4a5db,ohdd2026xpvpmsvj,hypodd,ohyp2026lbruuxlg,2025-08-08T19:40:46.899999Z,14.083001,-89.842106,6.248,1.9112,MLc,0.11,147,7,0.0214,0.0254,
eslv2026ahmmri6n,ohdd2026egjqc7ee,hypodd,ohyp2026puxovdjw,2025-08-08T21:09:59.640000Z,14.050718,-89.814762,6.089,1.9686,MLc,0.157,141,8,0.0322,0.0448,
eslv2026zilmlq4a,ohdd2026xblz3fot,hypodd,ohyp20262r6wzwqi,2025-08-08T21:42:16.039999Z,14.01297,-89.789998,7.29,1.7989,MLc,0.325,158,12,0.027,0.0353,
eslv2026ab3sqcdu,ohdd2026k6jhrags,hypodd,ohyp2026bso6abxk,2025-08-09T01:36:00.630000Z,14.100512,-89.856323,6.159,2.5757,MLc,0.153,230,15,0.0294,0.0293,
eslv2026zf6uimi7,ohdd2026podnmkog,hypodd,ohyp202652n5itac,2025-08-09T01:39:32.329999Z,14.080084,-89.831217,6.516,0.6367,MLc,0.127,155,6,0.0231,0.0304,
eslv2026uqim35kw,ohdd2026h2hqzdqt,hypodd,ohyp2026ttuo6njv,2025-08-09T01:52:03.600000Z,14.10123,-89.853654,6.724,1.4898,MLc,0.236,202,8,0.0321,0.0288,
eslv2026ckipdkrl,ohdd2026dcopwqgz,hypodd,ohyp2026i7rt74ew,2025-08-09T02:02:34.070000Z,14.016112,-89.797518,9.636,0.7272,MLc,0.307,165,9,0.0107,0.007,
eslv2026nvxmbqze,ohdd2026sz2gmgq3,hypodd,ohyp2026mvckhon6,2025-08-09T02:04:32.270000Z,14.012258,-89.789486,8.529,1.5288,MLc,0.223,147,12,0.0137,0.0165,
eslv2026imzbarve,ohdd2026ifbh3pru,hypodd,ohyp2026sxgjpx7i,2025-08-09T02:53:54.250000Z,14.103784,-89.847013,4.202,2.0109,MLc,0.288,256,10,0.0351,0.0199,
eslv20266g3oqbth,ohdd2026jw5kr5jq,hypodd,ohyp2026vxtvro7p,2025-08-09T02:56:24.600000Z,14.101779,-89.784741,18.031,1.254,MLc,0.286,244,7,0.5118,0.3743,
eslv2026zebbgs7k,ohdd2026w4ldbyx7,hypodd,ohyp2026gehczn3o,2025-08-09T03:12:12.369999Z,14.048304,-89.823112,7.452,1.667,MLc,0.168,161,6,0.0308,0.0264,
eslv2026ftcky2r3,ohdd2026d34noy6c,hypodd,ohyp2026vtowjjhs,2025-08-09T03:22:55.600000Z,14.0501,-89.843571,5.479,1.7449,MLc,0.22,184,13,0.0382,0.0437,
eslv2026oeitvc25,ohdd2026pq4sz733,hypodd,ohyp20263rwis2uw,2025-08-09T03:29:23.879999Z,14.051426,-89.841911,5.678,1.9935,MLc,0.211,180,13,0.0385,0.0468,
eslv2026eeopz6me,ohdd2026ie3lespq,hypodd,ohyp2026ycrul32i,2025-08-09T03:37:38.579999Z,14.078323,-89.824015,8.031,1.0745,MLc,0.131,160,7,0.0278,0.0289,
eslv2026ipltqpsn,ohdd2026d2yfanec,hypodd,ohyp2026n7z7ot3j,2025-08-09T04:12:06.769999Z,14.077649,-89.824618,4.802,0.4456,MLc,0.158,242,6,0.0298,0.0266,
eslv20263a7trwj3,ohdd2026pyeu5ulv,hypodd,ohyp2026cieuniyo,2025-08-09T04:14:30.949999Z,14.034913,-89.824821,4.82,1.749,MLc,0.145,168,10,0.0402,0.0327,
eslv2026f53jggmv,ohdd2026ddfxdh6g,hypodd,ohyp2026pq2irku2,2025-08-09T04:29:01.439999Z,14.036146,-89.825155,5.241,1.5192,MLc,0.194,172,8,0.0301,0.037,
eslv2026zadun3ol,ohdd20264lcupi3x,hypodd,ohyp2026yn3cojjx,2025-08-09T04:41:41.719999Z,14.038348,-89.819116,4.698,1.2513,MLc,0.192,147,8,0.0401,0.0403,
eslv2026dgtrinhk,ohdd202644g7crvo,hypodd,ohyp2026ju2bi5w5,2025-08-09T05:50:03.779999Z,14.009885,-89.836898,4.984,0.9901,MLc,0.285,183,6,0.0206,0.0185,
eslv20263h3v2ajm,ohdd2026v46hvtyf,hypodd,ohyp20263pmvq7q2,2025-08-09T06:12:41.109999Z,14.084391,-89.924984,5.202,1.3493,MLc,0.137,279,6,0.0632,0.085,
eslv2026wxjycmbu,ohdd2026ex3efm4w,hypodd,ohyp2026l5ft6chv,2025-08-09T06:24:29.660000Z,14.078779,-89.824707,7.818,1.7974,MLc,0.23,158,18,0.0351,0.0367,
eslv202677h7uq7c,ohdd2026auxmxjz5,hypodd,ohyp2026bg7qtwia,2025-08-09T06:58:43.939999Z,14.045624,-89.814144,6.615,1.2438,MLc,0.125,171,8,0.0278,0.0296,
eslv2026wddzuq7o,ohdd2026bomtwdpo,hypodd,ohyp20263qyaeghn,2025-08-09T07:48:41.490000Z,14.046626,-89.834505,4.182,1.4352,MLc,0.16,154,12,0.0358,0.0358,
eslv2026unppxmst,ohdd2026g4b2jm6d,hypodd,ohyp2026whymeanr,2025-08-09T08:20:47.539999Z,14.085318,-89.867537,5.57,1.6582,MLc,0.233,240,13,0.0727,0.0655,
eslv2026s6b2m2q5,ohdd20264oxzz3si,hypodd,ohyp2026bv6ldetv,2025-08-09T08:47:48.539999Z,14.055979,-89.821232,7.599,0.8849,MLc,0.271,189,7,0.0322,0.0293,
eslv2026hogcv5cv,ohdd2026x5gaeqdp,hypodd,ohyp2026fwt4zco4,2025-08-09T09:52:31.519999Z,14.047041,-89.814673,7.058,1.5043,MLc,0.133,140,12,0.0252,0.0287,
eslv2026kv6nztne,ohdd20262b26c7y6,hypodd,ohyp2026gprss6tx,2025-08-09T09:55:12.910000Z,14.047866,-89.812345,6.622,1.4639,MLc,0.13,140,14,0.0274,0.0285,
eslv2026ivfbquul,ohdd2026mwwfyylx,hypodd,ohyp20264wcstaau,2025-08-09T10:34:03.600000Z,14.037628,-89.826961,7.254,1.626,MLc,0.148,158,7,0.0319,0.0398,
eslv20263yvoturz,ohdd20264svxwvzy,hypodd,ohyp2026xubu74jb,2025-08-09T10:57:37.539999Z,14.029065,-89.862687,9.724,0.6302,MLc,0.402,160,6,0.0434,0.0381,
eslv2026p7qb7yz3,ohdd20263cd6mzcp,hypodd,ohyp20263utpemu2,2025-08-09T11:26:35.780000Z,14.017454,-89.790999,4.124,0.92,MLc,0.223,160,7,0.0303,0.0323,
eslv2026kgnqhsm3,ohdd2026frfinmgv,hypodd,ohyp2026uoxhd7js,2025-08-09T11:34:53.880000Z,14.051346,-89.816862,7.513,2.2153,MLc,0.164,128,16,0.03,0.0265,
eslv2026hnm44yp7,ohdd2026a4l6dbz3,hypodd,ohyp2026sflndclt,2025-08-09T11:37:05.700000Z,14.051517,-89.815837,7.255,1.6483,MLc,0.116,130,10,0.029,0.0245,
eslv2026nnvka3j3,ohdd2026ilxuxenc,hypodd,ohyp2026mmy52sov,2025-08-09T11:37:55.149999Z,14.052278,-89.815804,7.767,1.8522,MLc,0.141,130,12,0.0268,0.0257,
eslv2026sotzf2pj,ohdd2026zbgex6ql,hypodd,ohyp2026di6vzu2o,2025-08-09T11:38:33.539999Z,14.052173,-89.816618,8.277,1.1444,MLc,0.111,130,6,0.0277,0.0293,
eslv2026bv3zk2b6,ohdd20267icu5eyv,hypodd,ohyp2026xqf5yvol,2025-08-09T12:25:50.670000Z,14.051514,-89.820085,4.457,1.8317,MLc,0.103,140,9,0.0218,0.0234,
eslv2026cxubv2uy,ohdd2026g5q27j3u,hypodd,ohyp20264birb4ot,2025-08-09T12:51:02.839999Z,14.046462,-89.809432,4.561,1.9361,MLc,0.102,131,11,0.0292,0.0308,
eslv2026t7kt522w,ohdd2026atf62pkk,hypodd,ohyp2026jpigliww,2025-08-09T13:07:10.650000Z,14.084276,-89.846769,7.129,1.0432,MLc,0.177,151,6,0.0253,0.0215,
eslv2026wxaz3vil,ohdd2026dvkyatlr,hypodd,ohyp2026nphpszdm,2025-08-09T16:20:15.529999Z,14.045461,-89.813159,6.048,2.2946,MLc,0.096,134,15,0.0256,0.0322,
eslv2026p3ckxxyt,ohdd2026ouotrfgd,hypodd,ohyp2026hoif5ufx,2025-08-09T17:50:59.179999Z,14.052325,-89.835465,3.612,1.2233,MLc,0.198,181,7,0.0336,0.0416,
eslv2026auivzlyz,ohdd2026dlycznwf,hypodd,ohyp2026sml6izw4,2025-08-09T19:27:41.840000Z,14.081289,-89.839551,6.065,1.2164,MLc,0.124,173,6,0.0223,0.0247,
eslv2026uchgbia6,ohdd20262mfgvbdm,hypodd,ohyp2026i3j4yosn,2025-08-09T20:07:46.280000Z,14.107924,-89.852718,4.125,1.994,MLc,0.164,318,8,0.0452,0.0275,
eslv2026yktqsvvz,ohdd20267t54qve4,hypodd,ohyp2026skt2ttbw,2025-08-09T20:40:12.740000Z,14.078069,-89.822632,8.036,0.9948,MLc,0.123,163,7,0.0287,0.0274,
eslv20264wjtkmgh,ohdd20265rygfbyt,hypodd,ohyp20264esjl63f,2025-08-09T20:41:36.539999Z,13.818346,-89.877873,9.237,3.3005,MLc,0.002,243,14,0.0144,0.0352,
eslv2026egf32zmx,ohdd2026j7mlsgcj,hypodd,ohyp2026qarunbxk,2025-08-09T23:38:01.679999Z,14.084002,-89.842131,6.846,1.5,MLc,0.097,182,6,0.0207,0.0239,
eslv2026ehyfdbaa,ohdd202642jggida,hypodd,ohyp2026uoyltpkk,2025-08-10T01:45:36.479999Z,14.127138,-89.8243,2.425,0.8094,MLc,0.131,253,6,0.015,0.0241,
eslv2026phwsdnbo,ohdd2026kjrvjfmd,hypodd,ohyp202654fe2jz2,2025-08-10T02:29:20.839999Z,13.886949,-89.679614,5.089,1.1316,MLc,0.129,214,12,0.0211,0.0308,
eslv2026w634t6zw,ohdd2026lhh4oae3,hypodd,ohyp20263jfmlw4l,2025-08-10T03:15:41.689999Z,14.067115,-89.838029,5.602,0.7114,MLc,0.252,159,7,0.0437,0.0438,
eslv2026hyosvoci,ohdd20264vwxcjyl,hypodd,ohyp2026vajdomhj,2025-08-10T03:55:49.049999Z,14.055962,-89.820605,8.195,1.1228,MLc,0.191,136,7,0.0345,0.0351,
eslv2026vtd7zpft,ohdd20263e5bpdpv,hypodd,ohyp2026gtccd4in,2025-08-10T04:19:08.119999Z,14.04575,-89.836068,8.587,1.7886,MLc,0.309,154,14,0.04,0.0595,
eslv2026wt6tmrps,ohdd2026xdtaq7pi,hypodd,ohyp20263mrzxkvi,2025-08-10T04:28:41.219999Z,14.046707,-89.815462,7.5,1.6506,MLc,0.145,162,10,0.0282,0.0287,
eslv2026jw7cfdxb,ohdd202633oezlot,hypodd,ohyp2026tn5wfuog,2025-08-10T05:25:17.820000Z,14.042115,-89.825545,6.969,1.0555,MLc,0.102,161,7,0.0277,0.023,
eslv2026ubhqkevi,ohdd2026zzxibnxk,hypodd,ohyp202623d7pxam,2025-08-10T05:30:50.549999Z,14.041733,-89.826481,6.887,1.482,MLc,0.118,164,11,0.0235,0.0249,
eslv2026uyxxhads,ohdd2026d47allyj,hypodd,ohyp20264gyz34xp,2025-08-10T05:41:24.960000Z,14.039822,-89.824943,8.098,2.496,MLc,0.163,149,17,0.0285,0.0315,
eslv2026xku5nutv,ohdd2026jfdvaruv,hypodd,ohyp2026zttkicxx,2025-08-10T05:42:54.719999Z,14.032433,-89.829924,4.786,0.972,MLc,0.165,168,7,0.0468,0.0257,
eslv2026ricrv7mv,ohdd20264kfs6ots,hypodd,ohyp2026xw5kkm27,2025-08-10T05:50:17.100000Z,14.04102,-89.821273,5.911,1.6576,MLc,0.14,152,18,0.021,0.0341,
eslv2026rcfl5ri5,ohdd2026qm5q47x2,hypodd,ohyp2026w2zm6f2x,2025-08-10T06:26:18.579999Z,14.039438,-89.826497,6.516,1.3438,MLc,0.107,161,8,0.0261,0.025,
eslv2026wa7j3qrm,ohdd2026rz6rw3d3,hypodd,ohyp20266c4vwrd6,2025-08-10T07:37:55.049999Z,14.065223,-89.826383,5.209,1.7493,MLc,0.221,155,16,0.0269,0.0362,
eslv2026zoodeesf,ohdd20263xcm3els,hypodd,ohyp2026c6xlplj5,2025-08-10T07:59:37.049999Z,14.038189,-89.829557,6.997,1.3311,MLc,0.178,168,8,0.0327,0.0236,
eslv2026kzhmltyw,ohdd2026zny5y2wi,hypodd,ohyp2026azqwwu2q,2025-08-10T08:21:11.869999Z,14.081522,-89.833594,6.909,0.9495,MLc,0.233,152,6,0.0301,0.037,
eslv2026d7vnyqpx,ohdd2026jxywtknq,hypodd,ohyp2026oa2suiux,2025-08-10T08:52:57.530000Z,14.041101,-89.825537,6.619,1.1936,MLc,0.144,166,10,0.0243,0.0257,
eslv2026q7jma5kb,ohdd2026wwxpvjga,hypodd,ohyp2026oemwrngw,2025-08-10T09:03:08.800000Z,14.024416,-89.84694,7.115,1.3703,MLc,0.166,180,10,0.0338,0.0383,
eslv2026456bhw5r,ohdd2026ps7a6rok,hypodd,ohyp20267xdsczfh,2025-08-10T09:10:20.820000Z,14.044757,-89.804028,4.151,1.2024,MLc,0.128,179,8,0.0275,0.0278,
eslv2026rsrk3ki2,ohdd202622taopnz,hypodd,ohyp2026jgwjx2yn,2025-08-10T09:31:04.929999Z,14.041925,-89.826424,7.034,1.0068,MLc,0.127,161,11,0.0243,0.0211,
eslv20267xu4gv3m,ohdd2026sdeqt3ew,hypodd,ohyp20263qfmafnx,2025-08-10T09:58:24.359999Z,14.041245,-89.826725,7.142,1.403,MLc,0.132,156,12,0.0257,0.0238,
eslv2026skkxqmix,ohdd2026togc2myz,hypodd,ohyp2026hkl7go75,2025-08-10T10:01:58.390000Z,14.036248,-89.821883,4.405,1.4388,MLc,0.169,161,12,0.0294,0.0263,
eslv2026r3ofgiag,ohdd2026sbqzqd7l,hypodd,ohyp2026ceynftdm,2025-08-10T10:09:54.429999Z,14.037729,-89.827498,6.781,1.2887,MLc,0.162,164,7,0.0283,0.0238,
eslv2026ky5cmtmu,ohdd2026e6xhabkz,hypodd,ohyp20262bqrodmj,2025-08-10T10:41:36.460000Z,14.044044,-89.807886,4.58,1.6816,MLc,0.128,132,14,0.0267,0.0196,
eslv2026ddsjb22h,ohdd2026rdh6inef,hypodd,ohyp2026neugg6bp,2025-08-10T11:04:02.220000Z,14.085255,-89.837109,6.9,1.5616,MLc,0.124,185,12,0.0252,0.0284,
eslv2026kjbzysyf,ohdd2026oac4xosl,hypodd,ohyp20263u2flujg,2025-08-10T11:48:37.950000Z,14.049514,-89.815104,7.065,1.6396,MLc,0.182,135,14,0.0277,0.0287,
eslv2026bhy6xxbk,ohdd2026naefx6py,hypodd,ohyp2026gyjs2dxs,2025-08-10T12:00:04.190000Z,14.014043,-89.877368,4.999,0.9499,MLc,0.117,238,6,0.0212,0.0137,
eslv2026sczexmc5,ohdd2026weepnnvi,hypodd,ohyp20267ae3whbf,2025-08-10T12:19:49.439999Z,14.041074,-89.824894,6.487,1.105,MLc,0.16,172,6,0.0345,0.0222,
eslv2026hl7wj3rz,ohdd2026xmhgsj2z,hypodd,ohyp2026hry3tljm,2025-08-10T13:36:05.450000Z,14.021217,-89.851725,7.534,1.9356,MLc,0.19,183,17,0.0213,0.0295,
eslv2026jkfzfahe,ohdd2026vwk42jjq,hypodd,ohyp2026acjczylz,2025-08-10T13:48:35.750000Z,14.098652,-89.772746,0.792,0.3682,MLc,0.351,220,7,0.0159,0.0443,
eslv2026j4r2ajy2,ohdd20264ocrcutv,hypodd,ohyp20266evge36f,2025-08-10T14:30:13.289999Z,14.041541,-89.824862,7.351,2.0466,MLc,0.176,159,17,0.0288,0.0314,
eslv2026wvisxzef,ohdd2026w7wdjvra,hypodd,ohyp2026lyfzimz2,2025-08-10T14:42:45.780000Z,14.058772,-89.826164,5.173,1.0637,MLc,0.22,150,7,0.0233,0.0401,
eslv2026mvzpkxiu,ohdd2026baxzf6g7,hypodd,ohyp2026e2bsomhv,2025-08-10T14:47:21.570000Z,14.02382,-89.849365,7.655,1.616,MLc,0.301,194,8,0.0371,0.0193,
eslv20267uqumoiy,ohdd2026eubzjyjz,hypodd,ohyp2026fnybgng3,2025-08-10T15:39:17.000000Z,14.065272,-89.790763,11.573,2.63,MLc,0.215,180,7,0.0462,0.0323,
eslv20266ohkgzja,ohdd2026grau6of2,hypodd,ohyp2026wno2nzcv,2025-08-10T15:45:33.820000Z,14.055242,-89.819914,9.231,2.0073,MLc,0.172,135,13,0.0268,0.0329,
eslv2026wdnrurw3,ohdd2026xhi7vkx5,hypodd,ohyp2026m2nzc7cc,2025-08-10T16:24:15.480000Z,14.046149,-89.82443,9.311,1.8303,MLc,0.161,142,6,0.0299,0.0287,
eslv2026zgywzirc,ohdd2026ejudcpea,hypodd,ohyp2026weiueu7y,2025-08-10T17:12:59.039999Z,14.045206,-89.82238,7.187,1.0907,MLc,0.107,151,6,0.0273,0.0251,
eslv2026j5mblhje,ohdd2026g2uysfie,hypodd,ohyp2026xskjx6is,2025-08-10T19:41:07.519999Z,14.018552,-89.857267,7.24,2.0062,MLc,0.232,187,7,0.0352,0.0276,
eslv2026fxjk7v4u,ohdd2026fx3lyfnj,hypodd,ohyp2026bgn4irqz,2025-08-10T21:33:47.799999Z,14.066678,-89.881771,10.584,0.5088,MLc,0.218,246,6,0.0808,0.0495,
eslv2026q456pcsk,ohdd2026c2togiy7,hypodd,ohyp2026yfdlq6yr,2025-08-11T02:12:55.399999Z,14.00564,-89.870329,4.561,1.0817,MLc,0.179,214,6,0.031,0.0286,
eslv2026mxdeqxxz,ohdd202674oimwdr,hypodd,ohyp2026te7i4a7m,2025-08-11T03:06:34.380000Z,14.078342,-89.822388,7.858,1.3743,MLc,0.198,158,7,0.0389,0.0398,
eslv2026qakjgm7p,ohdd2026n6mc4qei,hypodd,ohyp2026x5nn2cmm,2025-08-11T03:15:08.519999Z,14.098446,-89.856144,5.622,1.4629,MLc,0.175,224,9,0.0341,0.0397,
eslv202653qrb4cp,ohdd20265y3afpvy,hypodd,ohyp2026tfejaeyb,2025-08-11T03:29:46.289999Z,14.102174,-89.838501,8.92,2.0979,MLc,0.194,243,19,0.0508,0.0816,
eslv2026au4gibkc,ohdd2026a2eozapq,hypodd,ohyp2026p43xuaqj,2025-08-11T04:13:25.829999Z,14.049516,-89.827018,5.995,1.9292,MLc,0.148,145,16,0.0228,0.0309,
eslv2026lccmasfq,ohdd2026zb2zxbay,hypodd,ohyp2026wqlkwcas,2025-08-11T04:29:49.960000Z,14.086372,-89.843563,6.853,1.4725,MLc,0.107,176,10,0.0226,0.0262,
eslv2026rbxsfx77,ohdd2026cp4iqeyg,hypodd,ohyp2026weaxx4mt,2025-08-11T06:52:40.070000Z,14.011913,-89.79034,9.325,0.5262,MLc,0.157,155,6,0.0132,0.0207,
eslv2026uybdoxky,ohdd2026t4tokdpj,hypodd,ohyp2026o2v3qj43,2025-08-11T06:53:05.209999Z,14.011917,-89.790373,7.872,0.398,MLc,0.234,149,8,0.0213,0.0274,
eslv2026bek4xz7m,ohdd2026mysyhe4t,hypodd,ohyp2026pbgymuup,2025-08-11T07:26:39.960000Z,14.108337,-89.862093,6.496,1.7727,MLc,0.232,269,16,0.036,0.0256,
eslv20263riyvolu,ohdd20267r7wa7ov,hypodd,ohyp2026ba3i4767,2025-08-11T07:30:36.130000Z,14.018776,-89.783228,10.404,1.2892,MLc,0.255,156,8,0.0047,0.0098,
eslv2026fnl6jpik,ohdd2026f334wzwh,hypodd,ohyp2026pszrlpfz,2025-08-11T07:31:41.299999Z,14.012884,-89.788704,8.384,1.4,MLc,0.154,140,16,0.0084,0.0215,
eslv2026oo6pkx36,ohdd2026vgsk74tz,hypodd,ohyp2026b7a7hdp2,2025-08-11T07:38:42.590000Z,14.029184,-89.775708,10.264,0.7218,MLc,0.178,152,6,0.0392,0.0393,
eslv2026oxris22s,ohdd2026tuzcmmdq,hypodd,ohyp2026ufqw3hz2,2025-08-11T07:49:03.960000Z,14.011816,-89.789705,9.121,0.9775,MLc,0.155,147,9,0.0139,0.0306,
eslv2026ofdlp4oe,ohdd20264ehvdvzs,hypodd,ohyp2026rckde67s,2025-08-11T08:41:38.350000Z,14.079823,-89.835531,6.498,1.7642,MLc,0.198,143,15,0.0249,0.0343,
eslv2026szortlzp,ohdd20263zcevco7,hypodd,ohyp2026axc4xyxq,2025-08-11T09:51:44.920000Z,14.083117,-89.834985,6.616,1.9415,MLc,0.119,177,15,0.0284,0.0303,
eslv2026fiztype5,ohdd2026x3jbbmjm,hypodd,ohyp2026vaw2zduk,2025-08-11T11:07:57.409999Z,14.038552,-89.827441,6.077,1.6597,MLc,0.19,156,12,0.0287,0.0278,
eslv2026ankqu4wv,ohdd2026nxe5a74g,hypodd,ohyp2026vtcyulqt,2025-08-11T12:00:11.960000Z,14.049358,-89.825203,6.836,1.1482,MLc,0.229,162,7,0.0331,0.0292,
eslv2026ijauwqnu,ohdd2026rrlsp6xu,hypodd,ohyp2026xry75ypm,2025-08-11T12:45:53.840000Z,14.043422,-89.807918,4.411,1.4633,MLc,0.093,136,6,0.0288,0.0287,
eslv2026x63h46e5,ohdd2026lcspujty,hypodd,ohyp2026cmefm4bh,2025-08-11T12:46:17.359999Z,14.044918,-89.818774,7.575,2.69,MLc,0.164,139,18,0.0278,0.0273,
eslv2026ypfzb2uo,ohdd2026tfe3hgbn,hypodd,ohyp2026ou6p7py7,2025-08-11T12:52:40.189999Z,14.043323,-89.82216,8.255,1.2347,MLc,0.235,142,6,0.0308,0.0299,
eslv2026gkvmhgac,ohdd2026shevhd3x,hypodd,ohyp2026giq3r2mr,2025-08-11T12:57:43.590000Z,14.005659,-89.841154,11.073,1.0326,MLc,0.151,147,6,0.066,0.0419,
eslv2026kuyrkaca,ohdd2026exygan44,hypodd,ohyp2026s65jwgol,2025-08-11T13:01:31.809999Z,14.046155,-89.813517,6.913,2.072,MLc,0.121,139,13,0.0259,0.0244,
eslv20264ftnmnqu,ohdd2026g7zaoyxi,hypodd,ohyp2026734zt5bh,2025-08-11T13:04:03.839999Z,14.043853,-89.883667,8.237,,,0.18,243,9,0.0338,0.0233,
eslv2026nlhi5chq,ohdd2026vxtf53rh,hypodd,ohyp2026bza5wnwv,2025-08-11T13:08:17.820000Z,14.078223,-89.826807,8.171,1.2703,MLc,0.171,206,6,0.0259,0.0354,
eslv2026spv6puc2,ohdd2026c7adljhe,hypodd,ohyp2026e6qwkqmi,2025-08-11T18:20:26.539999Z,14.026645,-89.909977,3.647,1.4158,MLc,0.374,250,6,0.0129,0.0132,
eslv2026h27eeofh,ohdd2026u6k56ial,hypodd,ohyp2026fqtfr4fm,2025-08-11T22:10:20.500000Z,13.962407,-89.824731,9.308,0.763,MLc,0.11,181,7,0.0299,0.0263,
eslv2026peksxock,ohdd2026flq7rjkl,hypodd,ohyp2026bzojqjjm,2025-08-12T02:27:47.640000Z,14.051881,-89.883407,6.488,0.8186,MLc,0.128,254,6,0.0354,0.0233,
eslv2026t32xgnmi,ohdd2026ynkoqd3k,hypodd,ohyp20266yz5pgav,2025-08-12T06:43:09.169999Z,14.052437,-89.815894,7.541,1.5237,MLc,0.14,133,14,0.0275,0.0267,
eslv2026cy2vrff5,ohdd2026su4hpxfo,hypodd,ohyp2026se2nxrim,2025-08-12T08:10:15.250000Z,14.050414,-89.814152,7.406,1.1786,MLc,0.139,176,7,0.0372,0.0303,
eslv2026ecafshj6,ohdd2026ryzrf2k6,hypodd,ohyp20265e5s6kgm,2025-08-12T08:16:21.379999Z,14.046982,-89.822957,4.662,1.5823,MLc,0.221,145,16,0.0283,0.0249,
eslv2026l5z5kmsh,ohdd202672xa5cie,hypodd,ohyp2026tvgp45iu,2025-08-12T08:19:56.880000Z,14.070598,-89.949634,4.422,1.6801,MLc,0.174,287,6,0.0212,0.0259,
eslv2026tqjrhebs,ohdd2026ifhhmma7,hypodd,ohyp2026mggsrdjs,2025-08-12T08:25:22.170000Z,14.04817,-89.824487,4.411,1.3951,MLc,0.172,165,10,0.0299,0.0365,
eslv20266acdafs2,ohdd2026enuc44np,hypodd,ohyp2026jnmblq2g,2025-08-12T08:34:07.750000Z,13.958256,-89.836279,9.799,1.0301,MLc,0.25,199,9,0.0261,0.0261,
eslv20262viaw2md,ohdd2026y6qfk4tz,hypodd,ohyp202636syobae,2025-08-12T09:41:02.750000Z,14.050444,-89.816007,4.307,1.7341,MLc,0.167,138,13,0.023,0.0238,
eslv2026kpiqr6i2,ohdd2026yuuobckc,hypodd,ohyp2026bdsc6nji,2025-08-12T11:15:37.079999Z,14.055196,-89.820622,6.079,1.7549,MLc,0.147,136,12,0.029,0.0342,
eslv2026cruidnam,ohdd2026ysgybkgt,hypodd,ohyp2026zl5ntkbp,2025-08-12T13:09:41.570000Z,14.085364,-89.839307,7.09,1.5627,MLc,0.119,184,7,0.0244,0.0242,
eslv2026rbqlv73m,ohdd2026lwicyxcj,hypodd,ohyp2026kbcwalxu,2025-08-12T13:55:27.530000Z,14.012844,-89.788729,8.121,1.9881,MLc,0.193,138,14,0.0149,0.0292,
eslv2026koxgfozj,ohdd2026yupmhr42,hypodd,ohyp2026jqcini6w,2025-08-12T14:31:03.129999Z,14.061561,-89.828556,5.562,0.993,MLc,0.204,138,6,0.0283,0.04,
eslv20263nqjunzp,ohdd2026omsn4mch,hypodd,ohyp2026miph5jju,2025-08-12T15:24:19.519999Z,14.13397,-89.804867,0.485,1.0732,MLc,0.235,253,7,1.0745,2.2471,
eslv2026fhsniior,ohdd20264z2pekpq,hypodd,ohyp20265qizzbce,2025-08-12T15:44:00.500000Z,14.048995,-89.820785,4.545,1.9124,MLc,0.141,148,11,0.0276,0.0383,
eslv2026nkhcun75,ohdd2026xshoomqh,hypodd,ohyp2026puiret2e,2025-08-12T16:09:22.399999Z,14.052386,-89.821924,8.367,1.1968,MLc,0.204,148,8,0.0321,0.0359,
eslv20262ujkigtv,ohdd2026mtxx4t6z,hypodd,ohyp2026gp6imw6p,2025-08-12T20:19:47.619999Z,14.048249,-89.814722,7.17,1.6085,MLc,0.119,135,8,0.0256,0.0253,
eslv2026vksrtoxr,ohdd2026cggqsczk,hypodd,ohyp2026xhpdc5ze,2025-08-12T23:43:51.799999Z,14.103991,-89.857292,6.481,1.2041,MLc,0.111,227,6,0.0374,0.0274,
eslv2026ficfro7a,ohdd2026unje7now,hypodd,ohyp2026f4z2i4ag,2025-08-13T01:33:48.770000Z,14.007113,-89.877897,3.801,0.625,MLc,0.089,244,6,0.0232,0.0095,
eslv2026mf3ah5zc,ohdd2026kxx4j5g7,hypodd,ohyp2026pohsh4pj,2025-08-13T05:17:40.810000Z,14.078359,-89.823657,8.221,0.4841,MLc,0.106,164,6,0.0198,0.0243,
eslv20267j3pm7pn,ohdd2026rbu36zzg,hypodd,ohyp20262ijfcm5l,2025-08-13T06:03:42.939999Z,14.078842,-89.825285,8.262,1.0025,MLc,0.072,162,7,0.0245,0.0217,
eslv2026nkh33wja,ohdd2026tsb3gea7,hypodd,ohyp2026bv2g3nyo,2025-08-13T06:16:43.189999Z,14.047749,-89.823462,7.583,1.1894,MLc,0.116,156,7,0.0274,0.0256,
eslv202626hfhdkz,ohdd2026uhrgiays,hypodd,ohyp20265jnav3iz,2025-08-13T07:40:07.910000Z,14.078169,-89.824333,8.231,0.4423,MLc,0.09,165,6,0.0239,0.0272,
eslv20266edskfep,ohdd2026wty24mab,hypodd,ohyp20267s3alzvt,2025-08-13T07:45:37.460000Z,14.043563,-89.825602,8.911,0.7724,MLc,0.199,174,6,0.0323,0.0282,
eslv2026ai7b7cly,ohdd20263utz4hrv,hypodd,ohyp2026gr5pbhbs,2025-08-13T08:36:08.779999Z,14.105085,-89.878076,5.916,0.874,MLc,0.295,312,6,0.0459,0.0368,
eslv2026c4rozr6t,ohdd202627pifwwg,hypodd,ohyp2026vbg54q7q,2025-08-13T08:40:55.670000Z,14.031766,-89.922257,6.282,1.2216,MLc,0.382,268,7,0.0812,0.115,
eslv2026yuwy7qi6,ohdd2026ecvcvbou,hypodd,ohyp2026n5vtfvzv,2025-08-13T09:02:44.509999Z,14.100558,-89.871379,5.596,1.75,MLc,0.284,253,17,0.036,0.0369,
eslv2026ebgzadhy,ohdd2026xk5qzav2,hypodd,ohyp202663axmtmi,2025-08-13T09:11:03.279999Z,14.107842,-89.858317,6.188,1.8412,MLc,0.272,284,12,0.0356,0.0294,
eslv2026xkhw5krm,ohdd2026kxlmmhq3,hypodd,ohyp2026cywb34wq,2025-08-13T10:54:19.329999Z,14.080827,-89.826742,6.364,1.7975,MLc,0.182,161,6,0.0417,0.0644,
eslv20263sqzzctx,ohdd2026yjzg2wz5,hypodd,ohyp2026jlaxxqlz,2025-08-13T11:30:05.790000Z,14.051792,-89.81884,4.186,1.8378,MLc,0.297,153,11,0.0271,0.0444,
eslv2026sukgmh7c,ohdd2026b7hm42ws,hypodd,ohyp20263yhulnt6,2025-08-13T12:08:56.659999Z,14.005184,-89.82513,8.464,0.6726,MLc,0.239,169,6,0.0134,0.0247,
eslv2026642y7uyw,ohdd20263k75p3qa,hypodd,ohyp2026ylqc4bs2,2025-08-13T13:34:24.050000Z,14.079067,-89.822778,7.776,1.7088,MLc,0.154,150,9,0.0312,0.0305,
eslv20264i7zdc74,ohdd2026tzmayn6x,hypodd,ohyp2026w5iamnjj,2025-08-13T14:56:37.570000Z,13.853675,-89.743636,8.487,0.0846,MLc,0.069,166,6,0.0254,0.0244,
eslv2026qrcaxcm2,ohdd2026ci3dpgji,hypodd,ohyp20263wpk7oeq,2025-08-13T17:01:24.879999Z,14.108034,-89.864461,6.508,1.3406,MLc,0.203,262,6,0.0348,0.0261,
eslv2026ijrp64n6,ohdd2026tbeuimgt,hypodd,ohyp2026el5ta26r,2025-08-13T18:12:05.919999Z,14.012694,-89.787752,8.3,2.1898,MLc,0.146,137,16,0.0101,0.0205,
eslv20267eg7m6c2,ohdd20266fjhqgco,hypodd,ohyp2026nrzzufcc,2025-08-13T18:26:22.719999Z,14.01347,-89.787915,7.075,1.3035,MLc,0.143,138,7,0.0253,0.0438,
eslv2026lur3giaf,ohdd2026rpirjfqk,hypodd,ohyp2026yhjsz6bw,2025-08-13T18:37:42.659999Z,14.052993,-89.817212,7.527,0.7831,MLc,0.166,136,6,0.033,0.029,
eslv2026yuznpvip,ohdd20266p5tanay,hypodd,ohyp202627yrwd7j,2025-08-13T21:08:39.640000Z,14.047936,-89.81241,6.216,1.6211,MLc,0.123,133,8,0.0247,0.0251,
eslv2026ebicigdy,ohdd20266x6sddr4,hypodd,ohyp2026jycmzkgj,2025-08-13T21:09:11.880000Z,14.047245,-89.813192,6.761,1.4345,MLc,0.096,136,6,0.0252,0.0257,
eslv2026ppfpricb,ohdd20262me6ftfh,hypodd,ohyp2026k3wxqvm2,2025-08-13T21:48:22.120000Z,14.044165,-89.808773,4.764,2.0357,MLc,0.118,131,13,0.0261,0.0153,
eslv2026s3cdwwxu,ohdd20267pxhvlbg,hypodd,ohyp20263plri5yu,2025-08-13T22:10:58.600000Z,14.112961,-89.887606,6.521,1.5277,MLc,0.279,280,6,0.0129,0.0136,
eslv2026aqz7b7ht,ohdd2026mni5hqte,hypodd,ohyp2026bxzrly26,2025-08-13T22:15:11.580000Z,14.084113,-89.845101,5.745,0.7008,MLc,0.139,161,6,0.0484,0.0548,
eslv2026qt54xvhx,ohdd2026empxqnyd,hypodd,ohyp2026c2x2swej,2025-08-13T22:25:24.480000Z,14.10334,-89.748429,11.234,1.2678,MLc,0.167,244,6,0.4943,0.3523,
eslv2026vrrlkfjb,ohdd2026bh7pe6mo,hypodd,ohyp2026p7zd4h3r,2025-08-13T22:40:47.820000Z,14.028995,-89.835612,15.831,0.9736,MLc,0.001,133,6,0.0927,0.0592,
eslv2026ftq3hjs5,ohdd2026ln6gmg7v,hypodd,ohyp2026pek4q5jf,2025-08-13T23:04:12.720000Z,14.045101,-89.810522,5.255,2.0448,MLc,0.122,130,15,0.026,0.0306,
eslv20264h3nx2zo,ohdd2026paj7pz3q,hypodd,ohyp2026ks22y425,2025-08-14T00:18:24.070000Z,14.077328,-89.825195,7.188,2.1469,MLc,0.175,177,17,0.0345,0.0486,
eslv2026dxppiyi5,ohdd2026ioeof4bv,hypodd,ohyp2026i3zktwwo,2025-08-14T02:13:52.229999Z,14.046078,-89.812622,5.484,1.1492,MLc,0.112,133,6,0.0268,0.0358,
eslv2026g6iaiblu,ohdd2026sdw4crfe,hypodd,ohyp2026b2vvpnfc,2025-08-14T02:36:37.189999Z,14.051646,-89.835889,4.097,1.1131,MLc,0.172,180,6,0.0288,0.0288,
eslv2026bk47bwcr,ohdd20267olwwc36,hypodd,ohyp2026hxarbksm,2025-08-14T03:56:36.210000Z,14.017463,-89.794621,4.172,1.0136,MLc,0.182,159,8,0.0528,0.0489,
eslv2026m6yfttzr,ohdd2026mqixvvuc,hypodd,ohyp20265hygnm4g,2025-08-14T04:41:53.950000Z,14.045142,-89.824382,7.233,1.5622,MLc,0.096,159,8,0.0297,0.0268,
eslv2026u2qzk4om,ohdd20264gjhlbrq,hypodd,ohyp2026vhdclya5,2025-08-14T05:51:56.210000Z,14.087759,-89.834391,6.676,1.46,MLc,0.243,235,12,0.0344,0.0363,
eslv20263axlnuq7,ohdd2026dshidc2l,hypodd,ohyp2026ozwhbu3l,2025-08-14T05:59:00.360000Z,14.032622,-89.849862,8.381,1.0789,MLc,0.11,188,6,0.0109,0.0161,
eslv2026mxnvubbr,ohdd2026nu4fer5n,hypodd,ohyp2026vs2bbepo,2025-08-14T07:36:00.400000Z,14.049514,-89.816821,8.733,1.4793,MLc,0.256,193,7,0.0377,0.0313,
eslv20264llvxo2v,ohdd2026tjtye3jg,hypodd,ohyp2026plyrnypg,2025-08-14T07:50:57.939999Z,14.011505,-89.791569,8.374,0.724,MLc,0.149,173,6,0.0238,0.019,
eslv2026rfwy6vbu,ohdd2026xuj6jvjx,hypodd,ohyp20263ekxbey3,2025-08-14T09:59:01.040000Z,14.052618,-89.822241,8.562,0.8133,MLc,0.234,135,6,0.0306,0.0291,
eslv2026x5hzdmye,ohdd2026un7sijxp,hypodd,ohyp2026d4yoehtr,2025-08-14T14:33:02.129999Z,14.106091,-89.878931,5.357,0.9179,MLc,0.328,292,6,0.0481,0.0349,
eslv2026sq3uxbde,ohdd2026i3u3e4a3,hypodd,ohyp2026htzq77am,2025-08-14T14:46:24.969999Z,14.049561,-89.825309,6.349,2.1344,MLc,0.125,149,10,0.024,0.0297,
eslv2026aum5ljoy,ohdd2026i7lffgqg,hypodd,ohyp2026x36tf3mj,2025-08-14T14:50:41.280000Z,14.050913,-89.822445,4.805,1.6435,MLc,0.107,147,7,0.0206,0.0193,
eslv2026u5ddgez2,ohdd2026qh6subtx,hypodd,ohyp2026zo4yzcpt,2025-08-14T15:00:57.850000Z,14.050827,-89.823226,8.015,1.4375,MLc,0.227,144,6,0.0341,0.0277,
eslv2026argrtmsm,ohdd2026utd657rn,hypodd,ohyp2026r3jto4ly,2025-08-14T15:01:22.640000Z,14.039427,-89.821639,4.934,1.9022,MLc,0.143,164,12,0.0211,0.0206,
eslv2026utw3mfob,ohdd2026mk3yxzov,hypodd,ohyp2026rde7spgq,2025-08-14T16:50:38.530000Z,14.053373,-89.821761,8.866,1.6864,MLc,0.127,140,7,0.0228,0.0271,
eslv2026oi45bnep,ohdd20265w3wheft,hypodd,ohyp2026ul5yu7je,2025-08-14T16:57:58.789999Z,14.08673,-89.83811,7.116,1.2648,MLc,0.117,187,7,0.024,0.0236,
eslv2026zevo643t,ohdd2026vjx6j3pk,hypodd,ohyp2026cyz2kkec,2025-08-14T18:27:10.740000Z,14.037778,-89.81984,4.641,1.6217,MLc,0.164,156,7,0.0347,0.0327,
eslv2026t7yux6tz,ohdd20264hbdzj5d,hypodd,ohyp2026ijtshtcm,2025-08-14T18:46:40.759999Z,14.055473,-89.80826,7.031,1.0357,MLc,0.223,204,6,0.0507,0.0527,
eslv2026pvqzegei,ohdd2026qiqk5sg7,hypodd,ohyp2026jrmzp5hr,2025-08-14T20:34:27.539999Z,14.077234,-89.858797,4.824,1.6005,MLc,0.191,163,7,0.0237,0.0277,
eslv20263asqz57f,ohdd2026mdeysppb,hypodd,ohyp2026ss25gdv2,2025-08-14T23:04:53.979999Z,14.101331,-89.856502,6.009,1.8567,MLc,0.176,245,6,0.024,0.0367,
eslv2026eai3hj7z,ohdd2026mcmqrfwg,hypodd,ohyp20267s5rmpkj,2025-08-15T05:44:25.670000Z,14.079379,-89.823706,8.092,1.4247,MLc,0.095,160,10,0.023,0.0267,
eslv20266vfrcnue,ohdd2026habuwitl,hypodd,ohyp2026fsiolgtd,2025-08-15T05:46:34.990000Z,13.982025,-89.815609,10.259,1.5364,MLc,0.001,252,8,0.0397,0.0394,
eslv2026qba2n67j,ohdd2026t7cg3kkz,hypodd,ohyp2026s6r3f2rh,2025-08-15T05:48:19.730000Z,14.027519,-89.85179,8.49,0.306,MLc,0.218,220,6,0.0306,0.0318,
eslv2026foxsiv46,ohdd2026qdpyqnhh,hypodd,ohyp2026j6w5nhx4,2025-08-15T05:56:35.539999Z,14.083564,-89.838525,6.871,2.4137,MLc,0.138,180,15,0.0259,0.0341,
eslv2026gxo3qxtp,ohdd20265er5stxy,hypodd,ohyp2026m2o2zujv,2025-08-15T06:12:10.039999Z,14.070787,-89.856852,4.187,1.2912,MLc,0.178,230,10,0.0316,0.0294,
eslv2026nsu33zoy,ohdd2026vwokqbzk,hypodd,ohyp2026jpxz75u4,2025-08-15T07:08:32.100000Z,14.099994,-89.882975,5.681,1.0552,MLc,0.246,332,8,0.0478,0.0372,
eslv2026dnu376np,ohdd2026edwcxinm,hypodd,ohyp2026zumnltac,2025-08-15T08:28:22.379999Z,14.037494,-89.831421,7.756,1.0179,MLc,0.195,173,8,0.0346,0.0224,
eslv2026xsxcgmlj,ohdd2026dvvr4z7z,hypodd,ohyp2026ly5gcg4b,2025-08-15T09:21:39.369999Z,14.043436,-89.80721,4.322,1.4206,MLc,0.174,168,9,0.0298,0.031,
eslv20264ehrrdd2,ohdd2026btvi5mjj,hypodd,ohyp2026wagt7rqi,2025-08-15T09:35:06.040000Z,14.049246,-89.820931,4.613,1.3116,MLc,0.126,177,8,0.0346,0.0379,
eslv2026z3gbdbcq,ohdd2026nv6xspvo,hypodd,ohyp2026famdsej7,2025-08-15T10:37:46.820000Z,14.104347,-89.868685,6.331,0.4396,MLc,0.172,329,6,0.0533,0.0199,
eslv20262p2kpkld,ohdd2026f2qbgi2h,hypodd,ohyp20265qteiodx,2025-08-15T11:03:23.480000Z,14.019453,-89.858162,9.105,0.2021,MLc,0.253,224,6,0.0321,0.0272,
eslv2026q6rzf73i,ohdd2026wez3a4rl,hypodd,ohyp2026brp3tdkz,2025-08-15T13:27:32.750000Z,14.076647,-89.836613,6.438,1.2674,MLc,0.114,140,7,0.0298,0.0352,
eslv2026p7jxxtdx,ohdd2026wiorfnpc,hypodd,ohyp20264sd3dgks,2025-08-15T13:45:00.540000Z,14.088002,-89.838143,7.238,1.2402,MLc,0.14,180,7,0.0257,0.0268,
eslv2026r3pllxav,ohdd2026v5rwld7s,hypodd,ohyp2026aotuv4kh,2025-08-15T14:59:08.750000Z,14.102676,-89.861149,6.204,1.4401,MLc,0.185,274,6,0.0398,0.0344,
eslv2026yipzuzns,ohdd20265unwnu5p,hypodd,ohyp2026sxkqxhva,2025-08-15T15:05:52.780000Z,14.071246,-89.835278,6.651,1.2104,MLc,0.166,143,7,0.0286,0.0366,
eslv2026o7suthpq,ohdd2026xweo2dsq,hypodd,ohyp2026d3ibsnwu,2025-08-15T23:39:36.439999Z,14.046447,-89.813908,6.732,1.9575,MLc,0.157,143,11,0.0289,0.0289,
eslv2026ccmjod5j,ohdd2026ofrciyfv,hypodd,ohyp2026crx3g3va,2025-08-16T01:39:51.719999Z,14.019002,-89.857495,8.487,0.3424,MLc,0.269,205,6,0.0339,0.0332,
eslv2026l44lacoh,ohdd2026inl7flbd,hypodd,ohyp2026ismsyomg,2025-08-16T01:55:36.820000Z,14.042453,-89.809066,4.451,1.817,MLc,0.169,141,10,0.0329,0.0295,
eslv2026wbdjd6xm,ohdd2026rpbmzwgd,hypodd,ohyp2026je4p6zbd,2025-08-16T02:11:10.009999Z,14.081217,-89.835368,6.666,1.4835,MLc,0.115,155,7,0.0199,0.0282,
eslv202637rmwm3o,ohdd20266cgcchrq,hypodd,ohyp2026pujqp7t6,2025-08-16T04:26:43.359999Z,14.023399,-89.851546,4.812,0.642,MLc,0.141,164,6,0.0762,0.0431,
eslv2026q3jjqyib,ohdd2026wjfw54rd,hypodd,ohyp2026suzzmzrb,2025-08-16T07:04:57.799999Z,14.065415,-89.828963,5.96,1.1695,MLc,0.199,144,10,0.023,0.0322,
eslv2026slezw4pi,ohdd2026fo7xwup6,hypodd,ohyp2026bwfgflle,2025-08-16T08:34:15.279999Z,14.016223,-89.792318,4.615,0.8557,MLc,0.197,151,7,0.0233,0.0314,
eslv2026uozln6h6,ohdd2026yioqikwp,hypodd,ohyp2026ygtptcsd,2025-08-16T08:51:16.079999Z,14.086525,-89.843669,6.866,1.4071,MLc,0.105,166,6,0.0214,0.0246,
eslv20266uf2jj6j,ohdd2026ernosdfr,hypodd,ohyp2026evru7n6x,2025-08-16T09:07:40.299999Z,14.084576,-89.844271,6.603,1.7862,MLc,0.148,167,14,0.0222,0.0242,
eslv2026koyv5gpz,ohdd2026s5gchols,hypodd,ohyp2026vvjm33wt,2025-08-16T09:32:10.419999Z,14.133773,-89.709456,16.402,1.3363,MLc,0.209,261,6,0.4272,0.4776,
eslv2026mzuuwbwn,ohdd2026sv25ubux,hypodd,ohyp2026va5jvvza,2025-08-16T09:35:07.929999Z,14.053759,-89.821232,8.498,1.6161,MLc,0.138,140,12,0.0237,0.0245,
eslv2026x2oqj6xm,ohdd2026ta2tg476,hypodd,ohyp2026ydfa7aeb,2025-08-16T10:50:32.420000Z,14.086359,-89.848356,7.072,0.8044,MLc,0.174,178,6,0.0276,0.0225,
eslv2026ux6fg7md,ohdd2026wg3qat64,hypodd,ohyp2026ilqqammp,2025-08-16T11:46:55.539999Z,14.0476,-89.895825,7.861,0.5829,MLc,0.261,254,6,0.0896,0.136,
eslv2026ubgf6ebe,ohdd202654qx3fbo,hypodd,ohyp2026p7ajlipm,2025-08-16T11:50:23.730000Z,14.084996,-89.844474,6.568,2.1421,MLc,0.17,155,12,0.0266,0.0303,
eslv2026iekc442h,ohdd2026e5vbx3ab,hypodd,ohyp2026u7yrra7q,2025-08-18T00:07:47.070000Z,14.084592,-89.846826,7.243,0.3837,MLc,0.134,180,6,0.0352,0.0338,
eslv2026y5655esz,ohdd2026j3ls5ryi,hypodd,ohyp2026aq34vs4u,2025-08-18T00:20:47.670000Z,14.058751,-89.827743,5.67,0.3963,MLc,0.229,135,6,0.031,0.0449,
eslv2026n2zp5vhx,ohdd2026ymiyztcc,hypodd,ohyp2026vvrpz7z7,2025-08-18T00:53:28.800000Z,14.078792,-89.83444,6.791,0.7497,MLc,0.258,139,6,0.0267,0.0287,
eslv2026hnaom3qk,ohdd2026spn3qhe5,hypodd,ohyp2026jxvjoc3l,2025-08-18T01:07:33.950000Z,14.04692,-89.885189,19.114,0.3584,MLc,0.001,145,6,0.0592,0.0431,
eslv2026fcpsyvdq,ohdd2026snmhhamd,hypodd,ohyp20262bbx5uty,2025-08-18T01:08:45.520000Z,14.050064,-89.832772,4.452,0.7763,MLc,0.128,249,6,0.069,0.0484,
eslv20264ywu4gxh,ohdd2026yfsicec7,hypodd,ohyp2026w7d3y7sw,2025-08-18T01:33:17.390000Z,14.029442,-89.836182,8.299,0.3738,MLc,0.202,220,6,0.0366,0.0313,
eslv2026aq4oj65x,ohdd2026cc3r5bkm,hypodd,ohyp2026uktuq7un,2025-08-18T01:34:37.210000Z,14.080178,-89.83571,6.692,0.2835,MLc,0.182,150,6,0.0244,0.0265,
eslv2026sa3ld43k,ohdd2026vyq4blal,hypodd,ohyp2026axcgc4yw,2025-08-18T01:53:46.920000Z,14.041079,-89.825138,8.69,0.4372,MLc,0.147,148,6,0.031,0.0301,
eslv2026mk22b65f,ohdd2026a5ymtn3r,hypodd,ohyp2026l66gcczn,2025-08-18T02:22:39.149999Z,14.106664,-89.857511,6.336,0.6602,MLc,0.224,293,6,0.0342,0.0219,
eslv20267gnuxc5b,ohdd2026jv3pmnds,hypodd,ohyp2026mmtxkidu,2025-08-18T02:41:58.719999Z,14.083728,-89.838428,6.879,2.0568,MLc,0.281,209,15,0.025,0.0325,
eslv2026bn6pjoxx,ohdd2026h3gxvwlx,hypodd,ohyp2026m65batdg,2025-08-18T02:55:05.259999Z,14.045186,-89.830721,9.76,0.5863,MLc,0.172,157,6,0.0363,0.0277,
eslv20266rs2nb6p,ohdd2026v6lr3thw,hypodd,ohyp2026ds4kxg4a,2025-08-18T03:16:55.320000Z,14.049744,-89.82828,6.013,0.8227,MLc,0.125,145,6,0.0295,0.0294,
eslv2026hv34j5rl,ohdd2026sug2rtjx,hypodd,ohyp2026eiinrt6w,2025-08-18T03:20:55.659999Z,14.104463,-89.864242,7.101,0.2889,MLc,0.255,254,6,0.0378,0.0318,
eslv2026r4jyiuum,ohdd20266nz2txbg,hypodd,ohyp20265pa6x56f,2025-08-18T03:27:23.750000Z,14.081764,-89.836344,6.843,0.2942,MLc,0.115,156,6,0.0212,0.0283,
eslv2026oqv3pc6e,ohdd2026mxrimior,hypodd,ohyp2026wovnfwfh,2025-08-18T03:39:47.950000Z,14.085813,-89.838973,7.066,0.4509,MLc,0.12,193,6,0.0272,0.0255,
eslv2026bfqajbla,ohdd2026g5gzebwv,hypodd,ohyp2026wg2yqn2u,2025-08-18T03:45:31.170000Z,14.104941,-89.863477,7.36,0.2479,MLc,0.18,207,6,0.0353,0.032,
eslv20267iai2jf2,ohdd2026jqy5lixx,hypodd,ohyp2026whn22mcv,2025-08-18T04:00:34.799999Z,14.023584,-89.852002,7.537,0.7901,MLc,0.16,181,6,0.0313,0.0304,
eslv2026a5se5vut,ohdd2026f5ojeqsb,hypodd,ohyp2026lfsyfrfg,2025-08-18T04:13:10.140000Z,14.082654,-89.834131,6.309,2.2377,MLc,0.129,174,17,0.0288,0.0502,
eslv2026tlwy23c4,ohdd2026u43mbvsp,hypodd,ohyp2026dkoj3qhf,2025-08-18T04:45:16.699999Z,14.057084,-89.834774,6.494,1.2261,MLc,0.124,146,8,0.0339,0.053,
eslv2026jqeu76ba,ohdd20264jltsctq,hypodd,ohyp2026u4splpjm,2025-08-18T06:01:17.940000Z,13.994443,-89.847754,7.973,1.3897,MLc,0.305,147,11,0.0224,0.0203,
eslv2026csf6whtn,ohdd2026baouydwe,hypodd,ohyp2026jhbky2vj,2025-08-18T06:14:44.729999Z,14.041442,-89.823307,6.165,0.2574,MLc,0.156,149,6,0.032,0.0351,
eslv2026zrxpsmo4,ohdd2026ujceoiog,hypodd,ohyp2026vdamkmsw,2025-08-18T07:02:08.810000Z,14.104773,-89.88737,6.459,0.7792,MLc,0.189,281,7,0.0422,0.0387,
eslv2026pnaqogxa,ohdd2026jffztywy,hypodd,ohyp2026vw54bem6,2025-08-18T07:25:14.609999Z,13.918947,-89.780249,4.7,0.4156,MLc,0.181,245,7,0.0187,0.0156,
eslv2026f2rrvs4d,ohdd202636titk6f,hypodd,ohyp2026vzfimzaj,2025-08-18T07:31:46.530000Z,13.908118,-89.783,5.018,0.5073,MLc,0.215,254,6,0.0192,0.0148,
eslv2026idwc3dwt,ohdd2026rz3wbi3t,hypodd,ohyp2026gb4xs6hu,2025-08-18T10:18:14.369999Z,14.084592,-89.844906,6.779,1.1068,MLc,0.114,151,9,0.0279,0.0312,
eslv2026ikv6dacr,ohdd2026ckbuuqpk,hypodd,ohyp2026h2s32zql,2025-08-18T10:44:16.949999Z,14.076153,-89.834806,6.519,0.5131,MLc,0.139,128,8,0.0244,0.0347,
eslv2026ckm6j5ho,ohdd2026etjeese5,hypodd,ohyp2026u2qcqrki,2025-08-18T11:08:45.520000Z,14.010232,-89.851164,11.085,0.5607,MLc,0.182,151,6,0.0906,0.0573,
eslv2026tl7u7vuf,ohdd2026ckygjuau,hypodd,ohyp2026lsuc5syp,2025-08-18T11:39:33.219999Z,14.052101,-89.835303,3.909,1.1502,MLc,0.222,180,7,0.0314,0.0362,
eslv2026c3ccac62,ohdd2026xrak3ge6,hypodd,ohyp20263ipllkeh,2025-08-18T11:47:36.789999Z,14.052255,-89.834717,3.575,0.6178,MLc,0.188,182,6,0.0327,0.0373,
eslv2026v6xrakvd,ohdd2026xsitysss,hypodd,ohyp2026mwsaivkq,2025-08-18T13:16:58.520000Z,14.103546,-89.777035,9.16,0.6531,MLc,0.186,261,6,0.0644,0.0569,
eslv2026bceexghj,ohdd2026xieqxtjz,hypodd,ohyp20266nrcpxio,2025-08-18T20:27:50.159999Z,14.025387,-89.774683,10.184,0.428,MLc,0.115,250,7,0.0796,0.0699,
eslv2026jgvsr5wq,ohdd2026u3l2o7mn,hypodd,ohyp2026qrc75qy3,2025-08-19T05:30:51.859999Z,13.968094,-89.62373,2.443,0.2348,MLc,0.288,268,6,0.3007,0.6279,
eslv2026wwwyjsjf,ohdd2026uswxnq7d,hypodd,ohyp2026rri3s6vs,2025-08-19T06:01:02.600000Z,14.036467,-89.789168,10.371,1.541,MLc,0.25,215,8,0.0409,0.0566,
eslv2026orsrl247,ohdd20267vhiy36s,hypodd,ohyp2026kxu2afwk,2025-08-19T08:41:31.670000Z,14.041712,-89.781234,15.482,1.1286,MLc,0.237,217,6,0.0163,0.0146,
eslv2026itql3ldv,ohdd2026gagfvv7b,hypodd,ohyp2026rd3u57g4,2025-08-19T09:06:34.469999Z,13.956398,-89.848104,9.39,0.8581,MLc,0.108,203,9,0.0464,0.06,
eslv2026ncdhkiew,ohdd2026drmxxioe,hypodd,ohyp2026wor2zswk,2025-08-19T12:16:14.689999Z,14.079288,-89.821997,8.443,1.9412,MLc,0.202,245,11,0.0273,0.0335,
eslv20267ztucz43,ohdd2026w5wp6ogk,hypodd,ohyp2026aorffctd,2025-08-19T14:59:19.859999Z,14.102378,-89.858089,12.794,1.8605,MLc,0.233,269,9,0.0598,0.0743,
eslv2026odldiiuh,ohdd2026yy2xxo5d,hypodd,ohyp2026ae2bx3b4,2025-08-19T15:00:54.000000Z,14.114248,-89.893571,10.564,2.0866,MLc,0.116,262,7,0.0234,0.0416,
eslv20263paetkj4,ohdd2026ig355u3j,hypodd,ohyp2026hx5su5a4,2025-08-19T15:21:52.439999Z,13.958808,-89.6021,0.483,0.4711,MLc,0.132,279,6,0.1585,0.4399,
eslv2026z6a44ffk,ohdd2026hrgfzdvo,hypodd,ohyp20264goryilz,2025-08-19T17:26:47.960000Z,14.068808,-89.857096,12.727,0.291,MLc,0.251,271,6,0.0434,0.0572,
eslv2026bnnr7d37,ohdd2026cwozcidv,hypodd,ohyp2026rvidgdx5,2025-08-20T01:11:34.670000Z,13.988588,-89.693685,12.905,1.4561,MLc,0.002,196,6,0.0623,0.0336,
eslv2026lowqfta2,ohdd2026fybwmt77,hypodd,ohyp2026e5vqydre,2025-08-20T06:53:10.220000Z,14.070599,-89.797005,11.94,2.0185,MLc,0.049,234,11,0.0016,0.0014,
eslv20263axbhaz3,ohdd2026viorv4bf,hypodd,ohyp2026iyfm47le,2025-08-20T08:24:35.399999Z,14.059535,-89.836255,11.079,0.7215,MLc,0.058,244,7,0.0459,0.0561,
eslv2026j5tsv6pl,ohdd2026un3h3j7r,hypodd,ohyp2026dfraj5mt,2025-08-20T17:35:12.740000Z,13.974691,-89.658993,4.336,0.7131,MLc,0.071,248,6,0.3397,0.3417,
eslv2026huftysef,ohdd2026zyc7jtng,hypodd,ohyp2026ymbgzo4c,2025-08-21T01:57:12.699999Z,14.010101,-89.657422,12.789,0.9697,MLc,0.078,200,6,0.0013,0.0007,
eslv2026hrf25imv,ohdd20264j6jqgo6,hypodd,ohyp2026xgxfuob2,2025-08-21T07:45:57.729999Z,14.053899,-89.836751,7.659,1.156,MLc,0.237,246,12,0.0307,0.0537,
eslv20262j5ptkr6,ohdd2026ghtel7rw,hypodd,ohyp20264leywr5o,2025-08-21T08:01:07.929999Z,14.044981,-89.804305,10.273,0.7708,MLc,0.213,216,7,0.0449,0.0449,
eslv2026n5xmk2xz,ohdd2026zwgp6isg,hypodd,ohyp2026yllzsjn3,2025-08-21T08:01:58.920000Z,14.101446,-89.852344,9.477,1.8066,MLc,0.324,267,18,0.058,0.0864,
eslv2026vuqe7ss7,ohdd2026humanclh,hypodd,ohyp20264b3na5yj,2025-08-21T18:29:53.179999Z,14.044232,-89.808748,4.704,2.5201,MLc,0.23,242,14,0.0415,0.0452,
eslv2026ee2psef4,ohdd2026gqp66mxv,hypodd,ohyp20264mqk7zse,2025-08-21T18:31:21.480000Z,14.045302,-89.812174,4.896,1.9405,MLc,0.32,238,14,0.0353,0.0279,
eslv20266hlzcgvl,ohdd2026xabb7l4a,hypodd,ohyp2026wv4ir4yj,2025-08-21T19:16:19.079999Z,13.983748,-89.654907,6.395,1.4307,MLc,0.082,248,7,0.548,0.7734,
eslv2026nab5xqxv,ohdd2026mopkv7cu,hypodd,ohyp2026dm4p6pnj,2025-08-21T19:31:10.240000Z,14.04426,-89.805379,9.169,2.2152,MLc,0.164,242,15,0.0434,0.0523,
eslv2026kytcoukj,ohdd2026eoi5ktkb,hypodd,ohyp2026jl2fqpzq,2025-08-21T19:38:10.400000Z,14.045819,-89.805249,7.706,2.116,MLc,0.212,252,14,0.0411,0.045,
eslv2026ibupmwra,ohdd2026jj3npsn2,hypodd,ohyp2026n6n6shs3,2025-08-21T19:43:18.960000Z,14.045788,-89.806486,9.571,2.1435,MLc,0.242,249,7,0.0336,0.0322,
eslv2026bzojt55c,ohdd20265mzfm4xi,hypodd,ohyp2026h37gjbjo,2025-08-21T20:23:30.199999Z,14.050386,-89.81543,10.302,2.0491,MLc,0.296,251,14,0.0383,0.0439,
eslv2026vl5ye763,ohdd2026676cue6s,hypodd,ohyp2026orntwycw,2025-08-21T20:32:45.679999Z,14.047799,-89.810384,7.895,2.232,MLc,0.315,256,14,0.0391,0.0632,
eslv2026vlntcrip,ohdd2026v5l2hzi3,hypodd,ohyp2026vyfddag2,2025-08-21T20:33:29.120000Z,14.049982,-89.813094,8.594,2.0319,MLc,0.19,256,15,0.0284,0.0429,
eslv20267d3wtivp,ohdd2026vgs2gb3z,hypodd,ohyp2026c7zpnsee,2025-08-21T21:14:15.539999Z,14.05127,-89.826139,5.9,0.4816,MLc,0.095,268,6,0.0285,0.0595,
eslv2026p7rtasxw,ohdd2026l37du5lb,hypodd,ohyp2026l4j5zvd7,2025-08-21T22:56:52.500000Z,13.986272,-89.65494,8.164,1.4853,MLc,0.039,248,7,0.3975,0.5733,
eslv2026spmcwwkd,ohdd2026fddrfolm,hypodd,ohyp2026urokzkue,2025-08-21T23:36:06.860000Z,13.991406,-89.687297,10.95,0.9537,MLc,0.099,172,6,0.2614,0.1859,
eslv2026y6vss337,ohdd2026g52jb7hg,hypodd,ohyp2026yzl6e7ee,2025-08-22T00:48:20.179999Z,14.059802,-89.789266,14.238,0.9099,MLc,0.01,241,6,0.016,0.0148,
eslv2026wf72sqpl,ohdd202647vsxr75,hypodd,ohyp2026tmkgr5bi,2025-08-22T01:15:01.370000Z,13.975563,-89.647144,3.397,0.2269,MLc,0.087,255,7,0.6112,0.9142,
eslv20265hkaqsf7,ohdd2026bomypqll,hypodd,ohyp2026bcvci5lm,2025-08-22T01:21:46.179999Z,14.042726,-89.797925,11.811,2.0621,MLc,0.175,224,12,0.0435,0.0484,
eslv2026omqxmk6p,ohdd2026t26ajjro,hypodd,ohyp2026lf6ebrv3,2025-08-22T01:48:01.090000Z,14.052844,-89.82159,8.997,2.8061,MLc,0.15,230,20,0.0254,0.0439,
eslv2026cpwyhb3z,ohdd202657obuc56,hypodd,ohyp2026pjzo3pu5,2025-08-22T01:49:17.449999Z,14.046641,-89.810181,4.763,2.4256,MLc,0.262,290,16,0.0542,0.0494,
eslv2026u74hmprq,ohdd2026e7n3zqdk,hypodd,ohyp20264gxezp3d,2025-08-22T01:57:42.189999Z,14.046205,-89.813436,8.839,2.9734,MLc,0.199,230,21,0.0335,0.0435,
eslv202633xf46t6,ohdd2026x7hzieco,hypodd,ohyp2026grtvpfx3,2025-08-22T01:58:35.420000Z,14.048302,-89.809049,9.475,2.8122,MLc,0.15,249,18,0.0354,0.0363,
eslv2026hida5hks,ohdd2026sjxj6r2k,hypodd,ohyp2026wjqbukx3,2025-08-22T02:00:47.060000Z,14.051035,-89.821175,8.994,3.0276,MLc,0.121,233,19,0.0251,0.0385,
eslv20262gzsyjdw,ohdd2026aebcallz,hypodd,ohyp2026io3rtbil,2025-08-22T02:06:30.480000Z,14.048363,-89.8118,9.55,3.7545,MLc,0.208,229,21,0.0359,0.0422,
eslv2026bh6i5t63,ohdd20265mhejslq,hypodd,ohyp2026bxvxe33d,2025-08-22T02:07:31.480000Z,14.041518,-89.822005,6.661,3.2896,MLc,0.201,257,17,0.0374,0.0611,
eslv2026v3azvlwq,ohdd2026ysx5xnai,hypodd,ohyp2026wiinpd4o,2025-08-22T02:12:27.690000Z,14.022321,-89.762508,10.101,1.6881,MLc,0.136,250,7,0.0626,0.0486,
eslv2026nzlpast4,ohdd2026o7qhehok,hypodd,ohyp2026rzrpic57,2025-08-22T02:20:16.070000Z,14.055017,-89.78562,13.758,,,0.132,257,11,0.0422,0.05,
eslv2026dfjkt24x,ohdd2026okdglmrd,hypodd,ohyp2026un2ybotk,2025-08-22T02:20:49.109999Z,14.049969,-89.814364,8.733,3.0637,MLc,0.191,233,21,0.0325,0.0373,
eslv2026iqp2lsn5,ohdd2026aqqgctys,hypodd,ohyp20265aa5ynxn,2025-08-22T02:24:19.539999Z,14.023769,-89.768327,11.895,1.2943,MLc,0.302,251,7,0.0414,0.037,
eslv2026dum4crx7,ohdd2026ucgvznkq,hypodd,ohyp2026a7oj67bo,2025-08-22T02:25:13.839999Z,14.04296,-89.806494,4.275,1.3992,MLc,0.119,224,9,0.0285,0.0287,
eslv2026tziiqt7z,ohdd2026l66owsce,hypodd,ohyp2026sw7imc35,2025-08-22T02:29:14.060000Z,14.048188,-89.819287,8.159,2.0649,MLc,0.166,260,6,0.0901,0.1159,
eslv2026mxgstnej,ohdd2026xzrphpm5,hypodd,ohyp2026ltlmequk,2025-08-22T02:31:54.310000Z,14.050844,-89.744393,4.343,1.6037,MLc,0.267,267,8,0.064,0.0652,
eslv2026vgwjjvsu,ohdd20263m2hm6he,hypodd,ohyp2026wjk3ng2g,2025-08-22T02:35:39.789999Z,13.979386,-89.662891,11.181,0.4292,MLc,0.496,217,9,1.0115,1.1137,
eslv2026blhdvf4c,ohdd20262rwrszxu,hypodd,ohyp2026gj5kmm6d,2025-08-22T02:39:16.579999Z,14.042625,-89.796224,10.594,1.8065,MLc,0.158,236,6,0.0565,0.0408,
eslv2026iudfbuwz,ohdd2026zugu23ip,hypodd,ohyp2026ob6s266z,2025-08-22T02:40:54.500000Z,14.039613,-89.826855,1.683,1.3322,MLc,0.384,265,8,0.0449,0.0924,
eslv2026yvj2j3ab,ohdd2026doughvpr,hypodd,ohyp20262ebllvx7,2025-08-22T02:45:11.070000Z,14.052844,-89.822347,9.139,2.9131,MLc,0.18,231,18,0.0273,0.0359,
eslv2026d6hsk4zr,ohdd20265jjhaknw,hypodd,ohyp2026dzjs7uph,2025-08-22T02:46:25.710000Z,14.047792,-89.814543,7.772,,,0.191,228,18,0.0323,0.0455,
eslv2026y2zn2psw,ohdd2026w7mk7hhd,hypodd,ohyp2026spxgcfev,2025-08-22T02:47:49.990000Z,14.052162,-89.821672,9.102,2.2135,MLc,0.172,229,17,0.0316,0.0443,
eslv2026vsagjc27,ohdd2026hryemsxz,hypodd,ohyp2026lsebb5gc,2025-08-22T02:48:56.140000Z,14.049997,-89.820158,4.453,1.8309,MLc,0.149,239,11,0.0291,0.0378,
eslv2026ovxat67l,ohdd2026uv44gusc,hypodd,ohyp2026wl6hjzsl,2025-08-22T02:53:52.659999Z,14.043761,-89.808146,8.603,2.4637,MLc,0.163,220,19,0.0338,0.0419,
eslv2026nl7jk2ha,ohdd2026ubnq7fur,hypodd,ohyp2026pkvlzvp2,2025-08-22T03:02:21.050000Z,13.985093,-89.654435,10.938,0.9513,MLc,0.305,202,6,0.4859,0.5185,
eslv2026jtcijrtc,ohdd2026sdfn44pm,hypodd,ohyp2026o6yeu5e3,2025-08-22T03:06:31.339999Z,14.035236,-89.784668,12.735,,,0.163,212,10,0.0546,0.0426,
eslv2026nftj6xrp,ohdd2026sjow34aj,hypodd,ohyp2026mccfi3u5,2025-08-22T03:10:45.049999Z,14.047847,-89.818099,7.918,1.8576,MLc,0.147,229,12,0.0233,0.0437,
eslv2026kq67awcy,ohdd20263nligfvo,hypodd,ohyp2026hsb5zafe,2025-08-22T03:31:14.570000Z,14.05277,-89.819303,8.947,3.9932,MLc,0.24,239,21,0.034,0.0488,
eslv2026fvwilgh4,ohdd2026mbtt5flz,hypodd,ohyp2026xjxe7xu2,2025-08-22T03:31:25.230000Z,14.048665,-89.803914,15.133,3.6567,MLc,0.327,251,15,0.3545,0.3646,
eslv2026hmj3xipw,ohdd20267ynjir2i,hypodd,ohyp2026r7ubj3lh,2025-08-22T03:33:56.380000Z,14.054649,-89.823437,9.192,2.6789,MLc,0.154,234,17,0.0286,0.0378,
eslv202626l4cvxf,ohdd20267te2npyn,hypodd,ohyp2026h7bow74a,2025-08-22T03:34:21.190000Z,14.05151,-89.82076,4.511,2.433,MLc,0.122,239,19,0.0257,0.0278,
eslv2026jo2xqzfy,ohdd2026rj7f46x4,hypodd,ohyp20266fwsev7k,2025-08-22T03:35:41.530000Z,13.996893,-89.691911,10.93,1.2511,MLc,0.099,173,7,0.2712,0.1844,
eslv2026ksq2xtrb,ohdd202676ft74si,hypodd,ohyp2026cmp5gy5z,2025-08-22T03:36:47.920000Z,14.053095,-89.8302,23.93,1.5937,MLc,0.107,260,7,0.2835,0.1955,
eslv2026itkjvkgg,ohdd2026acbnqqla,hypodd,ohyp2026egl75yfu,2025-08-22T03:37:31.410000Z,14.047646,-89.824943,8.06,2.4553,MLc,0.17,228,15,0.0358,0.0453,
eslv2026dqrk2fev,ohdd2026ziu2nppv,hypodd,ohyp20263i7tc4fj,2025-08-22T03:41:21.949999Z,14.059675,-89.828084,14.644,1.9814,MLc,0.016,236,14,0.0404,0.0309,
eslv2026nt2ious6,ohdd2026lcxvy44g,hypodd,ohyp2026lgeindpk,2025-08-22T03:43:45.520000Z,13.964854,-89.626147,0.81,1.0295,MLc,0.362,268,6,0.2703,0.6439,
eslv20265nwuivc6,ohdd2026t6grrw44,hypodd,ohyp2026my5bbv7d,2025-08-22T03:48:07.230000Z,14.054055,-89.824072,9.44,1.7002,MLc,0.215,255,15,0.0298,0.0313,
eslv2026k734rrxn,ohdd20266pbxnfrk,hypodd,ohyp2026i352xrn3,2025-08-22T03:57:25.460000Z,14.056204,-89.837402,23.93,0.9219,MLc,0.107,270,6,0.276,0.1969,
eslv2026vrkk6mtl,ohdd2026alm6asqy,hypodd,ohyp2026bsisy5ap,2025-08-22T04:00:55.399999Z,14.047495,-89.815177,4.529,2.0442,MLc,0.143,233,18,0.0275,0.0256,
eslv2026ac6x5hob,ohdd2026i7sllp36,hypodd,ohyp2026a36jgop6,2025-08-22T04:08:35.780000Z,14.057095,-89.828857,9.637,1.4495,MLc,0.161,238,8,0.0352,0.0317,
eslv20267x3xwsqv,ohdd20266iedckoc,hypodd,ohyp2026ugnn2hnt,2025-08-22T04:09:46.130000Z,13.968966,-89.627026,3.429,0.8553,MLc,0.247,266,6,0.3101,0.4668,
eslv2026dyh35ysl,ohdd20264drkdwp5,hypodd,ohyp2026x22g7uyo,2025-08-22T04:14:04.019999Z,13.968816,-89.618717,0.145,0.944,MLc,0.151,271,6,0.4291,0.894,
eslv2026mk6a4zz6,ohdd2026dvroqgiy,hypodd,ohyp2026pllvz7uh,2025-08-22T04:26:44.070000Z,14.04341,-89.806152,8.649,1.9151,MLc,0.18,223,20,0.0334,0.0419,
eslv20264dojojuc,ohdd2026223gd3gi,hypodd,ohyp2026np2spygf,2025-08-22T04:27:37.450000Z,14.030464,-89.813127,11.323,1.7486,MLc,0.173,269,9,0.0362,0.0373,
eslv2026k5lxoa4b,ohdd2026aon4ikli,hypodd,ohyp2026634hp2t3,2025-08-22T04:34:38.000000Z,14.043181,-89.80791,4.383,1.6752,MLc,0.094,227,11,0.029,0.0267,
eslv2026unriy6gs,ohdd20262ifriivu,hypodd,ohyp2026lsmjovbn,2025-08-22T04:38:49.799999Z,14.052015,-89.808122,0.822,1.1666,MLc,0.059,258,6,0.0438,0.0862,
eslv2026xtzf4fxs,ohdd2026insoowaf,hypodd,ohyp2026q5mdam4j,2025-08-22T04:43:12.679999Z,14.037975,-89.78925,11.669,1.2234,MLc,0.194,239,7,0.0294,0.0348,
eslv2026tk4ijgzc,ohdd2026mo6vjvxq,hypodd,ohyp2026lanalnx7,2025-08-22T04:46:59.119999Z,13.996428,-89.685946,14.561,0.8499,MLc,0.129,174,6,1.3208,1.0537,
eslv2026v7oa6luu,ohdd2026q332bytx,hypodd,ohyp20264cqboihn,2025-08-22T05:30:30.379999Z,13.972041,-89.622201,0.482,1.0554,MLc,0.13,268,6,0.2748,0.478,
eslv20264yinn7lj,ohdd2026zdn4h3va,hypodd,ohyp2026xdkrhybk,2025-08-22T05:34:50.469999Z,14.047247,-89.816162,4.375,1.4433,MLc,0.243,253,7,0.0317,0.0315,
eslv20265iyrdakj,ohdd202662rkbogk,hypodd,ohyp20265nt2izde,2025-08-22T05:39:00.930000Z,14.054774,-89.824308,9.339,1.9205,MLc,0.163,232,15,0.0316,0.0407,
eslv2026wodqphsi,ohdd2026pccxbies,hypodd,ohyp20262tsreyb7,2025-08-22T05:46:35.789999Z,13.966549,-89.618896,0.256,0.7004,MLc,0.167,271,6,0.3669,1.0662,
eslv2026om6sy6il,ohdd2026zv4p2gnk,hypodd,ohyp2026dgsfnjf4,2025-08-22T06:28:41.890000Z,14.045737,-89.808293,4.582,1.5048,MLc,0.137,226,17,0.0297,0.0299,
eslv2026oj2ty24a,ohdd2026z5ryogcd,hypodd,ohyp20264rgmj6mz,2025-08-22T06:35:04.830000Z,14.05529,-89.831234,4.327,1.3118,MLc,0.166,238,8,0.0372,0.1014,
eslv2026b2tonfrh,ohdd2026pck2icvw,hypodd,ohyp2026p3ky64if,2025-08-22T06:36:20.000000Z,14.025222,-89.74991,11.797,0.9543,MLc,0.148,213,6,0.0702,0.0594,
eslv2026anysjodp,ohdd2026rseagkpc,hypodd,ohyp2026rx6zsq3f,2025-08-22T06:40:13.050000Z,13.962893,-89.602197,0.497,0.412,MLc,0.132,278,6,0.1551,0.4537,
eslv2026ryhxkzbu,ohdd2026g2p7g6nv,hypodd,ohyp2026zytec7h7,2025-08-22T06:44:31.789999Z,14.05421,-89.823324,8.987,1.6698,MLc,0.184,231,15,0.0313,0.0325,
eslv2026eu5nkt22,ohdd2026jme3giwt,hypodd,ohyp2026aecqji2b,2025-08-22T07:06:01.520000Z,14.056677,-89.830632,4.534,0.8233,MLc,0.156,240,7,0.0221,0.0315,
eslv2026tdzu4dse,ohdd20267lu3hzjn,hypodd,ohyp2026yt6tnwkd,2025-08-22T07:08:04.200000Z,14.045657,-89.821346,8.951,0.8871,MLc,0.197,231,10,0.0415,0.0601,
eslv2026yqvovkja,ohdd2026aycc7b6g,hypodd,ohyp20266cvxsjmd,2025-08-22T07:17:34.990000Z,14.056105,-89.825236,9.169,1.3312,MLc,0.195,237,14,0.0284,0.0349,
eslv2026mngn53ot,ohdd20262f3mjul7,hypodd,ohyp2026hvr7zvk5,2025-08-22T07:29:09.869999Z,14.052782,-89.817839,10.682,1.582,MLc,0.105,243,15,0.0789,0.0864,
eslv2026w2lw62kz,ohdd2026s6t5346q,hypodd,ohyp2026fl3etdxj,2025-08-22T07:29:45.060000Z,14.049572,-89.818351,4.243,1.2873,MLc,0.167,233,7,0.0292,0.0514,
eslv2026itisby6c,ohdd2026eefsxydc,hypodd,ohyp2026doay4zzl,2025-08-22T07:34:34.689999Z,14.058666,-89.833643,3.777,1.1913,MLc,0.249,249,13,0.0296,0.0395,
eslv2026odci22v7,ohdd2026rzewyodt,hypodd,ohyp2026tveqaabn,2025-08-22T07:45:01.919999Z,14.045826,-89.811711,4.506,1.3618,MLc,0.114,230,11,0.0255,0.0277,
eslv20266rillb7g,ohdd20263uigm5ht,hypodd,ohyp2026rqr6irje,2025-08-22T07:48:50.009999Z,14.043688,-89.805054,4.773,1.254,MLc,0.094,227,6,0.0308,0.0221,
eslv2026mnsnjffq,ohdd2026uqbgke2s,hypodd,ohyp2026n6ieo6p4,2025-08-22T07:53:17.620000Z,14.042828,-89.80625,4.589,1.1563,MLc,0.132,224,12,0.029,0.0305,
eslv20262naxbxri,ohdd2026xxvx6m56,hypodd,ohyp2026jqukbxwo,2025-08-22T08:27:35.939999Z,14.04759,-89.81425,7.703,1.9158,MLc,0.138,225,18,0.0277,0.0625,
eslv2026ksp44bw3,ohdd2026mebhql7q,hypodd,ohyp2026mhb4eq6w,2025-08-22T08:28:12.160000Z,14.043215,-89.806038,8.45,,,0.171,219,15,0.0374,0.0409,
eslv2026myzwsmje,ohdd2026trmmpdfy,hypodd,ohyp2026ekwkndv6,2025-08-22T08:35:19.250000Z,14.036811,-89.787435,12.004,0.4439,MLc,0.245,208,7,0.0373,0.0358,
eslv2026dwc76ka7,ohdd2026po43ikrn,hypodd,ohyp2026wjgqbscd,2025-08-22T08:36:51.549999Z,14.052965,-89.807682,10.743,0.5354,MLc,0.131,268,7,0.0349,0.0501,
eslv2026xleqxjpm,ohdd2026ctsdtx7f,hypodd,ohyp2026tb5elbrz,2025-08-22T08:40:57.770000Z,14.05307,-89.821118,9.124,3.3068,MLc,0.224,239,22,0.0342,0.0477,
eslv2026tf7svzag,ohdd20266mhl2bad,hypodd,ohyp2026swjacqoz,2025-08-22T08:41:31.890000Z,14.055431,-89.823812,9.252,3.4204,MLc,0.213,239,20,0.0296,0.0391,
eslv2026pv7q7pez,ohdd2026esmyfvth,hypodd,ohyp202633uxsfux,2025-08-22T08:49:29.410000Z,14.04314,-89.807096,4.486,0.7224,MLc,0.171,220,7,0.0283,0.0325,
eslv2026zktlzptj,ohdd2026vitwho4j,hypodd,ohyp20265fzlsath,2025-08-22T08:57:07.259999Z,14.098855,-89.851367,13.661,1.2383,MLc,0.268,264,13,0.0609,0.0704,
eslv20267ap3rci2,ohdd2026gkwzy3sz,hypodd,ohyp2026dxlg7nmw,2025-08-22T09:00:28.609999Z,14.050919,-89.805225,8.928,0.959,MLc,0.186,202,8,0.0118,0.0164,
eslv2026z3cwvmhj,ohdd2026a46vnfm4,hypodd,ohyp20266x2fbsig,2025-08-22T09:09:55.969999Z,14.050595,-89.817627,4.547,1.4637,MLc,0.152,237,10,0.0252,0.0247,
eslv2026jwmuaupb,ohdd2026gcxkufla,hypodd,ohyp2026wx64i6jm,2025-08-22T09:10:47.320000Z,13.962273,-89.604411,0.486,0.6287,MLc,0.388,277,6,0.011,0.0292,
eslv2026hj7hcoqs,ohdd2026tiseec5i,hypodd,ohyp2026fmgjkmzy,2025-08-22T09:22:03.020000Z,14.048457,-89.819002,4.509,1.5177,MLc,0.178,233,11,0.022,0.0309,
eslv2026qzummxue,ohdd20267svxpdw3,hypodd,ohyp2026ufwr5vmo,2025-08-22T09:25:51.780000Z,14.043464,-89.809904,4.432,1.1876,MLc,0.123,230,7,0.0364,0.0365,
eslv2026urcctsl6,ohdd2026epfeo7qa,hypodd,ohyp2026qtut7w4q,2025-08-22T09:26:03.330000Z,14.044681,-89.804215,9.618,1.7261,MLc,0.166,218,15,0.0324,0.0418,
eslv20267kj2ouag,ohdd2026qhypjre4,hypodd,ohyp2026sjk4j5ji,2025-08-22T09:26:33.280000Z,14.055156,-89.826717,9.39,1.7392,MLc,0.173,234,17,0.0295,0.0315,
eslv20267wk555wq,ohdd2026wi6kdeo5,hypodd,ohyp2026yzv6hrns,2025-08-22T09:33:28.589999Z,14.060992,-89.838501,7.789,1.7164,MLc,0.261,254,18,0.0421,0.0674,
eslv2026r22lxyp7,ohdd2026yyhdoapb,hypodd,ohyp2026q5gnhhcm,2025-08-22T09:34:18.230000Z,13.972603,-89.640373,0.342,0.4191,MLc,0.162,259,6,0.2171,0.5918,
eslv20266zuko2is,ohdd2026jecqbus5,hypodd,ohyp2026y2k7niii,2025-08-22T09:40:06.839999Z,14.048878,-89.814852,9.026,2.4607,MLc,0.169,225,18,0.0288,0.0455,
eslv2026lol5zbhh,ohdd2026kwz46hz7,hypodd,ohyp20267jwuknrn,2025-08-22T09:43:40.079999Z,14.050915,-89.820736,16.112,1.1117,MLc,0.221,257,6,0.9204,0.808,
eslv2026egfankvu,ohdd2026xjlxnc2x,hypodd,ohyp2026rvzy4p7e,2025-08-22T09:44:51.750000Z,14.048967,-89.817236,4.61,1.3141,MLc,0.153,234,9,0.0221,0.0257,
eslv20263o563l5y,ohdd2026i2ee5zqi,hypodd,ohyp2026bzblplkl,2025-08-22T10:11:15.839999Z,14.046689,-89.81333,7.779,1.5464,MLc,0.153,233,13,0.0307,0.041,
eslv2026ekamdj6a,ohdd2026xw7j4nrj,hypodd,ohyp20263qwjt23a,2025-08-22T10:16:33.770000Z,14.030873,-89.772282,13.943,1.1456,MLc,0.069,207,6,0.045,0.0433,
eslv2026xfe3ibst,ohdd20265s7uc2zr,hypodd,ohyp20266f6noyc7,2025-08-22T10:25:10.369999Z,13.969786,-89.637874,0.635,0.7591,MLc,0.137,260,6,0.2516,0.7097,
eslv2026nslpunad,ohdd2026qx23erwo,hypodd,ohyp2026fyojy7ix,2025-08-22T10:40:55.689999Z,14.038665,-89.794409,11.297,1.6163,MLc,0.248,202,8,0.0445,0.0492,
eslv20263tlhy7oq,ohdd2026bfwqpcql,hypodd,ohyp2026xv6lauid,2025-08-22T11:42:45.390000Z,13.996555,-89.666471,10.827,1.0765,MLc,0.062,236,6,0.7169,0.7193,
eslv2026bfl3txwi,ohdd20262kz4duz3,hypodd,ohyp2026nmbi3wzb,2025-08-22T12:31:41.090000Z,14.038376,-89.817944,16.416,1.4507,MLc,0.329,271,6,0.0429,0.032,
eslv2026g7e2rttf,ohdd2026lryow4c6,hypodd,ohyp2026qlnlxyek,2025-08-22T15:44:43.229999Z,14.054371,-89.82832,4.277,1.8728,MLc,0.157,247,13,0.0299,0.0352,
eslv2026j2dsc3ks,ohdd2026xabzci6o,hypodd,ohyp2026ruik3e4w,2025-08-22T15:51:32.329999Z,13.960401,-89.620166,3.134,1.0582,MLc,0.208,172,6,0.3217,0.2854,
eslv2026nbkbdjxw,ohdd20266huzlk72,hypodd,ohyp2026gr2ojl57,2025-08-22T16:29:28.109999Z,13.962277,-89.612337,4.706,0.3232,MLc,0.45,237,7,0.6156,0.6458,
eslv2026sxthaws3,ohdd2026msgxgfnu,hypodd,ohyp2026l3rsnbjb,2025-08-22T16:59:50.820000Z,13.976282,-89.638468,0.339,0.9823,MLc,0.144,259,6,0.2184,0.4752,
eslv202672pcncxu,ohdd2026ohezegg4,hypodd,ohyp2026jokv6vaf,2025-08-22T17:56:09.320000Z,13.988152,-89.651131,7.279,0.6351,MLc,0.052,249,6,0.4742,0.8537,
eslv2026nbbb6cc4,ohdd2026ocvshno4,hypodd,ohyp2026q5w5vaew,2025-08-22T19:30:46.320000Z,14.052874,-89.820614,9.318,1.8195,MLc,0.174,227,12,0.0349,0.0372,
eslv2026tt6ki32f,ohdd2026liisvzv2,hypodd,ohyp2026r3vyucyz,2025-08-22T19:56:45.420000Z,13.967814,-89.634993,0.446,0.9625,MLc,0.129,263,6,0.2121,0.3621,
eslv2026vuus7ku5,ohdd2026uvyqqi4k,hypodd,ohyp2026bbuwmdda,2025-08-22T20:11:48.359999Z,14.051672,-89.818888,9.458,1.7551,MLc,0.361,265,7,0.0389,0.0476,
eslv2026gbejxno7,ohdd2026gdk5yfsk,hypodd,ohyp2026dbmxxzum,2025-08-22T20:47:06.000000Z,13.974965,-89.624023,0.623,0.8607,MLc,0.152,267,6,0.341,0.6801,
eslv2026fnjljdcb,ohdd2026r676n72w,hypodd,ohyp2026an55a6x2,2025-08-22T21:45:57.859999Z,14.006981,-89.692017,14.642,0.4889,MLc,0.096,144,6,1.8504,1.0215,
eslv2026w4fqee22,ohdd2026jki7zclz,hypodd,ohyp2026lqmome63,2025-08-22T23:13:32.159999Z,14.042388,-89.808586,8.694,3.0878,MLc,0.186,218,20,0.034,0.038,
eslv2026x7ldq2oq,ohdd2026v6wojkuq,hypodd,ohyp2026mmplbcak,2025-08-22T23:13:59.380000Z,14.043299,-89.809212,8.31,3.411,MLc,0.22,215,15,0.0372,0.0375,
eslv2026l4baqhsa,ohdd2026hzz4pqqj,hypodd,ohyp2026qinnffxe,2025-08-22T23:21:57.439999Z,13.980063,-89.660107,7.539,1.535,MLc,0.07,114,7,0.3993,0.48,
eslv2026l6p4ps2c,ohdd2026fd4cdkbc,hypodd,ohyp2026w6d2q7vt,2025-08-22T23:24:07.440000Z,14.043259,-89.807821,8.744,2.8227,MLc,0.215,217,17,0.0336,0.0514,
eslv20262svqyyxs,ohdd2026c3o5ny3m,hypodd,ohyp2026ivgrp5ap,2025-08-22T23:25:44.240000Z,14.04695,-89.809741,7.822,1.3464,MLc,0.105,231,8,0.0292,0.0409,
eslv2026nh5whfag,ohdd2026yvwcn77z,hypodd,ohyp2026p25qiiun,2025-08-22T23:32:35.479999Z,14.043901,-89.81499,8.459,1.7723,MLc,0.339,225,9,0.0332,0.0327,
eslv2026oq3r6ngp,ohdd2026l7kgh5lp,hypodd,ohyp2026izgs5enm,2025-08-22T23:36:33.979999Z,14.024507,-89.770719,11.794,1.6699,MLc,0.322,218,7,0.041,0.0373,
eslv20262kq3rjjn,ohdd2026arvu2kr3,hypodd,ohyp2026fccn4or2,2025-08-22T23:38:39.700000Z,14.027785,-89.76661,14.26,1.2636,MLc,0.057,217,6,0.0013,0.0011,
eslv20265eggrnkv,ohdd2026emikcegd,hypodd,ohyp20266qvamovp,2025-08-22T23:40:18.559999Z,14.04115,-89.803687,9.381,1.5059,MLc,0.138,234,9,0.0283,0.0231,
eslv2026oj4fdk5h,ohdd202667y7v3iu,hypodd,ohyp2026jpruawpj,2025-08-22T23:56:06.799999Z,13.960827,-89.611686,0.494,0.9627,MLc,0.388,150,7,0.0112,0.0288,
eslv2026vzvpifdv,ohdd2026tmyhvfid,hypodd,ohyp20267ckk3rmi,2025-08-23T00:06:31.410000Z,13.989488,-89.664754,8.34,0.5921,MLc,0.043,240,6,0.453,0.3194,
eslv2026v3uyxxzx,ohdd20263ksyasap,hypodd,ohyp2026eg3tfxho,2025-08-23T00:41:56.969999Z,13.986413,-89.673942,8.584,1.2711,MLc,0.042,132,6,0.2985,0.2971,
eslv2026ax6gav2d,ohdd2026no5duhop,hypodd,ohyp2026frm5xxgf,2025-08-23T00:46:51.270000Z,14.044881,-89.805037,12.888,1.8372,MLc,0.265,271,14,0.0731,0.0655,
eslv2026kdyyshqz,ohdd2026x2rnjmja,hypodd,ohyp2026wt3puz6h,2025-08-23T01:02:24.870000Z,13.974237,-89.648592,2.948,1.3041,MLc,0.104,147,6,0.4874,0.6599,
eslv2026n3j2lgwo,ohdd2026ld2xhds6,hypodd,ohyp2026hjluzr4t,2025-08-23T01:04:53.109999Z,14.061008,-89.830819,10.435,1.4384,MLc,0.258,270,7,0.0391,0.0557,
eslv20264ykhbdbs,ohdd2026cxmzrc7o,hypodd,ohyp2026b2ieommk,2025-08-23T01:42:03.859999Z,14.042819,-89.807007,4.409,1.6217,MLc,0.173,247,9,0.0311,0.0343,
eslv2026f2ssyqgp,ohdd2026w6d65ke6,hypodd,ohyp202663jquiei,2025-08-23T04:14:02.810000Z,14.044734,-89.804476,7.686,1.7814,MLc,0.169,238,7,0.0383,0.0433,
eslv2026emwewzpk,ohdd2026pvnwlwo6,hypodd,ohyp2026u3lmxmc7,2025-08-23T04:23:07.690000Z,13.98302,-89.657943,3.518,0.4218,MLc,0.104,246,6,0.5519,0.621,
eslv2026zaeqrtu4,ohdd2026y7fozmru,hypodd,ohyp2026a3n3m4h7,2025-08-23T04:40:19.469999Z,14.030198,-89.797461,6.758,1.6166,MLc,0.244,213,15,0.0473,0.0737,
eslv202636w7h3qw,ohdd2026s3ylo3gj,hypodd,ohyp20266ghw3677,2025-08-23T04:52:24.839999Z,14.043486,-89.806209,4.222,0.7614,MLc,0.116,228,9,0.0297,0.0336,
eslv2026bqvi5qea,ohdd2026arpd5llg,hypodd,ohyp2026itegvaf3,2025-08-23T05:22:47.500000Z,14.047,-89.81425,8.793,1.2396,MLc,0.284,221,11,0.0313,0.0323,
eslv20263qjerfii,ohdd2026iinp2h7k,hypodd,ohyp2026kiw2k4qv,2025-08-23T05:37:10.080000Z,14.055751,-89.823543,10.4,1.4488,MLc,0.204,231,7,0.0398,0.0503,
eslv20262bq5ygno,ohdd2026yhv5zleb,hypodd,ohyp2026ueu62fpc,2025-08-23T05:37:28.719999Z,14.046067,-89.805973,8.565,1.6094,MLc,0.172,224,13,0.0336,0.0361,
eslv2026avtdavqg,ohdd2026azkraouk,hypodd,ohyp2026nqugelut,2025-08-23T05:41:13.929999Z,14.105045,-89.854687,10.436,2.3187,MLc,0.16,262,18,0.0545,0.0893,
eslv2026nvffv3kr,ohdd2026a4tlx5qb,hypodd,ohyp2026zt23wn2q,2025-08-23T05:42:22.609999Z,14.049402,-89.812671,10.599,2.6007,MLc,0.141,220,18,0.0358,0.0362,
eslv2026hw2fqt33,ohdd2026yim4xgcz,hypodd,ohyp2026kmcghzdh,2025-08-23T05:43:43.840000Z,14.043293,-89.788387,11.03,1.1615,MLc,0.242,200,8,0.0077,0.017,
eslv2026e6o7zmne,ohdd2026bjdkmtrb,hypodd,ohyp2026a2ebjcg7,2025-08-23T05:49:18.300000Z,14.100122,-89.847705,9.039,2.1269,MLc,0.206,264,16,0.0528,0.0876,
eslv2026nijkwcbx,ohdd2026s7x6r3sc,hypodd,ohyp2026xiphghyp,2025-08-23T05:54:56.979999Z,14.04382,-89.808447,4.436,1.5139,MLc,0.137,228,15,0.0279,0.0227,
eslv20263gsev5nk,ohdd20263ytvlq6h,hypodd,ohyp2026oekee2ry,2025-08-23T06:29:09.919999Z,14.034687,-89.765934,16.246,0.7091,MLc,0.196,224,6,0.019,0.0141,
eslv2026axpithim,ohdd2026d754u2nb,hypodd,ohyp20262hkgghfh,2025-08-23T09:00:12.429999Z,14.03969,-89.77902,12.217,1.0101,MLc,0.156,189,6,0.039,0.0322,
eslv2026adx4g3pr,ohdd20263rveisn2,hypodd,ohyp2026fo64t5nu,2025-08-23T09:46:54.630000Z,13.983158,-89.662931,7.282,0.8676,MLc,0.038,243,7,0.3231,0.3565,
eslv202636c5qujf,ohdd2026m52gr25n,hypodd,ohyp2026xy6yyekp,2025-08-23T09:59:05.290000Z,14.0517,-89.79987,10.023,,,0.204,204,6,0.0137,0.0155,
eslv20262wik2cg2,ohdd2026vjqhpzzc,hypodd,ohyp2026otmcfppd,2025-08-23T10:00:52.859999Z,14.018414,-89.758691,14.14,0.1438,MLc,0.057,207,6,0.0013,0.0011,
eslv2026gluw63gj,ohdd2026bah6affy,hypodd,ohyp202643uw4viz,2025-08-23T10:30:49.719999Z,14.043536,-89.809521,4.646,1.5606,MLc,0.217,228,13,0.0347,0.0391,
eslv2026kb7uwde7,ohdd202625yucu47,hypodd,ohyp2026hb2nlnmf,2025-08-23T11:51:25.480000Z,14.053024,-89.82356,8.706,2.0481,MLc,0.145,233,11,0.0319,0.0334,
eslv2026jwogok4u,ohdd2026i752tnzy,hypodd,ohyp20263kwozngq,2025-08-23T13:06:00.700000Z,14.043152,-89.806909,4.596,1.9142,MLc,0.104,227,10,0.0287,0.0209,
eslv20263csgndue,ohdd2026ifrn5jyu,hypodd,ohyp2026w7grmzqy,2025-08-23T13:49:07.190000Z,14.050818,-89.836776,4.715,1.4176,MLc,0.321,261,7,0.0439,0.0522,
eslv2026pbmavof5,ohdd2026ejsnu43w,hypodd,ohyp2026kl5ryspw,2025-08-23T17:59:14.599999Z,14.042974,-89.808114,4.347,1.7942,MLc,0.185,229,14,0.0282,0.0298,
eslv2026zrrj7fbb,ohdd2026jrvugmjd,hypodd,ohyp20262tjvhlvw,2025-08-23T18:15:57.380000Z,13.983205,-89.656087,1.829,1.281,MLc,0.245,247,7,0.3375,0.6118,
eslv2026243fjfqt,ohdd20264iy3ylr6,hypodd,ohyp2026mzao3ucp,2025-08-23T20:43:05.400000Z,14.055128,-89.827214,8.761,1.938,MLc,0.123,245,6,0.0193,0.0391,
eslv2026rz6ha46m,ohdd2026uj724xue,hypodd,ohyp2026bn4zqwf4,2025-08-23T21:10:04.580000Z,13.98341,-89.744694,9.984,0.6454,MLc,0.2,188,9,0.0289,0.0224,
eslv2026szdm3oaz,ohdd2026ev65v2ai,hypodd,ohyp2026lkyzyoqw,2025-08-24T01:26:08.500000Z,14.077215,-89.822957,8.477,2.0465,MLc,0.254,246,15,0.0289,0.0399,
eslv2026rtrbb75o,ohdd20265lfkg4lk,hypodd,ohyp2026eubfmxby,2025-08-24T02:23:23.350000Z,14.047358,-89.811841,9.632,1.4022,MLc,0.34,219,6,0.0447,0.0535,
eslv2026bh7j2uqr,ohdd2026j7iyyew5,hypodd,ohyp2026qkiiyu5x,2025-08-24T03:31:44.920000Z,14.042244,-89.804557,9.553,1.7424,MLc,0.195,217,13,0.0351,0.0371,
eslv20266a7hmene,ohdd2026z7pjmnza,hypodd,ohyp2026lxc5inlv,2025-08-24T03:40:23.199999Z,13.907218,-89.678507,11.518,1.197,MLc,0.002,259,6,0.1084,0.0363,
eslv2026udylchw4,ohdd2026pzc3drlx,hypodd,ohyp2026pv37mtth,2025-08-24T03:45:25.690000Z,13.975775,-89.646517,0.444,0.3443,MLc,0.12,255,6,0.2121,0.5327,
eslv2026pzbvetj5,ohdd2026g2qcrbg2,hypodd,ohyp2026pjokjgxu,2025-08-24T04:12:50.289999Z,14.066247,-89.861914,7.967,1.2403,MLc,0.197,276,6,0.0648,0.1071,
eslv2026s2jszunx,ohdd20263emjvbtu,hypodd,ohyp20262bld6qoe,2025-08-24T04:44:43.939999Z,13.982169,-89.64659,5.227,0.9535,MLc,0.089,254,6,0.5706,1.4381,
eslv202622wg3u3u,ohdd2026bdhmqphu,hypodd,ohyp2026reknca4p,2025-08-24T05:16:50.070000Z,14.04624,-89.780111,9.185,0.2789,MLc,0.12,253,7,0.0563,0.038,
eslv2026pb5prs6b,ohdd2026wa6djf7f,hypodd,ohyp2026f72n5h35,2025-08-24T05:23:54.679999Z,13.950625,-89.612354,5.977,0.4474,MLc,0.45,238,6,0.6148,1.1766,
eslv2026iv56tl3j,ohdd2026rszi3b5w,hypodd,ohyp2026hefpvqzk,2025-08-24T06:39:12.630000Z,13.97103,-89.66613,4.405,0.3955,MLc,0.061,245,6,0.556,0.6095,
eslv2026fyajq3x7,ohdd2026smcsepfo,hypodd,ohyp2026pwsg5l53,2025-08-24T07:00:13.390000Z,13.965898,-89.751571,7.317,1.002,MLc,0.036,169,10,0.0263,0.0201,
eslv2026zpnrvgra,ohdd202664qtsrd7,hypodd,ohyp2026w7bdmbpw,2025-08-24T07:10:54.829999Z,14.038392,-89.797363,8.719,1.0126,MLc,0.01,244,7,0.0195,0.024,
eslv2026wf67ztid,ohdd2026iqiiwkct,hypodd,ohyp2026doabzjxh,2025-08-24T07:45:05.360000Z,14.00592,-89.729215,11.671,0.1937,MLc,0.132,222,7,0.061,0.0405,
eslv2026ro3mxova,ohdd2026htczf4uq,hypodd,ohyp2026f4bnnzv5,2025-08-24T10:07:28.500000Z,14.046783,-89.81097,4.567,1.62,MLc,0.106,230,13,0.028,0.0219,
eslv2026kdptupjl,ohdd2026fpivk4tp,hypodd,ohyp2026rmmhrzp5,2025-08-24T10:09:54.520000Z,14.041149,-89.804354,9.924,1.5004,MLc,0.216,220,11,0.03,0.0389,
eslv2026crv65yrp,ohdd2026wq2lcyue,hypodd,ohyp2026uktjkwty,2025-08-24T10:16:36.189999Z,14.012042,-89.790177,8.307,1.3807,MLc,0.201,206,15,0.0213,0.0222,
eslv2026drwwvszn,ohdd2026ubga45zs,hypodd,ohyp2026pczz7evz,2025-08-24T12:41:02.080000Z,14.043313,-89.808105,4.377,1.0041,MLc,0.113,224,10,0.0342,0.0373,
eslv2026e5xdspwf,ohdd2026od4ltgo4,hypodd,ohyp2026br25lfsa,2025-08-24T12:45:07.169999Z,14.05519,-89.82216,9.102,1.7501,MLc,0.17,229,14,0.0291,0.0338,
eslv2026a5ab4rdl,ohdd2026epof6x7y,hypodd,ohyp20266fdvly2v,2025-08-24T12:45:23.739999Z,14.051873,-89.824007,3.863,2.1157,MLc,0.142,244,9,0.0265,0.0344,
eslv2026lqf3bguc,ohdd2026ja5xl5xa,hypodd,ohyp2026vw6qi6le,2025-08-24T12:47:29.870000Z,13.981578,-89.677108,14.086,1.3186,MLc,0.163,181,6,1.5773,1.1138,
eslv2026gw6uaihh,ohdd2026kwak4wy2,hypodd,ohyp2026nirmxdrm,2025-08-24T13:07:26.149999Z,14.029859,-89.803288,9.591,0.4854,MLc,0.083,258,6,0.0429,0.0255,
eslv2026ozzg46iw,ohdd2026236xsrvm,hypodd,ohyp2026q7u7c5ya,2025-08-24T13:15:36.929999Z,13.972918,-89.647257,0.503,0.8299,MLc,0.141,255,7,0.3138,0.5724,
eslv2026dxxyyrof,ohdd2026bagcdd2s,hypodd,ohyp2026hxoaczhg,2025-08-24T13:23:07.480000Z,14.043458,-89.805713,9.126,1.5966,MLc,0.181,220,9,0.0345,0.0371,
eslv20267pgfeogo,ohdd2026wpjulmgt,hypodd,ohyp20262v46drcq,2025-08-24T13:45:21.649999Z,13.955351,-89.620508,2.62,1.0669,MLc,0.242,232,6,0.3406,0.6213,
eslv2026vbst34is,ohdd2026tsyhdyut,hypodd,ohyp2026v36ofjvh,2025-08-24T14:59:03.980000Z,14.044908,-89.809041,7.828,1.7641,MLc,0.147,225,12,0.0322,0.0229,
eslv2026owajzrm6,ohdd202636sjv4gy,hypodd,ohyp2026fasf34e4,2025-08-24T15:46:50.649999Z,14.04157,-89.805347,9.816,2.1579,MLc,0.181,220,11,0.0365,0.0432,
eslv2026mb7m6cas,ohdd2026bu4bobht,hypodd,ohyp20265w2sujhf,2025-08-24T15:50:20.390000Z,14.039962,-89.796379,8.792,1.8243,MLc,0.108,228,12,0.0327,0.0334,
eslv20267s4q5q3d,ohdd202646uocyep,hypodd,ohyp2026hbcd4bku,2025-08-24T18:06:46.259999Z,14.043635,-89.787443,4.777,2.0024,MLc,0.157,251,10,0.0453,0.0485,
eslv2026ew4xqqdo,ohdd2026o5yfh3vz,hypodd,ohyp202656n2hisk,2025-08-24T19:42:39.740000Z,14.053119,-89.826546,4.303,1.9267,MLc,0.179,243,14,0.0248,0.0296,
eslv2026g4wvlwkr,ohdd20262cdd6vhw,hypodd,ohyp2026ado7c6w4,2025-08-24T19:53:47.640000Z,14.048697,-89.797518,9.669,1.7083,MLc,0.25,197,10,0.0131,0.0076,
eslv2026uijmbtya,ohdd2026logbrkz2,hypodd,ohyp20267lvtkumz,2025-08-25T03:57:34.060000Z,13.992379,-89.687671,9.51,1.1973,MLc,0.024,137,6,0.743,0.497,
eslv2026ejo2pbdw,ohdd2026bh7id7ew,hypodd,ohyp2026gcfo6rmt,2025-08-25T05:02:02.580000Z,14.025928,-89.775871,10.204,0.7806,MLc,0.123,252,7,0.0418,0.0277,
eslv2026lwfdigud,ohdd2026phlqe7p3,hypodd,ohyp2026vdsriusm,2025-08-25T06:13:00.230000Z,14.053902,-89.824821,9.44,0.8612,MLc,0.215,267,7,0.0341,0.0572,
eslv2026uuds66pq,ohdd20265bcvntee,hypodd,ohyp2026nxabqjvc,2025-08-25T14:43:41.859999Z,14.066689,-89.806885,9.97,0.8601,MLc,0.185,273,6,0.0371,0.0354,
eslv2026lhvzbrql,ohdd2026kvp4liux,hypodd,ohyp2026cpsomcwn,2025-08-25T15:45:23.339999Z,13.981537,-89.670483,8.251,0.9762,MLc,0.031,238,6,0.396,0.5569,
eslv2026mlzkkhau,ohdd2026hh6wmuhq,hypodd,ohyp2026m5zeasx2,2025-08-25T15:48:29.769999Z,14.044559,-89.805452,9.342,1.8499,MLc,0.179,242,6,0.0247,0.04,
eslv2026gg4w32v2,ohdd2026yzdb4egx,hypodd,ohyp2026ws5sdjna,2025-08-25T17:35:24.000000Z,13.978511,-89.657593,11.87,0.8703,MLc,0.384,142,6,0.2558,0.5901,
eslv2026jjdx45aq,ohdd2026aq2bhrot,hypodd,ohyp2026wnxhotdf,2025-08-25T21:44:38.259999Z,14.047364,-89.813851,5.706,1.9189,MLc,0.105,185,10,0.0287,0.0305,
eslv2026q7vvc7az,ohdd202625tb4ew4,hypodd,ohyp20266yloysv6,2025-08-26T02:56:13.310000Z,14.068844,-89.853931,3.856,1.2522,MLc,0.357,171,9,0.0335,0.0374,
eslv2026akto43aw,ohdd2026cn6z3pbe,hypodd,ohyp2026e64qkdwl,2025-08-26T06:44:39.320000Z,14.08462,-89.840568,6.847,1.6084,MLc,0.126,183,16,0.0224,0.0336,
eslv2026v3sjxmpz,ohdd2026hurl6xvi,hypodd,ohyp2026jktsid7p,2025-08-26T06:48:18.480000Z,14.077988,-89.82159,7.87,0.7067,MLc,0.077,164,6,0.0278,0.0183,
eslv20262x2xpwcm,ohdd2026wk23bw3d,hypodd,ohyp2026s74zat5j,2025-08-26T07:45:55.700000Z,14.044516,-89.817676,7.832,1.0256,MLc,0.118,168,7,0.0233,0.0276,
eslv2026z5rjopom,ohdd2026dh5mdjv5,hypodd,ohyp2026pyz66pgq,2025-08-26T07:50:20.690000Z,13.995895,-89.906486,1.101,0.3207,MLc,0.072,225,6,0.0244,0.053,
eslv2026f6vf2uzy,ohdd2026w63eoslz,hypodd,ohyp2026nathky45,2025-08-26T07:55:27.800000Z,14.105391,-89.862166,6.435,2.0629,MLc,0.254,292,18,0.0346,0.0231,
eslv2026gor5pztv,ohdd202654qjwo76,hypodd,ohyp2026oasldiz2,2025-08-26T07:57:01.100000Z,14.100228,-89.872681,5.739,2.0199,MLc,0.232,285,15,0.0285,0.0375,
eslv2026drqhz5tj,ohdd2026x56s4kei,hypodd,ohyp2026vin64es5,2025-08-26T08:12:01.429999Z,14.098178,-89.864998,4.838,1.7725,MLc,0.299,291,15,0.0281,0.0334,
eslv2026evwnio6r,ohdd20264lg7x6qw,hypodd,ohyp2026g3io3wpd,2025-08-26T09:25:40.259999Z,13.897737,-89.701172,5.731,0.7199,MLc,0.2,128,10,0.0386,0.0471,
eslv2026solox5iz,ohdd2026sl3mvyd6,hypodd,ohyp2026cwiieny4,2025-08-26T09:41:35.219999Z,14.031638,-89.840853,7.077,1.0043,MLc,0.093,150,7,0.0332,0.0343,
eslv202636h5ynrj,ohdd2026x2dkzdqy,hypodd,ohyp20267qsep6ia,2025-08-26T11:30:06.679999Z,14.049268,-89.83645,3.439,1.1131,MLc,0.144,216,8,0.0298,0.0421,
eslv20266g3opgrr,ohdd2026zgj74fqv,hypodd,ohyp2026bynjsamt,2025-08-26T13:09:17.489999Z,14.01397,-89.792603,3.873,1.5122,MLc,0.304,167,7,0.0542,0.0505,
eslv2026py4sqbr2,ohdd2026tltcycms,hypodd,ohyp2026lkmg2b6q,2025-08-26T14:56:18.070000Z,14.085202,-89.876668,7.45,0.4857,MLc,0.367,233,7,0.0308,0.0236,
eslv2026uabb3sf4,ohdd2026ramhegnb,hypodd,ohyp2026znmg66gu,2025-08-26T17:54:56.479999Z,14.044149,-89.808236,11.342,1.551,MLc,0.309,134,6,0.0372,0.0351,
eslv2026qvzenarr,ohdd2026oj2cluqp,hypodd,ohyp2026zy4gbiks,2025-08-26T18:08:42.500000Z,14.08586,-89.842529,6.42,1.2285,MLc,0.104,160,6,0.0235,0.024,
eslv2026spu54ikp,ohdd20267prn5vqj,hypodd,ohyp2026mr6f2csc,2025-08-26T18:46:17.100000Z,14.046788,-89.815373,6.952,1.8658,MLc,0.188,139,15,0.0249,0.0323,
eslv2026lscsgwrg,ohdd2026wd66mb2e,hypodd,ohyp2026gcxh7won,2025-08-26T18:47:39.640000Z,14.045739,-89.815251,6.548,1.8497,MLc,0.118,135,11,0.0215,0.0393,
eslv2026ntijkxsu,ohdd2026ut333ahu,hypodd,ohyp2026n635ool5,2025-08-26T18:59:45.520000Z,14.083291,-89.841829,6.48,1.4987,MLc,0.117,147,6,0.0206,0.0261,
eslv2026rh3w6rwo,ohdd2026oo5x6syq,hypodd,ohyp2026vxx7oc2x,2025-08-26T19:12:03.399999Z,14.082087,-89.839364,5.989,1.1911,MLc,0.092,140,6,0.0239,0.0294,
eslv2026dfmuyhoz,ohdd20265hpunu4a,hypodd,ohyp20262xg7jf5t,2025-08-26T19:25:24.940000Z,14.044636,-89.808447,4.474,1.5832,MLc,0.18,133,7,0.0296,0.0363,
eslv2026yfrbr5n5,ohdd2026tcns75kk,hypodd,ohyp2026pyypuebl,2025-08-26T19:30:27.280000Z,14.153439,-89.810238,0.479,0.9803,MLc,0.051,285,7,0.0665,0.118,
eslv2026x6cqo6dl,ohdd2026lzpdmktu,hypodd,ohyp20267ykb5gv5,2025-08-26T19:35:04.799999Z,14.048277,-89.826457,7.04,1.556,MLc,0.122,152,6,0.0259,0.0321,
eslv2026t6xzi6bv,ohdd20264ropjmm2,hypodd,ohyp2026gvoldgdm,2025-08-26T19:52:01.919999Z,14.043798,-89.807113,3.834,1.1228,MLc,0.125,133,6,0.0277,0.0313,
eslv20263ilbdrhh,ohdd2026d7zntkbs,hypodd,ohyp2026kgeddoci,2025-08-26T20:03:48.799999Z,14.047234,-89.822738,9.15,1.9167,MLc,0.328,139,14,0.0225,0.0362,
eslv2026kxcantkb,ohdd2026bow7z2d3,hypodd,ohyp2026wnqgjz7n,2025-08-26T20:14:03.759999Z,14.006697,-89.888143,2.83,0.8009,MLc,0.125,224,7,0.0224,0.0259,
eslv2026dux7uqll,ohdd2026rdhndtzb,hypodd,ohyp2026rp5wrln2,2025-08-26T20:24:45.159999Z,14.082929,-89.841992,6.582,1.2005,MLc,0.112,153,7,0.0241,0.0252,
eslv2026vnbywwqh,ohdd2026vpvpcprn,hypodd,ohyp2026ilnsecgb,2025-08-26T21:34:10.160000Z,14.044376,-89.807796,4.584,1.4929,MLc,0.144,129,9,0.0272,0.0259,
eslv20262fgj3lec,ohdd20266puuq2xa,hypodd,ohyp2026me7avoww,2025-08-27T07:44:06.990000Z,13.876499,-89.755705,4.67,0.4668,MLc,0.13,154,7,0.0264,0.028,
eslv2026osiyuwlu,ohdd2026imu6lw5b,hypodd,ohyp2026jty6eeya,2025-08-27T12:58:56.219999Z,14.017015,-89.790177,5.711,1.8871,MLc,0.33,165,14,0.04,0.0914,
eslv20267gqh2xxv,ohdd2026dm73uvuk,hypodd,ohyp2026oqwl5pfm,2025-08-27T16:13:01.500000Z,14.049087,-89.825806,6.734,1.1345,MLc,0.183,165,6,0.0336,0.031,
eslv2026actnzs4v,ohdd2026syppcfqv,hypodd,ohyp202637pcjdfj,2025-08-27T20:36:46.799999Z,14.050086,-89.829053,6.616,1.4952,MLc,0.136,152,6,0.0302,0.0378,
eslv20262s5tkf2k,ohdd2026gbinx77w,hypodd,ohyp2026qtxckl6z,2025-08-27T21:27:07.400000Z,14.046575,-89.814543,7.191,1.7573,MLc,0.115,132,12,0.0243,0.0297,
eslv2026tbatytnc,ohdd2026uz2bg5kx,hypodd,ohyp2026e43k6c3l,2025-08-28T04:24:00.500000Z,14.086827,-89.837459,6.917,1.7153,MLc,0.144,191,17,0.0241,0.03,
eslv2026nivedo5x,ohdd2026jksdatqw,hypodd,ohyp2026rxclrxfx,2025-08-28T09:09:58.899999Z,13.916499,-89.739437,5.873,0.8994,MLc,0.146,200,6,0.0468,0.0392,
eslv2026vswswgq4,ohdd2026cvvr3sqx,hypodd,ohyp20263rfotfw6,2025-08-28T10:05:34.399999Z,13.992334,-89.873478,3.94,1.2919,MLc,0.043,240,7,0.0195,0.0286,
eslv2026kwmla2d2,ohdd2026khmx2hna,hypodd,ohyp20267bkbs7na,2025-08-28T19:12:15.160000Z,14.042775,-89.824447,6.426,1.3032,MLc,0.134,164,6,0.0276,0.0264,
eslv2026baw5b4rw,ohdd2026scplnjsk,hypodd,ohyp2026psd4v7tx,2025-08-28T22:07:04.339999Z,14.105762,-89.862508,6.597,1.6203,MLc,0.184,277,6,0.0336,0.0228,
eslv2026ijdrpvp3,ohdd2026ze2kfd7m,hypodd,ohyp2026ckjrykhy,2025-08-28T23:06:50.280000Z,14.065428,-89.902856,5.254,1.7029,MLc,0.123,259,7,0.0308,0.0293,
eslv2026frkdb74e,ohdd2026fsg6qsfe,hypodd,ohyp2026323f6noi,2025-08-29T03:51:55.810000Z,14.056302,-89.82841,5.092,1.4528,MLc,0.152,152,9,0.0271,0.041,
eslv2026sh3jglhx,ohdd2026w35uue6j,hypodd,ohyp2026rkdprqtt,2025-08-29T05:43:18.539999Z,14.003353,-89.829696,9.324,0.9308,MLc,0.17,180,6,0.0147,0.0171,
eslv2026opg322yd,ohdd2026vbye3u7v,hypodd,ohyp2026f6mxoa6f,2025-08-29T06:00:38.380000Z,13.940202,-89.786108,7.768,1.3599,MLc,0.301,150,14,0.0822,0.1065,
eslv2026u4xmq2am,ohdd2026wzmjgo3q,hypodd,ohyp2026dxv64jfn,2025-08-29T07:26:55.450000Z,14.012407,-89.789022,8.363,1.5413,MLc,0.143,154,16,0.0217,0.0183,
eslv2026ppwkkpq7,ohdd2026eiowm7nn,hypodd,ohyp2026vozyqrd7,2025-08-29T08:18:50.969999Z,14.080724,-89.825269,8.241,1.4502,MLc,0.145,171,12,0.0308,0.0353,
eslv2026c4c6f3xv,ohdd2026jbm6qyhu,hypodd,ohyp202652m6eb2e,2025-08-29T11:52:15.480000Z,14.05641,-89.829142,4.382,1.1606,MLc,0.187,159,7,0.0388,0.0268,
eslv2026ypnmxtnj,ohdd20267cbfip6u,hypodd,ohyp2026a5xhywuu,2025-08-30T02:30:45.719999Z,14.03958,-89.833944,1.996,0.3541,MLc,0.018,231,6,0.0665,0.0983,
eslv2026ugvc3y3g,ohdd2026ktqb77q7,hypodd,ohyp2026x5kzidzt,2025-08-30T04:24:20.329999Z,14.054199,-89.817847,8.756,1.045,MLc,0.158,128,9,0.0283,0.0312,
eslv2026vuiigz5h,ohdd2026mscroopl,hypodd,ohyp2026m6nqt6sl,2025-08-30T06:39:27.519999Z,13.834379,-89.774772,3.977,0.0938,MLc,0.357,212,7,0.0705,0.0788,
eslv2026ntlzp7os,ohdd20263z3zqok6,hypodd,ohyp2026jlgpjduk,2025-08-30T07:49:52.960000Z,14.080874,-89.829663,5.86,1.2226,MLc,0.289,140,7,0.0264,0.0384,
eslv2026rb7g7kdb,ohdd20265qwmzgu4,hypodd,ohyp2026jtfqcm6j,2025-08-30T11:57:15.609999Z,14.045156,-89.807218,4.556,1.905,MLc,0.15,138,9,0.0326,0.0331,
eslv202643janscu,ohdd2026nft2lmqc,hypodd,ohyp2026c227pkl5,2025-08-30T11:59:48.340000Z,14.044644,-89.807048,4.442,1.4938,MLc,0.086,139,7,0.0282,0.0297,
eslv20266ihmjxuo,ohdd202627kpzsso,hypodd,ohyp2026qdxb7od4,2025-08-30T12:00:34.539999Z,14.044906,-89.807324,4.73,1.9165,MLc,0.107,137,11,0.0237,0.0346,
eslv20263cvxwe5v,ohdd2026adzpefx2,hypodd,ohyp2026vov6eoym,2025-08-30T12:38:22.129999Z,14.0813,-89.82452,8.287,0.8006,MLc,0.077,169,6,0.0266,0.0249,
eslv2026phfcooi5,ohdd2026vc44shln,hypodd,ohyp2026jgbmyqfp,2025-08-31T04:37:46.060000Z,14.041012,-89.827743,8.358,0.664,MLc,0.365,168,6,0.0483,0.0357,
eslv2026f7blqobb,ohdd2026cobn56rc,hypodd,ohyp2026bavpjb3m,2025-08-31T07:20:15.320000Z,14.044816,-89.807031,4.46,1.5636,MLc,0.137,177,13,0.0315,0.033,
eslv2026jglqxpod,ohdd2026jqtyjkdg,hypodd,ohyp2026bngaomuy,2025-08-31T07:52:04.940000Z,14.010421,-89.794198,8.641,0.1755,MLc,0.238,156,6,0.0169,0.0209,
eslv2026ihaqvdsc,ohdd20262upw54mj,hypodd,ohyp2026rqv4md3c,2025-08-31T10:16:41.340000Z,14.104654,-89.857422,6.686,1.3129,MLc,0.119,232,7,0.03,0.0281,
eslv20264cg7os4u,ohdd2026mpqqxzh3,hypodd,ohyp2026jqm4jce4,2025-08-31T11:23:15.890000Z,14.113447,-89.879272,10.853,1.2585,MLc,0.101,191,6,0.0532,0.044,
eslv20262nq7cl7t,ohdd2026kv3ql3sw,hypodd,ohyp2026ms53zn4q,2025-08-31T11:28:31.780000Z,14.05012,-89.82771,6.615,1.3154,MLc,0.131,153,7,0.0214,0.0245,
eslv2026fl4ac5xy,ohdd2026cbazmhaa,hypodd,ohyp2026yoee3osu,2025-08-31T11:48:03.720000Z,14.037371,-89.861898,3.915,0.2971,MLc,0.181,218,6,0.171,0.0833,
eslv2026vnm2yomh,ohdd2026dheni2yo,hypodd,ohyp2026xetkphoa,2025-08-31T12:12:26.019999Z,14.060086,-89.818864,3.426,0.228,MLc,0.019,220,7,0.0781,0.0908,
eslv2026fsrkedxt,ohdd2026qrpz4hdc,hypodd,ohyp2026t47vd2is,2025-08-31T12:35:30.890000Z,13.997659,-89.888623,4.783,1.1563,MLc,0.079,236,7,0.0253,0.0244,
eslv2026nroqnjxc,ohdd20262izr43lz,hypodd,ohyp2026em3iaewv,2025-08-31T20:12:19.039999Z,14.102445,-89.884587,6.18,1.9536,MLc,0.176,296,10,0.035,0.0353,
eslv2026oxuaf6xv,ohdd20267otwftom,hypodd,ohyp2026o2rbukdq,2025-08-31T20:14:37.219999Z,14.102305,-89.885522,5.931,1.8699,MLc,0.215,299,12,0.0364,0.0377,
eslv2026l3y5g7ay,ohdd2026isqlcclx,hypodd,ohyp20267tjk6mvj,2025-08-31T20:16:37.759999Z,14.107926,-89.879826,5.581,1.5467,MLc,0.145,298,7,0.0367,0.0425,
eslv2026x6udfhnr,ohdd2026nnjggdzx,hypodd,ohyp2026bh4daalr,2025-08-31T20:19:43.840000Z,14.101935,-89.879492,5.063,2.1605,MLc,0.179,296,14,0.0282,0.0375,
eslv2026qfqtwpdd,ohdd2026ok72ccsr,hypodd,ohyp2026z55yklca,2025-08-31T21:26:03.759999Z,13.990417,-89.767025,4.71,1.9369,MLc,0.181,121,15,0.0214,0.0242,
eslv20267bfxh77f,ohdd2026e3wzbukk,hypodd,ohyp2026bqnup6vo,2025-09-01T02:49:50.630000Z,14.044342,-89.807747,4.487,1.5924,MLc,0.119,140,14,0.03,0.0312,
eslv2026yw5shicg,ohdd2026tqksxzlq,hypodd,ohyp2026tzhhapkr,2025-09-01T07:05:11.869999Z,14.043424,-89.821688,8.086,0.9974,MLc,0.153,167,8,0.032,0.0289,
eslv2026iuvndebr,ohdd2026xverjex5,hypodd,ohyp2026dvr6rwl3,2025-09-01T07:29:08.490000Z,14.046154,-89.814119,6.934,1.3456,MLc,0.131,138,11,0.0283,0.0228,
eslv2026stnxn63b,ohdd2026dmp6kezs,hypodd,ohyp2026jtqdscnv,2025-09-01T07:35:10.400000Z,14.049215,-89.807943,5.249,1.1826,MLc,0.13,129,10,0.0292,0.0406,
eslv2026edvvhauv,ohdd2026ms3ps2ll,hypodd,ohyp20263y5viot3,2025-09-01T08:01:58.020000Z,14.042789,-89.828158,7.503,0.9137,MLc,0.121,161,8,0.0275,0.0207,
eslv20265bbc2rtw,ohdd2026ke6cdyb6,hypodd,ohyp2026c5whqjpc,2025-09-01T08:02:57.270000Z,14.054338,-89.819979,7.983,1.2978,MLc,0.316,146,12,0.0349,0.037,
eslv2026joixn6pw,ohdd2026m7o4v4t5,hypodd,ohyp2026dpsszyb3,2025-09-01T13:49:23.579999Z,14.078041,-89.82522,8.485,1.9404,MLc,0.166,161,10,0.0251,0.028,
eslv2026wc2yi6sd,ohdd2026jfle723k,hypodd,ohyp2026ukkr467l,2025-09-01T14:06:20.899999Z,14.080948,-89.888249,6.444,1.4959,MLc,0.14,236,6,0.0317,0.0273,
eslv20265x7nhv3c,ohdd2026x4cnyzeg,hypodd,ohyp20263iumhuov,2025-09-01T14:46:00.940000Z,14.078412,-89.821322,7.229,1.3131,MLc,0.108,155,7,0.0311,0.0315,
eslv2026hjkialo5,ohdd2026ju55cs54,hypodd,ohyp2026ty3iddnf,2025-09-01T19:46:12.519999Z,14.051538,-89.824341,4.65,1.4924,MLc,0.108,145,7,0.0232,0.0273,
eslv20266lwxoyej,ohdd2026lryqei6y,hypodd,ohyp2026cxkztoac,2025-09-01T20:39:44.679999Z,14.062755,-89.826506,5.288,1.4225,MLc,0.15,137,11,0.0212,0.0347,
eslv2026uxs4kua4,ohdd2026ghwlrw5v,hypodd,ohyp2026dqganarn,2025-09-01T22:22:38.119999Z,14.057647,-89.825334,3.931,1.1645,MLc,0.2,180,6,0.0296,0.0271,
eslv2026rak6tmr5,ohdd2026uqhaykpn,hypodd,ohyp20265ee56f7n,2025-09-01T23:36:08.199999Z,14.044779,-89.806453,3.197,0.9301,MLc,0.2,135,7,0.0306,0.0392,
eslv2026fkmiffys,ohdd2026s5osxike,hypodd,ohyp2026h72cvofv,2025-09-02T00:04:37.880000Z,13.872971,-89.814111,7.375,0.6007,MLc,0.186,252,6,0.0398,0.0556,
eslv20263kuihlve,ohdd2026aelwv6ut,hypodd,ohyp2026a5dtpn3j,2025-09-02T00:47:58.390000Z,14.045889,-89.811759,6.136,2.3917,MLc,0.14,135,10,0.0259,0.0326,
eslv2026iteadkd5,ohdd2026qcxof2lc,hypodd,ohyp2026wagkwev4,2025-09-02T01:13:01.030000Z,14.05253,-89.818473,4.314,1.2389,MLc,0.111,139,8,0.0339,0.0423,
eslv2026uw5zzxgf,ohdd2026cpns6ejj,hypodd,ohyp2026ap7ydrq2,2025-09-02T01:26:48.969999Z,13.984056,-89.769051,4.653,1.6741,MLc,0.168,117,12,0.0268,0.0279,
eslv2026kljoscin,ohdd2026vuf6enig,hypodd,ohyp2026b5alwafh,2025-09-02T03:11:33.820000Z,14.109078,-89.889608,6.118,1.6536,MLc,0.207,285,10,0.0438,0.0443,
eslv2026w3ycvven,ohdd2026c46h2m4u,hypodd,ohyp20267wi45no2,2025-09-02T03:34:52.369999Z,14.100863,-89.876619,5.247,2.0628,MLc,0.234,296,13,0.0311,0.0479,
eslv202673siec25,ohdd2026nmpwkcnq,hypodd,ohyp2026f5jed3bd,2025-09-02T04:15:34.179999Z,14.101155,-89.879915,6.054,1.6466,MLc,0.191,288,12,0.0319,0.0364,
eslv2026m3bb7o7h,ohdd2026z23lvhec,hypodd,ohyp202666cya54i,2025-09-02T06:21:15.279999Z,14.036922,-89.821151,4.785,1.0364,MLc,0.129,159,6,0.0174,0.0276,
eslv2026jdaqfoog,ohdd2026e4bt3wzc,hypodd,ohyp2026t5fduwka,2025-09-02T06:50:42.729999Z,14.046327,-89.813127,6.172,1.713,MLc,0.127,125,15,0.0267,0.036,
eslv2026rd7kq3zs,ohdd20262wbrzwnv,hypodd,ohyp2026kqdf6uih,2025-09-02T10:04:09.759999Z,13.952601,-89.841423,7.974,1.1354,MLc,0.233,206,8,0.0483,0.0487,
eslv2026eick5ycf,ohdd2026uy3f7p4k,hypodd,ohyp2026wpg2kqdx,2025-09-02T10:19:09.480000Z,14.044238,-89.808659,4.868,1.2678,MLc,0.125,174,9,0.0278,0.0181,
eslv2026npt66l5j,ohdd2026mqosfw3z,hypodd,ohyp2026wxwcuymb,2025-09-02T11:31:10.519999Z,14.045763,-89.812288,5.958,1.2541,MLc,0.137,134,6,0.0261,0.032,
eslv2026klez4kdc,ohdd2026cvfyl75l,hypodd,ohyp2026a6nd5pqm,2025-09-02T11:59:31.070000Z,14.041292,-89.824601,6.023,1.747,MLc,0.152,150,14,0.0245,0.0271,
eslv2026yc52fddk,ohdd2026abkbl4ji,hypodd,ohyp2026s5izv2cn,2025-09-03T02:32:26.469999Z,14.043675,-89.823242,5.911,1.8472,MLc,0.163,156,8,0.0218,0.0259,
eslv2026l7z2jepx,ohdd2026hbd6wxyq,hypodd,ohyp2026nj754kxr,2025-09-03T02:57:38.130000Z,14.11639,-89.873022,5.842,1.4671,MLc,0.22,279,6,0.0423,0.0337,
eslv2026iw2hfm6l,ohdd2026ehjebpox,hypodd,ohyp2026qnfmu6el,2025-09-03T06:32:25.250000Z,14.035591,-89.822249,4.353,1.2078,MLc,0.137,160,9,0.0307,0.0434,
eslv2026v54tagk6,ohdd2026mgvnnnp2,hypodd,ohyp2026yk6lefuw,2025-09-03T16:54:36.259999Z,14.062301,-89.832316,6.789,0.9656,MLc,0.189,140,6,0.0363,0.041,
eslv2026vag7gutp,ohdd2026ob5m2afb,hypodd,ohyp2026qhlmeugp,2025-09-03T19:22:23.920000Z,14.057041,-89.822119,4.812,2.0044,MLc,0.185,142,11,0.0293,0.0258,
eslv2026hzecoak7,ohdd2026lvdizeq3,hypodd,ohyp2026ftvvmyli,2025-09-04T00:05:28.890000Z,14.056141,-89.829427,10.389,1.4589,MLc,0.111,147,8,0.0263,0.0372,
eslv2026x7yger46,ohdd2026bjg76nmg,hypodd,ohyp2026oqzj5r6a,2025-09-04T02:50:00.830000Z,14.010748,-89.789478,11.435,1.3467,MLc,0.239,152,9,0.0284,0.0184,
eslv2026elf34oxn,ohdd2026dcf4cmxe,hypodd,ohyp2026ur5xxcl7,2025-09-04T02:51:00.870000Z,14.012158,-89.789079,7.937,1.8715,MLc,0.177,147,14,0.0111,0.0241,
eslv20264rkh75tq,ohdd2026wgxz2kxy,hypodd,ohyp20266mmazkhy,2025-09-04T03:37:26.620000Z,14.083399,-89.835091,6.769,1.1732,MLc,0.094,152,6,0.019,0.0287,
eslv2026xcc5wjgi,ohdd2026duartzns,hypodd,ohyp2026c2w2ha4h,2025-09-04T04:13:28.870000Z,14.079934,-89.834261,6.873,0.9646,MLc,0.135,152,6,0.0318,0.0305,
eslv2026aggeygvi,ohdd2026jgsx7qcs,hypodd,ohyp20265ksulg42,2025-09-04T11:15:39.729999Z,14.043468,-89.806519,4.101,1.5647,MLc,0.121,135,11,0.0278,0.0347,
eslv2026wfatqy47,ohdd2026zy6rjfvd,hypodd,ohyp2026yqweauoz,2025-09-05T04:22:50.950000Z,14.08325,-89.841756,5.949,1.5937,MLc,0.128,142,9,0.0321,0.0357,
eslv2026yg2xcl4c,ohdd2026uvaamwje,hypodd,ohyp2026ixwthcsd,2025-09-05T04:28:15.490000Z,14.083416,-89.843514,6.279,1.6757,MLc,0.172,142,10,0.0309,0.0337,
eslv2026l6fbkw5h,ohdd2026y37dgkgh,hypodd,ohyp2026lknmeaip,2025-09-05T16:05:20.539999Z,13.844781,-89.775643,9.036,0.5556,MLc,0.212,199,7,0.039,0.0364,
eslv2026l77ighr7,ohdd20264gzrepmf,hypodd,ohyp2026ltelntds,2025-09-05T16:33:05.110000Z,13.833859,-89.770492,7.616,1.0774,MLc,0.257,187,8,0.0318,0.0321,
eslv20266mdhx2ip,ohdd2026qf6d3aft,hypodd,ohyp2026soknbchu,2025-09-05T19:02:34.560000Z,14.082537,-89.835628,6.566,1.662,MLc,0.098,156,7,0.0228,0.0327,
eslv2026slakedva,ohdd2026go5322bj,hypodd,ohyp2026ceig62mh,2025-09-05T20:29:47.679999Z,14.098719,-89.853434,5.648,1.6783,MLc,0.202,236,7,0.0308,0.0343,
eslv2026hqwf7azg,ohdd2026l45kzogb,hypodd,ohyp2026a5oizbwn,2025-09-06T06:16:00.320000Z,14.053603,-89.819548,4.788,0.2181,MLc,0.171,192,6,0.0525,0.0467,
eslv2026qamt4yxt,ohdd2026pq6k3gs7,hypodd,ohyp2026v66gsmvd,2025-09-06T08:52:39.609999Z,14.027906,-89.909139,6.646,0.4837,MLc,0.187,232,6,0.0226,0.025,
eslv2026rvdoarxv,ohdd2026q24bemnm,hypodd,ohyp2026i5lyhnhf,2025-09-06T10:06:00.300000Z,14.054879,-89.815837,4.881,1.6808,MLc,0.291,152,10,0.0401,0.0344,
eslv2026bqpnl47y,ohdd2026v7ecgyee,hypodd,ohyp2026noeu2brn,2025-09-06T10:07:56.719999Z,14.042967,-89.824211,7.37,1.6605,MLc,0.145,155,9,0.03,0.0298,
eslv20265azws4qn,ohdd2026s2r7sysn,hypodd,ohyp2026pl4t346h,2025-09-06T16:22:38.429999Z,14.054568,-89.82002,9.21,1.5768,MLc,0.203,129,11,0.0288,0.0343,
eslv2026zedq5ato,ohdd202632v3rldg,hypodd,ohyp2026s6orpuys,2025-09-07T00:53:17.170000Z,14.047863,-89.826847,4.867,1.8358,MLc,0.152,163,12,0.0313,0.0275,
eslv2026ycr7h6vb,ohdd2026bmbgqc5p,hypodd,ohyp20267vmpowyu,2025-09-07T01:29:56.929999Z,14.069471,-89.781022,4.106,0.4944,MLc,0.159,145,7,0.0346,0.0292,
eslv20263zozkgby,ohdd2026u2qb6hpt,hypodd,ohyp2026725v4tqq,2025-09-07T02:25:00.280000Z,14.046443,-89.83444,9.86,1.0014,MLc,0.176,194,6,0.0332,0.0246,
eslv2026a5ic7zay,ohdd20262jmuqkgf,hypodd,ohyp2026urh5etjs,2025-09-07T10:53:28.620000Z,14.046577,-89.825985,8.118,1.7781,MLc,0.191,176,16,0.0293,0.0318,
eslv2026jztzxap6,ohdd2026lkmaacdg,hypodd,ohyp20266rcw4hm5,2025-09-07T15:03:06.269999Z,14.046786,-89.815649,6.544,1.7927,MLc,0.179,165,9,0.0272,0.0294,
eslv2026duhgl3t4,ohdd2026z5sqqb6f,hypodd,ohyp2026w43duqby,2025-09-07T15:04:00.500000Z,14.046127,-89.812215,6.144,1.7015,MLc,0.112,137,7,0.0263,0.0306,
eslv20262q662zdq,ohdd2026aazqmxdw,hypodd,ohyp2026ddkpll2a,2025-09-07T15:15:58.490000Z,14.047116,-89.81853,7.797,1.5592,MLc,0.147,134,6,0.0255,0.0273,
eslv20267kehclem,ohdd2026hgv7lr6d,hypodd,ohyp2026hq7l2tli,2025-09-07T18:11:07.480000Z,14.047392,-89.815828,7.124,2.598,MLc,0.134,127,15,0.0249,0.0317,
eslv202673wgauau,ohdd20264czmq5th,hypodd,ohyp2026cgu4wmhx,2025-09-07T18:13:48.200000Z,14.046213,-89.814852,6.945,0.4891,MLc,0.155,128,6,0.0268,0.0313,
eslv2026mmai5h6b,ohdd2026sggnvbxo,hypodd,ohyp2026527a272i,2025-09-07T18:14:05.080000Z,14.053546,-89.82203,10.607,1.3092,MLc,0.135,134,7,0.0388,0.0476,
eslv2026e4vp5m67,ohdd202637ih5oqg,hypodd,ohyp2026iycsk2fa,2025-09-07T18:35:46.539999Z,14.030939,-89.831901,7.428,1.8305,MLc,0.125,236,8,0.0257,0.0325,
eslv202664jcmuvk,ohdd2026gb2zen3g,hypodd,ohyp2026kwl7zf6a,2025-09-07T19:14:50.899999Z,14.044069,-89.808398,4.41,1.2186,MLc,0.088,133,6,0.0299,0.0313,
eslv2026wkai6bzs,ohdd2026a7ftamsr,hypodd,ohyp2026ll3v7bys,2025-09-07T19:37:12.859999Z,14.045069,-89.809652,4.732,1.8441,MLc,0.15,130,14,0.0269,0.0196,
eslv20264wy62ya2,ohdd20267hhkfmil,hypodd,ohyp2026ak5yfpuz,2025-09-07T19:53:01.439999Z,14.045423,-89.817008,7.63,1.5904,MLc,0.133,179,6,0.0261,0.0259,
eslv20263je7uuez,ohdd2026dyphe7q4,hypodd,ohyp2026m2rnpodl,2025-09-07T20:04:19.079999Z,14.043988,-89.807943,4.25,1.2232,MLc,0.094,131,7,0.0271,0.0336,
eslv2026p6y4wosm,ohdd2026kozj5w72,hypodd,ohyp2026cmuvkwkl,2025-09-07T23:24:17.079999Z,14.05355,-89.82334,8.961,2.7637,MLc,0.216,135,16,0.0249,0.0295,
eslv2026rksdopnj,ohdd2026be6wsbmk,hypodd,ohyp2026kzsfldnl,2025-09-08T00:56:02.399999Z,13.830576,-89.772721,5.063,1.4274,MLc,0.248,207,9,0.0294,0.0287,
eslv2026b3n5q2ek,ohdd202667y37fu3,hypodd,ohyp2026vum5aqky,2025-09-08T01:41:16.679999Z,14.054112,-89.820589,8.806,2.1734,MLc,0.23,138,16,0.0233,0.0317,
eslv20263t6rtu5p,ohdd2026l5anp7se,hypodd,ohyp2026zu5qxgue,2025-09-08T05:09:11.380000Z,14.048352,-89.81617,7.285,2.134,MLc,0.144,127,16,0.0252,0.0278,
eslv2026wxcvgksv,ohdd2026funhd5dc,hypodd,ohyp2026uniilgsl,2025-09-08T05:11:59.259999Z,14.065759,-89.808521,4.393,1.3586,MLc,0.142,141,8,0.027,0.0259,
eslv2026kjhp5dln,ohdd2026qain3a4u,hypodd,ohyp2026e3epbvhx,2025-09-08T06:06:58.750000Z,14.049208,-89.823201,8.379,0.8131,MLc,0.275,148,6,0.0334,0.0277,
eslv2026n6qi2knk,ohdd2026yacg7yjw,hypodd,ohyp2026jrqrp3k3,2025-09-08T06:52:41.950000Z,14.047214,-89.812679,6.697,1.7241,MLc,0.135,129,15,0.0272,0.0248,
eslv2026gnh6jfcx,ohdd2026r5hknjbb,hypodd,ohyp2026iee32aa7,2025-09-08T06:59:21.929999Z,14.042225,-89.81569,6.504,1.1751,MLc,0.162,166,10,0.0402,0.0446,
eslv20266mcjgjbo,ohdd20267zat7esl,hypodd,ohyp2026ruev5qxz,2025-09-08T07:58:47.840000Z,14.037934,-89.830396,8.567,1.1356,MLc,0.154,171,7,0.0453,0.0304,
eslv2026xngbgmfl,ohdd2026qmesyb5m,hypodd,ohyp2026uu5jx77n,2025-09-08T09:35:07.290000Z,14.105686,-89.860229,6.898,1.5497,MLc,0.177,253,6,0.0322,0.0231,
eslv2026myrrqowk,ohdd2026sxawt7gq,hypodd,ohyp2026y67ga22v,2025-09-08T09:38:15.859999Z,14.04748,-89.817562,8.438,1.8236,MLc,0.137,138,11,0.0242,0.0327,
eslv20264ufalxgj,ohdd2026ytgvx4vt,hypodd,ohyp20262ea7ig3k,2025-09-08T11:06:50.950000Z,14.046874,-89.81307,6.884,1.7569,MLc,0.137,129,10,0.0266,0.0234,
eslv2026inhi5mlm,ohdd2026fmf5mtk7,hypodd,ohyp2026a5ifw7cu,2025-09-08T11:36:16.559999Z,14.104009,-89.858789,6.424,1.7339,MLc,0.152,279,6,0.0319,0.0242,
eslv2026ngym5ihw,ohdd202645hnbphu,hypodd,ohyp2026clhiw54v,2025-09-08T13:44:03.379999Z,14.103226,-89.859261,6.873,1.2205,MLc,0.123,246,6,0.0303,0.0247,
eslv20263hscx3r3,ohdd2026peqo4kip,hypodd,ohyp20264kthevsc,2025-09-09T01:05:57.119999Z,14.071862,-89.865251,4.828,1.1182,MLc,0.242,220,6,0.0343,0.0309,
eslv2026t4qtd3er,ohdd2026exufrt2d,hypodd,ohyp2026e2yaxxcd,2025-09-09T02:13:32.539999Z,14.045896,-89.817643,7.639,1.5351,MLc,0.151,137,7,0.0248,0.028,
eslv2026mvd2ce3r,ohdd2026gwtv2mxa,hypodd,ohyp2026km2qlfnu,2025-09-09T05:45:56.670000Z,14.10523,-89.85673,6.519,1.5976,MLc,0.267,238,9,0.0383,0.0354,
eslv20262bnj6pzm,ohdd2026up3qiyte,hypodd,ohyp2026qunw6ext,2025-09-09T06:28:45.780000Z,14.054017,-89.820166,8.969,1.6885,MLc,0.151,140,16,0.0236,0.029,
eslv2026v7wcp4gt,ohdd2026ydycicnt,hypodd,ohyp2026kokruxvj,2025-09-09T06:32:56.820000Z,14.044861,-89.815112,6.918,0.8818,MLc,0.123,164,10,0.0303,0.0248,
eslv2026elemyk3w,ohdd2026455fnij2,hypodd,ohyp202664rixvt5,2025-09-09T06:36:21.809999Z,14.048956,-89.813265,7.862,1.1309,MLc,0.119,170,6,0.0244,0.0281,
eslv20266wvldvg7,ohdd2026hseaiblz,hypodd,ohyp2026hxp5m6we,2025-09-09T08:24:30.339999Z,14.082361,-89.841219,5.937,1.0874,MLc,0.106,142,6,0.0271,0.0308,
eslv2026xmrlh6cx,ohdd2026y5op3ek2,hypodd,ohyp2026cgpzh3iu,2025-09-09T11:13:21.800000Z,14.08703,-89.858634,5.906,2.077,MLc,0.173,202,9,0.0421,0.0355,
eslv2026qluli4kg,ohdd2026c3q7v36h,hypodd,ohyp2026tujdgzrp,2025-09-09T11:18:38.859999Z,14.141131,-89.791325,0.499,0.6882,MLc,0.235,274,6,1.0795,2.3354,
eslv2026lytpf55u,ohdd2026qqekwpcj,hypodd,ohyp2026kti5wold,2025-09-09T11:34:56.000000Z,14.043938,-89.808781,4.277,1.5573,MLc,0.134,137,9,0.0304,0.0292,
eslv2026gsmgm5gr,ohdd2026cz62q2xf,hypodd,ohyp2026bcxitwyq,2025-09-09T22:21:50.119999Z,13.984491,-89.770996,3.949,1.9901,MLc,0.329,125,15,0.01,0.0228,
eslv2026u7ly6jci,ohdd2026wiqufhdo,hypodd,ohyp2026d5tnyy3g,2025-09-10T00:06:41.109999Z,14.077098,-89.82251,7.62,1.7937,MLc,0.199,165,8,0.0345,0.0262,
eslv2026awtdw3bp,ohdd2026rvmqy3mr,hypodd,ohyp2026txcrx7q7,2025-09-10T00:46:00.940000Z,14.077894,-89.822485,7.823,0.6543,MLc,0.1,160,6,0.0289,0.0259,
eslv2026spbevnti,ohdd2026eqhthiof,hypodd,ohyp20262furvqrm,2025-09-10T03:44:17.230000Z,14.077318,-89.823446,8.12,0.6618,MLc,0.138,157,6,0.0249,0.0268,
eslv2026dqu3dbpo,ohdd2026mto7fehf,hypodd,ohyp2026aqejs2ex,2025-09-10T04:14:12.250000Z,14.051454,-89.821737,8.018,1.7827,MLc,0.13,135,17,0.0245,0.0248,
eslv2026h3kq4yer,ohdd2026tupmol74,hypodd,ohyp2026wk76ss4x,2025-09-10T07:13:08.150000Z,14.011967,-89.78916,8.203,1.1389,MLc,0.126,136,14,0.0117,0.0187,
eslv2026j2jiic3q,ohdd2026ru4h2a4r,hypodd,ohyp2026qnrzz6c5,2025-09-10T07:31:01.700000Z,14.073799,-89.932422,6.337,1.22,MLc,0.264,299,6,0.1726,0.1783,
eslv2026rsrycuiq,ohdd2026be2z2upv,hypodd,ohyp2026sfsyd6pa,2025-09-10T08:13:21.730000Z,14.01315,-89.788835,8.094,1.8029,MLc,0.171,138,14,0.0146,0.0261,
eslv2026qajhq4k4,ohdd2026ykpsjwqa,hypodd,ohyp2026hgp257ts,2025-09-10T08:43:46.920000Z,14.050144,-89.820076,7.198,0.8814,MLc,0.157,138,10,0.034,0.037,
eslv2026z43kht4e,ohdd2026i27o46ay,hypodd,ohyp2026gvtupili,2025-09-10T09:04:42.439999Z,14.111792,-89.887842,6.153,0.6163,MLc,0.202,334,6,0.0507,0.0564,
eslv2026632vekji,ohdd2026gm6ecm4c,hypodd,ohyp2026mxmsokuj,2025-09-10T09:52:42.119999Z,14.011644,-89.789966,8.021,1.6389,MLc,0.184,147,14,0.0123,0.0218,
eslv2026yekgewlm,ohdd2026vd3vpjrj,hypodd,ohyp2026fvbeaxvi,2025-09-10T13:56:57.240000Z,14.073006,-89.887476,5.319,1.2935,MLc,0.257,265,10,0.037,0.0404,
eslv2026eerpqrpo,ohdd2026vdmg7pi7,hypodd,ohyp2026h4fuv4gq,2025-09-10T16:37:21.530000Z,14.04807,-89.821802,7.819,2.5893,MLc,0.128,142,18,0.0232,0.0265,
eslv202672dgurc5,ohdd202662ttl7kr,hypodd,ohyp2026xyemkaoi,2025-09-10T21:28:20.879999Z,14.094366,-89.757048,8.281,1.9443,MLc,0.121,197,6,0.0327,0.0354,
eslv2026uhjurwfr,ohdd2026lvo3wsqs,hypodd,ohyp2026aaij7gwb,2025-09-11T02:40:43.240000Z,14.098141,-89.874854,5.3,1.8557,MLc,0.256,291,15,0.0268,0.0346,
eslv2026hseoah57,ohdd2026p5djmml2,hypodd,ohyp2026x2ou5amh,2025-09-11T05:35:02.129999Z,13.868503,-89.711255,6.659,1.4469,MLc,0.248,128,11,0.0331,0.0224,
eslv2026f4t3ogte,ohdd2026m47cxfov,hypodd,ohyp2026tyucosz3,2025-09-11T10:27:16.800000Z,13.987259,-89.76783,4.451,1.1978,MLc,0.248,149,7,0.032,0.0445,
eslv2026gmk3lu24,ohdd2026uvc5slro,hypodd,ohyp2026nlpf5rnr,2025-09-11T11:35:37.700000Z,14.040814,-89.827205,8.422,1.6651,MLc,0.175,165,7,0.0311,0.0271,
eslv20262nry7nsb,ohdd20266tcvnjpv,hypodd,ohyp20267zugcdbe,2025-09-11T11:41:08.000000Z,13.947584,-89.905868,4.618,0.7973,MLc,0.088,238,6,0.0335,0.0451,
eslv2026atg5uhaz,ohdd20266w7hfofm,hypodd,ohyp2026lmm2vwts,2025-09-11T14:38:43.909999Z,14.042047,-89.822485,7.516,2.1029,MLc,0.155,151,16,0.032,0.0369,
eslv20263gs5nm5a,ohdd2026kvoef5ds,hypodd,ohyp2026u7oug6bv,2025-09-11T14:41:21.429999Z,14.042579,-89.824251,7.248,1.8418,MLc,0.141,155,9,0.0291,0.0279,
eslv2026rs4pz7rv,ohdd2026psoej2en,hypodd,ohyp2026oxbnyqw5,2025-09-11T15:30:09.529999Z,14.073272,-89.854818,4.392,1.7305,MLc,0.244,149,6,0.0331,0.0215,
eslv2026i2aoz2hh,ohdd2026ckqnbbo2,hypodd,ohyp2026og33by2o,2025-09-11T17:20:36.880000Z,13.94927,-89.719694,11.938,1.3853,MLc,0.071,194,6,0.0902,0.0487,
eslv2026fisxqj3d,ohdd2026hd4qfrqx,hypodd,ohyp2026vyq447wm,2025-09-11T17:40:28.120000Z,14.042244,-89.824349,8.374,1.9132,MLc,0.148,161,7,0.0341,0.0278,
eslv2026dkszlg7b,ohdd20263onffnws,hypodd,ohyp20262cod3uyd,2025-09-11T18:30:50.859999Z,14.096204,-89.872738,5.15,2.2628,MLc,0.195,292,14,0.0271,0.0345,
eslv20267zdhqmf4,ohdd2026ndm5tclk,hypodd,ohyp2026d4nwxuag,2025-09-11T18:51:26.440000Z,14.100514,-89.845923,4.117,2.2442,MLc,0.244,282,10,0.0358,0.0194,
eslv20264muo3h3u,ohdd2026dyvetutz,hypodd,ohyp20265eernpiq,2025-09-11T20:15:13.460000Z,14.083393,-89.84633,6.716,1.933,MLc,0.099,181,12,0.0227,0.0276,
eslv2026r4x3edcs,ohdd2026djyxwxj2,hypodd,ohyp2026k6blcohk,2025-09-12T02:03:06.169999Z,14.099149,-89.873966,5.473,1.666,MLc,0.217,292,9,0.0272,0.035,
eslv2026y73nc4j7,ohdd20265w6cx5qy,hypodd,ohyp20264icmh6ip,2025-09-12T02:31:12.550000Z,14.050287,-89.824544,8.556,1.6318,MLc,0.123,154,11,0.0245,0.0291,
eslv2026xd4erngc,ohdd20267iepttt4,hypodd,ohyp2026fnuit3zg,2025-09-12T04:36:08.679999Z,14.052261,-89.796615,2.983,0.383,MLc,0.181,198,6,0.0316,0.0516,
eslv2026aoedivop,ohdd2026klmcgnns,hypodd,ohyp2026wydg67cp,2025-09-12T09:34:02.620000Z,14.081176,-89.832975,6.879,1.9891,MLc,0.217,151,9,0.03,0.0331,
eslv2026wqxi4z4f,ohdd2026ubb3auf5,hypodd,ohyp2026ul6rnung,2025-09-12T10:14:52.920000Z,14.101228,-89.846672,11.406,1.1832,MLc,0.242,191,6,0.0082,0.0105,
eslv2026da7nnplt,ohdd2026zyd3bmr4,hypodd,ohyp2026kqdafpon,2025-09-12T17:22:28.679999Z,14.113878,-89.730436,9.94,1.2418,MLc,0.076,193,7,0.2818,0.2441,
eslv2026qu7ankuy,ohdd2026uildbhvj,hypodd,ohyp2026ko654tjf,2025-09-12T19:23:55.039999Z,14.045437,-89.813143,6.855,1.0312,MLc,0.436,130,7,0.0405,0.046,
eslv20266ko46w7w,ohdd2026gnsfqezl,hypodd,ohyp202642tywu5o,2025-09-13T05:25:48.609999Z,14.016516,-89.792171,4.216,1.4594,MLc,0.17,161,10,0.0237,0.0314,
eslv2026v33vb7yf,ohdd2026nj4plpzw,hypodd,ohyp2026pciv7chq,2025-09-13T08:09:59.850000Z,14.077588,-89.932788,6.413,0.9715,MLc,0.333,303,6,0.0989,0.1721,
eslv2026snf7fgar,ohdd2026absybgib,hypodd,ohyp2026z2vhivuj,2025-09-13T08:18:27.269999Z,14.107946,-89.859521,6.37,1.3936,MLc,0.215,294,7,0.0349,0.025,
eslv2026amxjjlpr,ohdd2026yqy5dw6h,hypodd,ohyp2026vextewc2,2025-09-13T08:35:37.000000Z,14.075418,-89.875366,8.072,0.4384,MLc,0.245,183,6,0.0632,0.0732,
eslv2026nzi7w4au,ohdd2026hbke3jlj,hypodd,ohyp2026fom7etzf,2025-09-13T09:03:47.840000Z,14.087935,-89.905916,7.332,0.9637,MLc,0.094,300,6,0.0651,0.0517,
eslv2026ardule57,ohdd2026bhxfyjvt,hypodd,ohyp20263nhvo5kl,2025-09-14T17:14:31.440000Z,14.04741,-89.814429,7.64,1.9031,MLc,0.119,136,13,0.0251,0.0294,
eslv2026xnsx4qu6,ohdd2026abocnqr4,hypodd,ohyp2026gw4vbfzs,2025-09-14T22:33:47.240000Z,14.047049,-89.814266,7.358,1.5495,MLc,0.137,132,7,0.0257,0.0262,
eslv2026xtxyy62m,ohdd2026flfkd7oc,hypodd,ohyp2026s7d64zjx,2025-09-14T22:44:03.680000Z,14.047152,-89.814722,7.301,2.0058,MLc,0.124,132,6,0.0249,0.0326,
eslv2026gnzqyxrd,ohdd2026rxtknsvn,hypodd,ohyp2026zyqurrd4,2025-09-14T23:07:38.439999Z,14.047337,-89.814535,7.335,1.7964,MLc,0.129,132,7,0.0241,0.0321,
eslv2026bwp2ehmx,ohdd20262xig2hqr,hypodd,ohyp2026kvgdqbfs,2025-09-14T23:34:22.600000Z,13.986987,-89.759375,8.544,1.3819,MLc,0.15,134,6,0.0226,0.0293,
eslv20266akxirfi,ohdd2026uouidb55,hypodd,ohyp2026377ouskc,2025-09-15T00:24:06.250000Z,13.877479,-89.758,5.033,1.3197,MLc,0.241,140,10,0.0278,0.0215,
eslv20262wzjvrzx,ohdd2026h5iy5t2k,hypodd,ohyp2026i2fzlf3l,2025-09-15T02:09:05.910000Z,13.88833,-89.758358,7.399,2.6437,MLc,0.268,151,15,0.0272,0.0306,
eslv20262ucwhsdu,ohdd20263lbqz44t,hypodd,ohyp2026g7fql6ql,2025-09-15T02:12:11.619999Z,13.880341,-89.776066,5.584,1.4734,MLc,0.219,177,10,0.0389,0.0255,
eslv2026cnb55ycc,ohdd2026cq52widq,hypodd,ohyp20266jsxkcyg,2025-09-15T02:43:45.780000Z,13.880174,-89.776221,5.611,1.3457,MLc,0.216,188,9,0.0397,0.0277,
eslv2026c7rl7pli,ohdd2026ayewgysv,hypodd,ohyp2026b3veu3pr,2025-09-15T03:37:35.030000Z,13.885216,-89.757454,6.565,2.0764,MLc,0.329,156,15,0.0269,0.0274,
eslv2026tus4y7lu,ohdd20264kwnmbaw,hypodd,ohyp2026asr7m77f,2025-09-15T04:46:23.440000Z,13.898423,-89.746436,2.667,0.9413,MLc,0.278,123,7,0.0458,0.0516,
eslv2026fvxrbt3v,ohdd2026ij54m2j5,hypodd,ohyp2026kkhlwgoe,2025-09-15T05:10:09.750000Z,14.044417,-89.824341,6.985,1.7743,MLc,0.142,155,11,0.0229,0.0258,
eslv2026ieun4o2y,ohdd2026qaglefkd,hypodd,ohyp2026cprabr3w,2025-09-15T05:50:19.910000Z,13.878199,-89.758309,4.911,0.9918,MLc,0.236,146,11,0.0349,0.0261,
eslv2026nhbkiw7h,ohdd2026xhk63gaw,hypodd,ohyp2026rbdytdbv,2025-09-15T09:01:31.760000Z,13.876174,-89.787288,7.497,1.3228,MLc,0.267,256,11,0.1473,0.1247,
eslv2026normylva,ohdd2026ldbno3ke,hypodd,ohyp2026r76xl7nf,2025-09-15T09:48:54.380000Z,13.758601,-89.468913,13.912,2.1208,MLc,0.243,160,18,0.3501,0.2809,
eslv202633irewyq,ohdd2026xjg4222p,hypodd,ohyp202662h2iqms,2025-09-15T09:49:26.530000Z,13.753738,-89.489339,15.977,2.0078,MLc,0.347,326,14,0.5741,0.6051,
eslv2026d7exv7ei,ohdd2026xgqbytga,hypodd,ohyp2026kbtpo5hj,2025-09-15T10:41:38.619999Z,13.879271,-89.774919,5.414,1.8528,MLc,0.199,168,15,0.0352,0.0221,
eslv2026knhbholb,ohdd2026aofrzyay,hypodd,ohyp2026l7g7cdck,2025-09-15T23:12:24.039999Z,14.083419,-89.830835,6.601,0.8992,MLc,0.151,178,6,0.0356,0.0424,
eslv2026pdrlopbd,ohdd2026xlsvu2mv,hypodd,ohyp2026a5qdpiy5,2025-09-16T03:21:06.099999Z,14.078131,-89.821232,7.648,1.4834,MLc,0.105,163,9,0.0288,0.023,
eslv20264scnfmpc,ohdd2026k2nu5km5,hypodd,ohyp2026vdycj76m,2025-09-16T06:14:15.310000Z,14.042532,-89.810954,4.739,1.0749,MLc,0.173,136,9,0.0285,0.0321,
eslv2026j4eishe7,ohdd202643ntev4z,hypodd,ohyp2026vankijte,2025-09-16T08:49:21.329999Z,14.044095,-89.807056,4.758,1.1605,MLc,0.14,134,6,0.0291,0.0293,
eslv2026z26hq4qw,ohdd2026v555slq6,hypodd,ohyp2026w4s55jmw,2025-09-16T09:28:17.269999Z,14.044035,-89.80909,4.619,1.2503,MLc,0.122,133,6,0.0268,0.0195,
eslv20264m46sgcg,ohdd2026dffqwako,hypodd,ohyp2026n5yskscp,2025-09-16T10:29:57.390000Z,14.117084,-89.816471,5.588,1.5631,MLc,0.165,272,6,0.0506,0.0608,
eslv2026gw2w75kc,ohdd20266u7tstfz,hypodd,ohyp2026jvfms45d,2025-09-16T13:34:00.780000Z,14.051976,-89.81617,8.385,1.6706,MLc,0.163,131,7,0.0362,0.0304,
eslv20265wygxguc,ohdd2026fc3izriu,hypodd,ohyp20265knurocx,2025-09-17T21:40:46.039999Z,14.100878,-89.85765,6.68,1.9064,MLc,0.172,212,13,0.0294,0.0294,
eslv2026trxcuf7f,ohdd20264y45qvpo,hypodd,ohyp20265u4cgnrz,2025-09-17T21:51:17.199999Z,14.084822,-89.902197,6.174,1.9904,MLc,0.106,239,7,0.0245,0.0296,
eslv2026553rwos3,ohdd2026paqxcgb6,hypodd,ohyp2026r5qd7x7r,2025-09-17T22:08:07.799999Z,14.101246,-89.855949,6.573,1.2385,MLc,0.1,244,6,0.0304,0.0236,
eslv2026izbzgfy4,ohdd2026rwqco3cp,hypodd,ohyp202656762kg7,2025-09-17T22:51:04.200000Z,14.052836,-89.815373,7.619,1.8889,MLc,0.188,139,7,0.0308,0.0254,
eslv2026ury22ehy,ohdd20263lrxrqdu,hypodd,ohyp20265ps3gzhh,2025-09-18T04:35:57.750000Z,14.0786,-89.824569,8.323,2.5245,MLc,0.217,165,15,0.0265,0.0363,
eslv20264hu5l3kb,ohdd2026b53rtqfy,hypodd,ohyp20266z4tnmz3,2025-09-18T10:43:41.500000Z,14.014933,-89.783984,11.595,1.4176,MLc,0.126,144,9,0.0237,0.0347,
eslv2026lh5ijgu7,ohdd2026vi7ibi6j,hypodd,ohyp20266ii456dz,2025-09-18T10:50:26.550000Z,14.041294,-89.825659,7.599,1.9487,MLc,0.236,172,9,0.0359,0.0383,
eslv2026f6j7iby7,ohdd2026cmegx7q4,hypodd,ohyp2026fc66z3na,2025-09-18T15:10:08.859999Z,14.06526,-89.786646,3.486,1.2098,MLc,0.086,139,6,0.0329,0.0411,
eslv2026q35vutzk,ohdd2026yflr7vz4,hypodd,ohyp20263llr6woo,2025-09-18T15:51:03.520000Z,13.774486,-89.464917,15.935,2.2215,MLc,0.336,195,16,0.191,0.2609,
eslv20263ugyvcnz,ohdd2026gei7f67k,hypodd,ohyp2026hsnfihl4,2025-09-18T21:17:46.600000Z,14.076138,-89.823006,8.688,2.186,MLc,0.214,208,8,0.0548,0.0507,
eslv2026bqyhpvfc,ohdd2026hfp4l7ud,hypodd,ohyp2026mshxo3mk,2025-09-19T01:49:54.420000Z,14.032481,-89.770768,15.521,1.2699,MLc,0.16,169,6,1.7161,1.1717,
eslv2026bbn27ysf,ohdd202625t52lje,hypodd,ohyp2026b6y7qnqi,2025-09-19T03:55:08.900000Z,14.090606,-89.793359,17.65,1.2577,MLc,0.286,232,12,0.5298,0.3701,
eslv2026ue4xguug,ohdd2026eu5zrqr5,hypodd,ohyp2026c4x57hfp,2025-09-19T07:57:52.539999Z,14.015792,-89.793538,4.564,0.7473,MLc,0.249,155,8,0.0432,0.0624,
eslv2026mc2wtpsa,ohdd20264bsv2fwk,hypodd,ohyp20262sg7xwle,2025-09-19T14:14:19.899999Z,13.986261,-89.760278,8.187,2.0787,MLc,0.191,139,14,0.0148,0.022,
eslv2026eynq4my6,ohdd2026346nyxtw,hypodd,ohyp2026qesil3u6,2025-09-19T17:21:43.399999Z,14.08474,-89.842497,6.392,1.1972,MLc,0.101,170,8,0.0223,0.0223,
eslv2026cdfivyyp,ohdd2026r7p4mjji,hypodd,ohyp2026hjou5smw,2025-09-19T19:01:37.899999Z,14.059304,-89.820866,3.432,1.1788,MLc,0.17,148,6,0.0429,0.0378,
eslv2026p3y7rjm5,ohdd2026n4lu32aj,hypodd,ohyp2026dsqqfz7o,2025-09-19T19:13:13.880000Z,14.102353,-89.855949,6.626,1.1451,MLc,0.126,249,7,0.0377,0.039,
eslv2026cungkpgt,ohdd2026yisya5cw,hypodd,ohyp20267scotyud,2025-09-19T19:20:51.399999Z,14.100774,-89.857552,6.389,2.206,MLc,0.165,204,8,0.0348,0.0369,
eslv2026qnzkny32,ohdd2026eyadullm,hypodd,ohyp2026clzar5jf,2025-09-19T19:21:33.960000Z,14.082984,-89.85446,7.518,1.3655,MLc,0.344,157,6,0.0411,0.0276,
eslv2026ujyl4otg,ohdd2026lcaftwur,hypodd,ohyp20264xghi4e4,2025-09-20T04:08:59.570000Z,14.087607,-89.862931,4.254,1.6058,MLc,0.146,275,6,0.0423,0.0319,
eslv2026e5imkzie,ohdd20263snphqfb,hypodd,ohyp2026t5i52vcr,2025-09-20T05:47:49.850000Z,13.877764,-89.777303,5.646,0.705,MLc,0.206,250,7,0.0379,0.0267,
eslv2026h3xpq4ia,ohdd2026jf6mocer,hypodd,ohyp20265xcjw7pp,2025-09-20T05:49:32.509999Z,13.880188,-89.688997,7.702,1.2284,MLc,0.013,147,6,0.0226,0.0301,
eslv2026lopudwea,ohdd2026uth327ce,hypodd,ohyp2026mlfdyg3k,2025-09-20T07:06:05.370000Z,14.041483,-89.823486,6.705,2.1873,MLc,0.142,157,15,0.0277,0.0337,
eslv2026khkkyxjq,ohdd20266igrakyb,hypodd,ohyp2026npz5h56u,2025-09-20T07:41:37.520000Z,14.038051,-89.826278,6.297,1.1853,MLc,0.185,172,9,0.0359,0.0289,
eslv2026ovgddlvg,ohdd2026qv2iojxu,hypodd,ohyp2026grpqfjbd,2025-09-20T09:16:42.539999Z,14.078174,-89.823641,7.977,2.005,MLc,0.16,163,13,0.0241,0.0299,
eslv2026oi4fb2nk,ohdd20266tgykzi5,hypodd,ohyp2026qt2m5msm,2025-09-20T21:49:39.920000Z,14.112415,-89.729191,10.131,1.1121,MLc,0.172,196,8,0.2862,0.288,
eslv2026rm7tvq7e,ohdd20263fqkd3m5,hypodd,ohyp2026sf4ijy4o,2025-09-21T00:41:31.519999Z,14.094936,-89.735002,11.729,1.3982,MLc,0.19,166,12,0.2266,0.2056,
eslv2026ftvp5epm,ohdd2026chzopdie,hypodd,ohyp2026tihopdqh,2025-09-21T06:25:42.530000Z,14.049874,-89.815983,7.495,0.9736,MLc,0.136,189,6,0.028,0.0245,
eslv2026yfndxjpn,ohdd2026bfofor7w,hypodd,ohyp2026qmv5air6,2025-09-21T22:16:04.519999Z,14.012339,-89.790601,8.958,1.6568,MLc,0.171,150,12,0.017,0.0272,
eslv2026fukapiqr,ohdd20265bghozzw,hypodd,ohyp2026jn5o66fr,2025-09-22T03:56:35.460000Z,13.953787,-89.845736,4.921,1.6749,MLc,0.227,237,6,0.0214,0.0247,
eslv2026oiqa7ofz,ohdd2026puxlny4y,hypodd,ohyp2026osr6hxwf,2025-09-22T06:35:30.269999Z,14.051072,-89.814681,7.477,0.8495,MLc,0.122,128,6,0.0292,0.0231,
eslv2026ykimlntj,ohdd2026cn5yuvup,hypodd,ohyp2026b5gu4guf,2025-09-22T11:17:20.379999Z,14.075307,-89.870093,5.308,2.4096,MLc,0.195,236,16,0.0341,0.0383,
eslv2026p27zexx5,ohdd2026l33vi3o6,hypodd,ohyp2026xe6wagit,2025-09-22T11:50:35.520000Z,14.072517,-89.874219,5.254,1.1883,MLc,0.238,264,7,0.0343,0.0399,
eslv2026v3zh2zsa,ohdd2026ih32xqzb,hypodd,ohyp20267tabucoj,2025-09-22T13:30:42.409999Z,14.051818,-89.820028,8.702,1.3478,MLc,0.191,149,6,0.0271,0.0262,
eslv2026k626uqcu,ohdd2026yved4k4v,hypodd,ohyp2026und6ngdf,2025-09-22T15:07:54.770000Z,13.888864,-89.737288,6.762,1.3064,MLc,0.095,102,8,0.0177,0.0297,
eslv2026gb3radf4,ohdd2026pz5mmcgd,hypodd,ohyp2026xckq5mpo,2025-09-23T02:42:17.850000Z,14.087158,-89.877677,7.757,0.9679,MLc,0.139,276,6,0.0293,0.019,
eslv20262ev2r2kf,ohdd2026wdc6r36t,hypodd,ohyp20262ex752as,2025-09-23T03:33:59.210000Z,14.00855,-89.778304,14.136,1.6011,MLc,0.179,132,10,0.0286,0.0308,
eslv2026skztvj5p,ohdd2026wsxhqceb,hypodd,ohyp2026c4edn34q,2025-09-23T04:32:46.670000Z,14.046639,-89.812419,6.395,1.5922,MLc,0.145,133,12,0.0262,0.0259,
eslv2026wtgjsrxx,ohdd2026vjtonwu4,hypodd,ohyp2026julx62vg,2025-09-23T04:47:18.250000Z,14.04392,-89.80835,4.278,0.8881,MLc,0.138,131,6,0.031,0.0333,
eslv2026uwdggr4i,ohdd202665z6jqip,hypodd,ohyp2026u7x6amhh,2025-09-23T04:49:22.839999Z,14.080178,-89.821452,7.792,0.8036,MLc,0.185,152,8,0.0314,0.0267,
eslv2026ftvrxvrs,ohdd2026mlfwckyr,hypodd,ohyp2026m2hlxdtb,2025-09-23T05:48:27.179999Z,14.048756,-89.826782,9.433,0.4433,MLc,0.31,166,6,0.0339,0.0287,
eslv2026odz6bqiv,ohdd2026nocyrfmt,hypodd,ohyp20262wcukosl,2025-09-23T05:59:22.320000Z,14.052333,-89.81661,7.929,1.0326,MLc,0.129,187,7,0.0332,0.0268,
eslv2026zit5tqft,ohdd2026tvoxb7ec,hypodd,ohyp2026gxglxmrj,2025-09-23T06:17:36.969999Z,14.045025,-89.813224,5.942,1.5656,MLc,0.152,170,12,0.0294,0.0312,
eslv2026hxodk5d5,ohdd202635n5hfuk,hypodd,ohyp2026qiwainbz,2025-09-23T06:29:26.179999Z,14.046146,-89.811336,5.939,1.2426,MLc,0.138,135,9,0.0262,0.0392,
eslv20262lm2ie24,ohdd2026fjeypeg3,hypodd,ohyp2026pwvga2lg,2025-09-23T06:40:15.839999Z,14.048977,-89.82207,7.329,1.652,MLc,0.14,143,14,0.0279,0.0305,
eslv202666qhfesa,ohdd2026btx4aieb,hypodd,ohyp20262geo4td2,2025-09-23T07:45:19.730000Z,14.057864,-89.784481,1.202,1.1853,MLc,0.15,186,8,0.0337,0.0502,
eslv2026zxbuyvb7,ohdd2026ut7w5fek,hypodd,ohyp2026yo6nr6jr,2025-09-23T08:29:16.850000Z,14.046033,-89.812386,6.74,1.6366,MLc,0.132,139,14,0.0257,0.0247,
eslv2026pp552qbl,ohdd20267es36fax,hypodd,ohyp2026iksvg6y3,2025-09-23T09:12:30.329999Z,14.071982,-89.884025,5.084,1.4335,MLc,0.315,260,11,0.0373,0.0341,
eslv20265cgyvjcj,ohdd20265s2ykpgq,hypodd,ohyp2026nzxluzol,2025-09-23T11:03:37.490000Z,13.986541,-89.763997,6.155,1.3818,MLc,0.157,142,7,0.0223,0.0319,
eslv2026rr5j6f75,ohdd2026iqt6ws6f,hypodd,ohyp2026tudpdlyb,2025-09-23T14:35:56.009999Z,14.044186,-89.807259,4.525,1.6286,MLc,0.118,137,7,0.0291,0.0327,
eslv2026yuufxdjr,ohdd2026tvirzszt,hypodd,ohyp20263imttomi,2025-09-23T21:40:22.260000Z,14.050585,-89.825057,7.302,2.0313,MLc,0.132,157,7,0.027,0.0286,
eslv2026ebdqgj7x,ohdd2026gdyhngfs,hypodd,ohyp2026h4kedoom,2025-09-23T22:51:10.480000Z,14.042833,-89.80839,4.31,1.7146,MLc,0.09,135,7,0.0274,0.0308,
eslv2026fqahi7ax,ohdd2026pnkrr2e3,hypodd,ohyp2026ggectf5j,2025-09-23T23:21:49.100000Z,14.054246,-89.826481,8.52,0.7283,MLc,0.112,137,6,0.0258,0.0227,
eslv2026tguqlpmm,ohdd2026bqfgfbjc,hypodd,ohyp2026fc2ao6uv,2025-09-24T05:51:41.799999Z,14.079519,-89.822656,7.863,1.1992,MLc,0.289,200,8,0.0475,0.0254,
eslv20262k25audh,ohdd2026lv6rhd47,hypodd,ohyp2026ojsqlnpn,2025-09-24T06:14:18.620000Z,14.033969,-89.846558,8.918,1.6719,MLc,0.147,174,15,0.0545,0.0325,
eslv20264jkl4vfp,ohdd2026kybwrlgu,hypodd,ohyp2026igzuuevk,2025-09-24T06:17:37.079999Z,14.040785,-89.823527,7.03,2.1016,MLc,0.111,156,16,0.0316,0.0326,
eslv2026baaghu2a,ohdd20262vyhvl5t,hypodd,ohyp2026kcfsndgo,2025-09-24T06:18:44.960000Z,14.036982,-89.827775,5.651,1.1795,MLc,0.14,165,8,0.0289,0.0297,
eslv2026ozpc5p3n,ohdd2026xntfeec7,hypodd,ohyp2026d2x2dzcp,2025-09-24T06:38:26.710000Z,14.03698,-89.819604,4.083,0.9849,MLc,0.098,158,7,0.0294,0.0279,
eslv2026ex2fii4m,ohdd2026itimncer,hypodd,ohyp2026xpre2nmc,2025-09-24T07:29:15.330000Z,14.077416,-89.825627,9.274,1.3264,MLc,0.349,141,12,0.0495,0.0426,
eslv2026xoz5fxbh,ohdd2026yr3r3fnt,hypodd,ohyp2026ddoy653c,2025-09-24T20:26:03.759999Z,14.036357,-89.82242,4.753,1.2586,MLc,0.134,152,6,0.0341,0.0277,
eslv20264uvl7qhs,ohdd2026ofur4pqk,hypodd,ohyp20265c25voyr,2025-09-24T21:17:40.780000Z,13.943853,-89.875537,1.414,1.0396,MLc,0.115,256,6,0.4728,1.054,
eslv2026uwwescxe,ohdd2026xt2noiba,hypodd,ohyp20266c7jrhnf,2025-09-25T00:17:11.630000Z,13.883642,-89.734888,7.181,1.52,MLc,0.125,146,11,0.019,0.0251,
eslv2026f3ujnhuc,ohdd2026es6t2kdt,hypodd,ohyp20267ktlwld6,2025-09-25T14:52:59.729999Z,13.884263,-89.735148,7.34,1.558,MLc,0.108,146,12,0.0204,0.0261,
eslv2026qlf6qlnb,ohdd20264k322yic,hypodd,ohyp20263s4yunix,2025-09-25T15:04:25.969999Z,13.883441,-89.735693,7.332,1.7063,MLc,0.124,149,11,0.0203,0.0274,
eslv2026buzbybnf,ohdd2026lef2kucv,hypodd,ohyp2026mlziknwl,2025-09-25T23:43:02.439999Z,14.051129,-89.827124,6.071,1.3875,MLc,0.125,144,6,0.024,0.0292,
eslv2026rx6lpewy,ohdd2026bvcxoa42,hypodd,ohyp2026mp4co6yf,2025-09-26T05:03:22.190000Z,14.031013,-89.89729,4.675,0.4823,MLc,0.221,233,6,0.0116,0.0087,
eslv2026zdnpdiwp,ohdd2026eywjbshu,hypodd,ohyp2026fo7zdi2m,2025-09-26T10:28:51.500000Z,14.105906,-89.859757,6.764,1.6105,MLc,0.177,248,9,0.0308,0.0265,
eslv20264z2ldur7,ohdd20265fzcynmo,hypodd,ohyp2026xji3mhcr,2025-09-27T02:32:37.640000Z,14.050721,-89.82605,8.67,0.9748,MLc,0.118,144,6,0.0273,0.0241,
eslv2026zxmh6b2v,ohdd2026phet6tmo,hypodd,ohyp20263s4uk5pg,2025-09-29T06:52:25.910000Z,14.045344,-89.811776,5.864,0.9655,MLc,0.293,139,9,0.0388,0.0648,
eslv2026e44dm5jh,ohdd2026nkjzsgdk,hypodd,ohyp20263tm76ozt,2025-09-29T07:35:18.320000Z,14.05177,-89.829492,9.766,1.1536,MLc,0.166,164,10,0.0289,0.0221,
eslv20263f7kqo3v,ohdd2026e26uw57g,hypodd,ohyp2026e3oxz2fd,2025-09-29T11:34:16.039999Z,14.051171,-89.827669,9.235,0.5304,MLc,0.13,168,6,0.0296,0.0235,
eslv2026pvolrvby,ohdd2026ebsvfii2,hypodd,ohyp2026b6ydrxvh,2025-09-29T13:16:37.420000Z,14.043027,-89.82627,6.672,2.2274,MLc,0.124,159,11,0.0252,0.0247,
eslv2026swr3ywpx,ohdd2026nfwvzksz,hypodd,ohyp202654rveshq,2025-09-29T15:39:04.559999Z,14.065783,-89.745109,9.921,1.35,MLc,0.131,130,7,0.2926,0.3443,
eslv20266hnievvp,ohdd2026rsgmiibk,hypodd,ohyp2026huuzs3tj,2025-09-30T03:03:37.390000Z,14.049751,-89.82439,8.09,1.536,MLc,0.13,149,9,0.0257,0.0232,
eslv2026qt25uuul,ohdd20263qvrrsr7,hypodd,ohyp2026vgxqpheo,2025-09-30T04:49:26.809999Z,13.887043,-89.662427,5.437,0.9611,MLc,0.071,234,7,0.04,0.0365,
eslv20262czw27ic,ohdd2026z4hyxukb,hypodd,ohyp2026iflejadd,2025-09-30T06:57:09.589999Z,14.047437,-89.830412,8.621,0.3473,MLc,0.134,163,6,0.0353,0.0286,
eslv2026qokgwtde,ohdd2026a2ruyue4,hypodd,ohyp2026tdllhxgw,2025-09-30T07:34:44.619999Z,13.861832,-89.662427,6.42,1.0153,MLc,0.238,85,13,0.0177,0.0192,
eslv2026dsofvinm,ohdd2026dvqis5at,hypodd,ohyp2026yatynfuo,2025-09-30T15:42:22.370000Z,14.052323,-89.816252,7.409,0.7741,MLc,0.158,140,7,0.0303,0.0297,
eslv202655o3u3tk,ohdd2026msgslsui,hypodd,ohyp2026uarugm2w,2025-09-30T20:33:58.280000Z,13.981537,-89.773112,3.603,2.4378,MLc,0.307,135,14,0.0068,0.0156,
eslv2026vo5dhctt,ohdd2026ayl7iyd3,hypodd,ohyp2026nfrbvbvh,2025-09-30T20:44:11.839999Z,13.959467,-89.800456,5.823,1.1968,MLc,0.028,172,8,0.2549,0.3298,
eslv2026hinyiyja,ohdd2026f5qz5ten,hypodd,ohyp2026ctadgwcs,2025-09-30T20:44:29.559999Z,13.968592,-89.766846,7.662,1.5451,MLc,0.348,143,9,0.0109,0.0321,
eslv2026apm44lpn,ohdd2026jnvwxg75,hypodd,ohyp2026p362cxb7,2025-10-01T13:02:28.850000Z,14.057805,-89.793945,4.404,0.8465,MLc,0.095,153,6,0.0232,0.0286,
eslv2026uwcdoqaj,ohdd2026ohi7k7hf,hypodd,ohyp2026bowml4x3,2025-10-02T06:06:01.840000Z,14.053961,-89.820158,7.547,2.5041,MLc,0.365,143,16,0.0393,0.0469,
eslv2026hlcvseai,ohdd2026rai2o4yo,hypodd,ohyp2026cmxz7fpw,2025-10-02T06:21:49.880000Z,14.051003,-89.820345,6.721,2.1201,MLc,0.229,138,14,0.0304,0.0381,
eslv2026twdxsnpo,ohdd2026c6cb7xxi,hypodd,ohyp202634fn4dqx,2025-10-02T06:53:22.570000Z,14.047149,-89.825773,4.813,1.5451,MLc,0.167,159,11,0.0256,0.0454,
eslv2026hzet4kbe,ohdd20263ezk6lcf,hypodd,ohyp2026exibgaou,2025-10-02T07:14:28.989999Z,14.063874,-89.83042,2.667,0.3855,MLc,0.084,227,6,0.0597,0.0715,
eslv2026yqs2gxca,ohdd2026m763kfgi,hypodd,ohyp20264bj6gwah,2025-10-02T08:09:47.429999Z,14.023771,-89.882373,4.818,0.8746,MLc,0.148,211,6,0.0383,0.0259,
eslv2026ce234iae,ohdd2026dvgq3ofm,hypodd,ohyp2026kmssfrkk,2025-10-02T13:19:22.660000Z,14.077797,-89.828035,8.844,0.8361,MLc,0.158,149,6,0.0268,0.0303,
eslv2026j24u72rt,ohdd202665rjl3m3,hypodd,ohyp2026qjb4koiz,2025-10-02T18:21:41.200000Z,14.049051,-89.828833,5.53,1.8731,MLc,0.168,157,8,0.0246,0.0352,
eslv2026bjy6hjdb,ohdd20266om6l2vp,hypodd,ohyp2026ghrvwh44,2025-10-02T18:59:00.160000Z,14.056988,-89.821313,7.39,2.0958,MLc,0.359,194,9,0.0368,0.0367,
eslv2026mccdb36p,ohdd2026lahyqagz,hypodd,ohyp2026a3lzkp5w,2025-10-02T23:06:35.899999Z,14.095875,-89.842318,4.615,1.1552,MLc,0.299,229,6,0.0432,0.037,
eslv2026kxg4ixm2,ohdd2026gaydxyyg,hypodd,ohyp2026qdtixicn,2025-10-03T01:43:43.390000Z,14.0854,-89.844092,6.645,1.643,MLc,0.119,162,9,0.0255,0.0282,
eslv20263jb636sh,ohdd2026ctu2h62d,hypodd,ohyp2026fopfudab,2025-10-03T01:44:34.890000Z,14.087349,-89.846322,7.065,1.2359,MLc,0.101,160,6,0.0211,0.0229,
eslv20262o6xxlpx,ohdd2026fm7xw6sk,hypodd,ohyp2026y4ueba7j,2025-10-03T03:16:03.299999Z,14.049057,-89.825789,6.706,1.6543,MLc,0.124,157,8,0.0267,0.0319,
eslv2026u5gtrq25,ohdd2026ok4jp6kc,hypodd,ohyp2026clufxsnd,2025-10-03T06:52:44.280000Z,14.050905,-89.820508,6.931,2.6027,MLc,0.261,134,15,0.0365,0.0503,
eslv2026lbo2y437,ohdd2026adg3cin5,hypodd,ohyp2026qsvh2akf,2025-10-03T12:25:52.119999Z,14.079197,-89.824959,8.16,1.8869,MLc,0.143,161,11,0.0251,0.03,
eslv2026sdqzzb76,ohdd20262bej4ttu,hypodd,ohyp2026bp3zoygc,2025-10-03T17:17:31.839999Z,14.082252,-89.857031,5.577,1.3577,MLc,0.15,155,7,0.0371,0.0384,
eslv2026hx3golwa,ohdd2026bbxcihok,hypodd,ohyp2026eh3v37qo,2025-10-03T17:26:10.279999Z,14.072856,-89.857609,4.565,1.3916,MLc,0.221,144,6,0.0245,0.029,
eslv202645fncetl,ohdd2026bnbh4f4h,hypodd,ohyp2026jguzpjye,2025-10-03T17:26:59.439999Z,14.075779,-89.865706,5.214,1.8388,MLc,0.223,142,8,0.0385,0.0329,
eslv2026ehhclfnm,ohdd2026quyxz7tc,hypodd,ohyp2026mryzc4ck,2025-10-03T18:10:26.440000Z,14.070965,-89.816471,15.969,1.373,MLc,0.144,140,6,0.0455,0.036,
eslv2026xfarbdpm,ohdd2026wb5h2lti,hypodd,ohyp2026pfl5rpwr,2025-10-04T03:05:39.270000Z,14.0781,-89.829508,8.845,1.2401,MLc,0.212,154,6,0.0398,0.03,
eslv2026363mnplu,ohdd202672vgp5tz,hypodd,ohyp2026yhrx3tnw,2025-10-04T03:55:28.559999Z,13.829451,-89.775171,5.023,1.8588,MLc,0.217,208,11,0.0258,0.0214,
eslv2026h35bd7rl,ohdd2026llardita,hypodd,ohyp2026a3b5dre3,2025-10-04T05:18:12.550000Z,14.104605,-89.865991,6.701,1.4274,MLc,0.191,282,10,0.0415,0.0288,
eslv2026mfs3umu4,ohdd20263ha62jkf,hypodd,ohyp2026g2wpdsyk,2025-10-04T05:23:34.700000Z,14.117571,-89.863411,5.384,0.9391,MLc,0.221,281,6,0.0324,0.0341,
eslv20263qeq3hlj,ohdd2026kuvddgit,hypodd,ohyp2026mbybst3s,2025-10-04T14:23:35.210000Z,14.068301,-89.917017,6.718,1.2899,MLc,0.177,292,7,0.0707,0.0847,
eslv2026l55sgsmq,ohdd20265i6u5ouo,hypodd,ohyp2026sywdxg7y,2025-10-04T14:32:00.330000Z,14.048081,-89.826066,5.613,2.1642,MLc,0.16,163,8,0.0262,0.0373,
eslv202662w4n6up,ohdd2026ttt5bujg,hypodd,ohyp2026ddy2jf4l,2025-10-04T15:06:43.359999Z,14.013716,-89.787915,8.15,1.453,MLc,0.19,135,6,0.0249,0.0208,
eslv2026hy35l3sk,ohdd2026dyvfyyeu,hypodd,ohyp2026johmpfl2,2025-10-04T16:58:21.839999Z,14.012719,-89.788623,8.69,2.2425,MLc,0.16,137,11,0.0166,0.0262,
eslv2026zi4m6fds,ohdd2026kswem7qd,hypodd,ohyp2026veer62dd,2025-10-05T02:25:59.609999Z,14.1035,-89.864006,6.283,2.7123,MLc,0.219,277,13,0.0357,0.0261,
eslv20265ttsxo4a,ohdd2026qn4vdhwb,hypodd,ohyp2026bbeyoewx,2025-10-05T02:34:45.810000Z,14.091454,-89.819914,5.216,1.1944,MLc,0.372,265,6,0.0416,0.0481,
eslv2026ob7g5h24,ohdd2026fheiqqka,hypodd,ohyp2026hyurf4e5,2025-10-05T03:07:56.479999Z,14.103365,-89.86272,6.519,1.9195,MLc,0.173,329,9,0.0442,0.0277,
eslv2026uog5r6pu,ohdd2026senki35c,hypodd,ohyp2026tkuq4ngc,2025-10-05T03:35:06.080000Z,14.104166,-89.862736,6.525,2.3261,MLc,0.194,292,12,0.0344,0.0234,
eslv2026qp5t73zv,ohdd2026rhp3uzgg,hypodd,ohyp2026udny5fix,2025-10-05T03:48:37.079999Z,14.090689,-89.893042,9.367,1.4269,MLc,0.309,292,7,0.0432,0.0355,
eslv202666igo55t,ohdd2026hekskebe,hypodd,ohyp2026fifalztm,2025-10-05T04:00:20.050000Z,14.106713,-89.861963,6.573,1.6986,MLc,0.22,329,7,0.0342,0.0241,
eslv2026vemavhgs,ohdd2026dyvwx7mk,hypodd,ohyp20264xi3tpu3,2025-10-05T04:17:45.840000Z,14.102397,-89.87819,5.913,1.6509,MLc,0.228,295,7,0.0331,0.034,
eslv2026zrf4nfme,ohdd2026ywkhg5r6,hypodd,ohyp2026dojpftww,2025-10-05T17:05:12.320000Z,14.013019,-89.792708,8.026,1.8259,MLc,0.22,141,9,0.0376,0.0476,
eslv2026z45u5jyz,ohdd2026tqckjick,hypodd,ohyp2026izoljrco,2025-10-06T03:03:11.330000Z,14.078014,-89.823177,7.57,1.842,MLc,0.2,154,14,0.0315,0.0323,
eslv2026tkk2vugf,ohdd2026o6sx36zu,hypodd,ohyp2026fo57vz5s,2025-10-06T05:52:58.490000Z,14.043274,-89.82522,6.325,1.1351,MLc,0.109,156,8,0.0251,0.0233,
eslv2026liwhmnxi,ohdd20263p4ncpvk,hypodd,ohyp2026rneyjsn5,2025-10-06T06:20:24.660000Z,14.079796,-89.830859,9.863,0.4708,MLc,0.184,160,6,0.0305,0.0367,
eslv2026hm3u4yzu,ohdd20262t3pdn7c,hypodd,ohyp2026uik5vbvs,2025-10-06T14:46:54.500000Z,14.101577,-89.872412,5.66,1.7311,MLc,0.177,295,7,0.0299,0.0288,
eslv2026rrerzey2,ohdd2026pthiwfun,hypodd,ohyp2026olefropo,2025-10-06T23:28:10.019999Z,14.041251,-89.819865,4.497,0.795,MLc,0.239,131,7,0.0628,0.0499,
eslv2026a4fxy3ex,ohdd2026if76outx,hypodd,ohyp2026hbwqvxnh,2025-10-07T01:54:06.200000Z,14.054005,-89.828003,5.134,1.6231,MLc,0.142,150,6,0.0214,0.0358,
eslv20266gomnu3t,ohdd20265si67qag,hypodd,ohyp2026jcmf6leh,2025-10-07T01:54:34.570000Z,14.051181,-89.821818,4.617,1.5599,MLc,0.087,147,6,0.0195,0.0211,
eslv2026e4bjloxe,ohdd2026flpchgth,hypodd,ohyp20266ofiei5o,2025-10-07T08:58:51.929999Z,14.053514,-89.822852,8.282,1.239,MLc,0.177,158,9,0.0264,0.0281,
eslv2026ohhbr54w,ohdd2026qleenu2t,hypodd,ohyp2026evg3ylgn,2025-10-08T07:20:17.730000Z,14.052333,-89.827677,4.152,1.2406,MLc,0.149,159,9,0.0342,0.028,
eslv2026nzv5nrql,ohdd2026b5weac7u,hypodd,ohyp20266hbrxrq3,2025-10-08T08:27:37.570000Z,14.078071,-89.832788,6.549,0.9918,MLc,0.247,140,6,0.0269,0.0345,
eslv2026vs2t6q3d,ohdd2026whrqhwti,hypodd,ohyp20266z6ji2u7,2025-10-08T08:45:42.909999Z,14.105796,-89.865422,6.778,1.3709,MLc,0.208,272,6,0.035,0.0266,
eslv2026xp6tug4n,ohdd20264gpxgjmv,hypodd,ohyp2026mizrzfvt,2025-10-08T08:46:12.019999Z,14.107388,-89.862256,6.262,1.8277,MLc,0.209,273,14,0.0298,0.0329,
eslv2026hkdv2mzf,ohdd2026bx744k2s,hypodd,ohyp2026z5xjicbl,2025-10-08T08:50:41.869999Z,14.046163,-89.81591,4.323,0.7732,MLc,0.168,139,7,0.0312,0.0334,
eslv20266bpncxzz,ohdd20262mwkz3ai,hypodd,ohyp2026oz6e3kdw,2025-10-08T09:06:44.170000Z,14.106527,-89.858276,6.511,1.7755,MLc,0.226,278,10,0.0449,0.0323,
eslv2026i2zcn4kj,ohdd2026gd2tm6xt,hypodd,ohyp2026oxgjlznv,2025-10-08T09:08:34.590000Z,14.111935,-89.888053,6.453,1.3562,MLc,0.328,345,7,0.0116,0.0143,
eslv2026aaysmkwy,ohdd2026dur34bom,hypodd,ohyp2026fnfiguh6,2025-10-08T09:18:48.810000Z,14.106723,-89.863208,6.606,1.4758,MLc,0.16,282,8,0.0352,0.025,
eslv2026fnn4nvhl,ohdd2026m3jj5pmm,hypodd,ohyp2026eao2pkb6,2025-10-08T09:33:25.690000Z,14.071472,-89.92902,6.367,1.044,MLc,0.16,296,7,0.195,0.2473,
eslv2026zywouhn2,ohdd2026cewt27s5,hypodd,ohyp2026z6wij6ft,2025-10-08T10:01:47.280000Z,14.07454,-89.932072,7.293,0.9683,MLc,0.235,300,7,0.1926,0.2351,
eslv2026rauck4d6,ohdd2026vpswp4l2,hypodd,ohyp20262if2nitu,2025-10-08T10:34:33.219999Z,14.051884,-89.821615,8.212,1.6994,MLc,0.147,141,10,0.0232,0.0274,
eslv2026mjjupoks,ohdd2026kgufgywc,hypodd,ohyp2026sbtsdgf3,2025-10-08T19:24:35.579999Z,14.10254,-89.846045,9.681,1.0562,MLc,0.302,217,6,0.0521,0.0673,
eslv2026traqgqfn,ohdd2026oidnsn3c,hypodd,ohyp2026hvqnbna3,2025-10-10T05:47:05.780000Z,14.045502,-89.827905,8.845,1.0111,MLc,0.216,164,7,0.0296,0.0266,
eslv2026szugmpz5,ohdd2026lenoyxah,hypodd,ohyp2026cqdhnf57,2025-10-10T12:58:47.170000Z,14.101543,-89.883341,6.994,1.0366,MLc,0.385,262,6,0.0421,0.0317,
eslv2026r2osta55,ohdd2026kbbh4mgw,hypodd,ohyp2026b4xk3x7o,2025-10-10T15:02:36.560000Z,14.104311,-89.860612,6.815,1.5861,MLc,0.133,239,7,0.0317,0.0282,
eslv2026yjwiewyk,ohdd2026scaetf3o,hypodd,ohyp2026ilft5jkc,2025-10-10T18:46:25.859999Z,13.870817,-89.714575,5.736,1.3937,MLc,0.141,186,6,0.0355,0.0415,
eslv2026v2dwmauc,ohdd2026hnklbvbd,hypodd,ohyp2026sqp6obkc,2025-10-11T03:41:25.609999Z,13.916176,-89.799341,2.396,1.5216,MLc,0.35,199,9,0.0277,0.0387,
eslv2026z2kiohol,ohdd2026gbqjgnam,hypodd,ohyp2026yvrpuxky,2025-10-11T04:21:16.500000Z,13.844865,-89.758032,9.543,1.7297,MLc,0.224,197,11,0.0504,0.0479,
eslv2026sposxhoh,ohdd2026xcea4mkp,hypodd,ohyp2026twojjcpg,2025-10-11T09:31:30.809999Z,14.083314,-89.839543,6.101,1.4528,MLc,0.223,173,8,0.0318,0.0355,
eslv2026wxbfqqfa,ohdd2026ceohuu5p,hypodd,ohyp2026jaojejqu,2025-10-11T09:48:36.710000Z,14.092144,-89.846842,6.017,1.5065,MLc,0.203,189,8,0.0391,0.0423,
eslv2026bk5cv57t,ohdd2026jplhdmbr,hypodd,ohyp2026l67hbgme,2025-10-11T11:00:45.780000Z,14.09263,-89.847656,5.795,2.465,MLc,0.171,199,15,0.0308,0.0368,
eslv2026yadns4gi,ohdd2026pebadgzd,hypodd,ohyp2026aszhcnzv,2025-10-11T13:18:57.189999Z,14.053797,-89.912207,2.698,1.5411,MLc,0.266,270,6,0.0213,0.0282,
eslv2026lplhms32,ohdd20263nivv4hc,hypodd,ohyp20263gxmcczm,2025-10-11T14:27:02.759999Z,14.086348,-89.731722,9.393,0.7343,MLc,0.108,155,6,0.1265,0.1684,
eslv2026m6ynkexn,ohdd2026fohvep4w,hypodd,ohyp2026yajwikeb,2025-10-11T18:13:50.079999Z,14.085133,-89.840063,7.396,1.8846,MLc,0.158,152,10,0.0277,0.0281,
eslv2026tkvkgo6k,ohdd2026m3f6odo4,hypodd,ohyp2026samlg6ue,2025-10-12T09:22:45.090000Z,14.077643,-89.825252,7.58,1.1171,MLc,0.171,155,7,0.0327,0.0398,
eslv2026envuesw2,ohdd2026mmjd36tq,hypodd,ohyp2026k5l2lavd,2025-10-14T07:40:33.530000Z,14.043107,-89.825464,7.134,0.9966,MLc,0.135,160,8,0.0251,0.0297,
eslv2026qw7o6n5f,ohdd2026qvli5ar4,hypodd,ohyp2026bktr3tqv,2025-10-14T14:42:57.659999Z,14.08085,-89.825244,8.471,1.6066,MLc,0.118,164,7,0.0265,0.0271,
eslv2026m76lsu26,ohdd2026j5rrjftm,hypodd,ohyp20262uumgrzy,2025-10-14T14:44:11.740000Z,14.080701,-89.825326,8.501,1.7924,MLc,0.078,164,8,0.0258,0.0315,
eslv20266toracqm,ohdd2026rnm2a5mv,hypodd,ohyp2026afr3qai6,2025-10-14T16:47:11.410000Z,14.046241,-89.813314,6.568,2.0155,MLc,0.131,142,14,0.0277,0.025,
eslv20265hgxjwtg,ohdd2026zdquc5yl,hypodd,ohyp2026r2ofruu3,2025-10-14T16:52:27.129999Z,14.043361,-89.80909,4.747,1.1949,MLc,0.173,133,6,0.0374,0.0384,
eslv2026z5brhsmv,ohdd2026ujizidnq,hypodd,ohyp20265ih3iuqg,2025-10-14T20:42:23.559999Z,14.076825,-89.842171,6.287,1.6245,MLc,0.142,149,6,0.0321,0.0256,
eslv2026bsisiowx,ohdd2026sjlx7eyn,hypodd,ohyp2026nxqamf6o,2025-10-14T22:47:24.719999Z,14.088711,-89.739233,10.386,1.8478,MLc,0.168,155,10,0.286,0.2733,
eslv2026rk3u4nmr,ohdd2026pein6rus,hypodd,ohyp2026ql5i2lo5,2025-10-14T22:48:32.079999Z,14.09031,-89.739339,11.143,1.5268,MLc,0.143,161,10,0.2024,0.2659,
eslv2026fvqsyawz,ohdd2026jurj7lxw,hypodd,ohyp2026kn7d5ajv,2025-10-14T23:16:26.559999Z,14.085338,-89.736816,9.112,1.1172,MLc,0.148,150,7,0.2845,0.2198,
eslv20267xze3yns,ohdd2026paapx32w,hypodd,ohyp2026hbjb36xd,2025-10-15T00:49:39.689999Z,14.073394,-89.856649,4.497,1.629,MLc,0.179,153,8,0.0321,0.025,
eslv20265pjlim2y,ohdd2026epxrnwta,hypodd,ohyp2026aosbddar,2025-10-15T06:37:34.179999Z,14.042798,-89.828141,6.409,1.7428,MLc,0.147,162,12,0.0287,0.0433,
eslv2026f343rnjm,ohdd2026fqebrv4d,hypodd,ohyp2026l3qouv7g,2025-10-15T07:58:11.769999Z,14.086252,-89.816138,5.618,0.975,MLc,0.202,163,7,0.0411,0.0462,
eslv2026gmkkyjmk,ohdd2026zurzacyt,hypodd,ohyp2026apckffdr,2025-10-15T10:28:55.399999Z,13.91737,-89.799438,2.103,1.2185,MLc,0.228,241,7,0.017,0.0251,
eslv2026lfhxi6ww,ohdd2026stkcjvkd,hypodd,ohyp20266ivsftxl,2025-10-15T11:53:05.769999Z,14.083524,-89.842578,6.464,1.4679,MLc,0.117,141,6,0.023,0.0268,
eslv2026k6jpj3yz,ohdd2026bidwsmfx,hypodd,ohyp20262h5qbc3w,2025-10-16T03:00:02.899999Z,14.049305,-89.823527,7.352,1.3748,MLc,0.151,163,6,0.0265,0.0234,
eslv20265556nzue,ohdd2026rwockecs,hypodd,ohyp20265xg7qfp5,2025-10-16T11:00:03.060000Z,14.08158,-89.82526,8.714,1.4245,MLc,0.131,157,8,0.0253,0.03,
eslv2026f5kxcsb5,ohdd2026pyiu2zum,hypodd,ohyp2026qx3j2n2o,2025-10-16T11:03:09.509999Z,14.081673,-89.824186,8.558,1.3706,MLc,0.076,163,6,0.0255,0.0279,
eslv2026rmcqblum,ohdd2026mfpxletx,hypodd,ohyp2026h5jdgzsh,2025-10-16T13:26:36.259999Z,14.074746,-89.780859,12.079,0.8307,MLc,0.214,198,6,0.0768,0.0566,
eslv20264zfagygm,ohdd2026aaaj73nn,hypodd,ohyp2026t6vr2a2r,2025-10-16T14:48:28.160000Z,14.081092,-89.826652,9.413,1.0984,MLc,0.159,149,6,0.025,0.0306,
eslv2026w3pnuvyo,ohdd2026wyokgrfy,hypodd,ohyp2026rc4nu3bd,2025-10-16T18:26:54.320000Z,14.065721,-89.841064,11.611,2.4366,MLc,0.077,206,6,0.0815,0.0726,
eslv2026aahvatg2,ohdd2026q64a675s,hypodd,ohyp202633xvf32x,2025-10-17T06:20:43.740000Z,14.045289,-89.827026,6.234,0.9849,MLc,0.286,198,6,0.0268,0.0304,
eslv2026wdf2vruw,ohdd2026sxpdar6g,hypodd,ohyp20262dclj6gu,2025-10-17T09:29:05.919999Z,14.006801,-89.809937,7.079,0.6252,MLc,0.299,171,6,0.0238,0.0255,
eslv2026652lgq54,ohdd2026vv4mu7me,hypodd,ohyp2026c7fy36w5,2025-10-17T09:31:39.229999Z,14.011286,-89.793864,4.702,0.94,MLc,0.171,165,7,0.0559,0.0419,
eslv2026vuof37qp,ohdd2026rgq7u3ly,hypodd,ohyp2026my6posi6,2025-10-18T06:20:00.210000Z,13.87734,-89.776579,5.431,0.8663,MLc,0.23,231,7,0.0383,0.0243,
eslv2026abl2gxxf,ohdd2026ovod5xbv,hypodd,ohyp2026zh6uoijp,2025-10-18T08:05:58.929999Z,13.82954,-89.773397,5.33,1.8004,MLc,0.21,217,12,0.0139,0.0311,
eslv2026piwthtnm,ohdd202634erxrfs,hypodd,ohyp202636jmwnxb,2025-10-18T10:47:45.659999Z,13.829937,-89.772746,4.942,2.3441,MLc,0.123,210,12,0.0162,0.0176,
eslv2026gsvtjz6i,ohdd2026lo3wwzj7,hypodd,ohyp2026z2hhnar7,2025-10-18T21:09:26.039999Z,13.843561,-89.775562,2.31,1.2541,MLc,0.081,260,6,0.0574,0.0399,
eslv2026my532kgu,ohdd2026un7u7pzq,hypodd,ohyp2026356pnsf7,2025-10-19T03:17:24.239999Z,14.087564,-89.848519,6.644,2.1687,MLc,0.146,188,13,0.0266,0.0335,
eslv2026psh27h4o,ohdd2026hrijppcx,hypodd,ohyp2026xmdireng,2025-10-19T03:18:31.079999Z,14.097844,-89.856942,6.529,3.3354,MLc,0.147,209,14,0.0313,0.028,
eslv2026pvmsnrem,ohdd2026u6wwiczx,hypodd,ohyp2026ggdnrmwe,2025-10-19T03:27:18.699999Z,14.102149,-89.854631,6.819,1.7763,MLc,0.174,207,9,0.0304,0.0281,
eslv2026fzy22sfl,ohdd2026aqym3hvv,hypodd,ohyp2026bnbrty5z,2025-10-19T03:32:12.210000Z,14.101212,-89.859383,6.346,2.3392,MLc,0.172,288,12,0.033,0.0223,
eslv2026mkd6qat7,ohdd2026kf2vhwad,hypodd,ohyp2026zmqwxtmq,2025-10-19T03:33:28.609999Z,14.100039,-89.857202,6.498,3.0613,MLc,0.153,232,15,0.0298,0.0261,
eslv2026ouhsm2v3,ohdd20267mzf2flf,hypodd,ohyp2026guzyvsz2,2025-10-19T03:34:07.269999Z,14.100556,-89.853662,6.086,2.4897,MLc,0.292,273,11,0.0407,0.0372,
eslv20263xt4cr4e,ohdd2026x2pmfgy3,hypodd,ohyp2026ghlmkhkf,2025-10-19T03:40:49.829999Z,14.101255,-89.855143,6.122,1.9199,MLc,0.105,223,8,0.0285,0.0298,
eslv2026ovs3jhew,ohdd2026qkpgg2zz,hypodd,ohyp2026zntvsxxr,2025-10-19T03:42:04.900000Z,14.10126,-89.859757,6.33,2.4237,MLc,0.153,244,13,0.0297,0.0236,
eslv2026oq2wfcrb,ohdd2026tjacxrum,hypodd,ohyp2026uanxp6pu,2025-10-19T04:02:40.670000Z,14.103323,-89.805265,3.658,0.334,MLc,0.016,257,6,0.0069,0.0087,
eslv2026a5fborbg,ohdd2026i5znksgr,hypodd,ohyp2026uts7grfi,2025-10-19T04:05:14.390000Z,14.077561,-89.830924,5.036,1.3793,MLc,0.199,168,8,0.0263,0.0283,
eslv2026ta2eunsb,ohdd20267wynkfoy,hypodd,ohyp2026pvxtevft,2025-10-19T04:06:10.710000Z,14.077684,-89.833618,5.391,1.3659,MLc,0.231,164,8,0.0273,0.0553,
eslv2026rinqrrao,ohdd2026rpjzhken,hypodd,ohyp2026eszwa7mq,2025-10-19T04:13:07.160000Z,14.103292,-89.858545,6.789,1.4474,MLc,0.118,228,6,0.0327,0.0284,
eslv2026cahc4ai6,ohdd2026lgcgpggx,hypodd,ohyp2026fcisvg3x,2025-10-19T04:17:51.869999Z,14.085626,-89.842896,6.243,0.8547,MLc,0.088,187,7,0.0259,0.0267,
eslv2026uo6lderg,ohdd2026yjzwvugv,hypodd,ohyp2026ck7737dc,2025-10-19T04:21:23.179999Z,14.106108,-89.860343,6.813,0.9649,MLc,0.17,259,6,0.0318,0.0238,
eslv2026sd7hcenk,ohdd2026wjlzebpo,hypodd,ohyp2026bonbb63s,2025-10-19T04:28:05.209999Z,13.829238,-89.774601,4.958,1.5607,MLc,0.168,212,12,0.0137,0.0147,
eslv20267fzpi5gh,ohdd2026se6o6f7f,hypodd,ohyp2026x6wi6lgv,2025-10-19T05:04:09.710000Z,14.100683,-89.858602,6.424,2.1096,MLc,0.12,233,10,0.0296,0.0262,
eslv2026nw4l7ofn,ohdd2026gd5ib3zz,hypodd,ohyp2026mlcydg3g,2025-10-19T05:04:50.320000Z,14.100275,-89.859318,6.471,1.9395,MLc,0.132,230,11,0.0299,0.0248,
eslv20262qaposad,ohdd20266qv2c2pp,hypodd,ohyp202645bmkwmx,2025-10-19T05:15:40.549999Z,13.831645,-89.768555,7.409,1.0303,MLc,0.357,251,6,0.0356,0.0259,
eslv2026rxbdu45g,ohdd2026wn2d2bza,hypodd,ohyp202663wjk2c4,2025-10-19T05:29:45.049999Z,14.101595,-89.854818,7.059,0.774,MLc,0.218,200,6,0.0356,0.0431,
eslv2026khtpuhvn,ohdd2026ckrpeij4,hypodd,ohyp2026varvdyur,2025-10-19T05:50:47.560000Z,14.126771,-89.810522,4.534,0.5808,MLc,0.198,288,6,0.2408,0.2635,
eslv20264elaf6gr,ohdd2026p2ygynp5,hypodd,ohyp2026sv2jbnce,2025-10-19T07:13:18.559999Z,14.101898,-89.855086,6.436,1.7787,MLc,0.09,221,10,0.0297,0.0275,
eslv20266n2m2qxv,ohdd20267tysvizf,hypodd,ohyp2026c27cwgqh,2025-10-19T07:21:53.140000Z,14.053627,-89.837899,5.179,1.0923,MLc,0.245,179,7,0.0396,0.0413,
eslv2026vf4tscug,ohdd2026l7ddmytk,hypodd,ohyp2026bn7pdvn7,2025-10-19T07:59:31.070000Z,14.081601,-89.846159,6.506,1.6243,MLc,0.125,211,8,0.0255,0.0231,
eslv20264navrme4,ohdd2026gxdhm4dk,hypodd,ohyp2026qkbnnuhc,2025-10-19T08:46:36.270000Z,14.098853,-89.860189,6.598,2.132,MLc,0.136,218,13,0.0309,0.0271,
eslv2026qk3enmox,ohdd20262xj3xlmb,hypodd,ohyp2026cwoguor2,2025-10-19T15:01:17.289999Z,13.80079,-89.401807,12.966,3.0609,MLc,0.168,135,18,0.2569,0.3574,
eslv2026g4p3hev6,ohdd2026wmxbkxie,hypodd,ohyp2026r5h3ahdl,2025-10-19T17:01:48.820000Z,14.082749,-89.845199,6.437,2.5731,MLc,0.094,180,14,0.0249,0.0275,
eslv2026znfom5d3,ohdd2026crfx7wqh,hypodd,ohyp2026vttksbhq,2025-10-19T17:02:30.760000Z,14.084815,-89.845776,6.78,2.0452,MLc,0.086,171,6,0.0211,0.0274,
eslv2026pfwhsq4f,ohdd2026sp7tgevn,hypodd,ohyp2026slyphhg5,2025-10-19T17:07:42.500000Z,14.085789,-89.844564,6.514,3.1539,MLc,0.148,183,16,0.0296,0.0317,
eslv2026nilowmi5,ohdd2026ejnwcek7,hypodd,ohyp20267fjpejty,2025-10-19T17:08:54.359999Z,14.085386,-89.846012,6.902,2.1957,MLc,0.202,199,6,0.0381,0.028,
eslv2026bwb26o7v,ohdd2026j2fqxhgc,hypodd,ohyp2026gukzbjor,2025-10-19T17:10:30.320000Z,14.066007,-89.848242,7.767,1.4293,MLc,0.143,150,6,0.0303,0.0254,
eslv2026byppyjoz,ohdd2026xisb4pzr,hypodd,ohyp2026i5tzw2wb,2025-10-19T17:13:15.619999Z,14.083269,-89.845231,6.696,1.7795,MLc,0.109,183,8,0.0233,0.0261,
eslv2026xt5qqded,ohdd2026vr4onqrt,hypodd,ohyp2026yuugtjw6,2025-10-19T17:25:28.399999Z,14.08374,-89.847282,6.821,1.5305,MLc,0.169,190,8,0.0264,0.0292,
eslv20266qiinkag,ohdd20265o3g2fwg,hypodd,ohyp2026ds7mewzo,2025-10-19T17:27:22.079999Z,14.090371,-89.85293,8.089,2.0486,MLc,0.073,187,6,0.033,0.0383,
eslv2026nwmutarq,ohdd2026uy7gat4f,hypodd,ohyp20267jxzak6d,2025-10-19T17:41:32.280000Z,14.083765,-89.845158,6.485,1.8426,MLc,0.092,172,9,0.0234,0.0286,
eslv2026qhedgc2o,ohdd2026vjzezg66,hypodd,ohyp20266dyswbi2,2025-10-19T17:59:09.259999Z,14.109538,-89.824544,3.942,2.2773,MLc,0.249,243,12,0.035,0.0335,
eslv2026352fgbky,ohdd2026pnnve5tz,hypodd,ohyp2026fhxre6gv,2025-10-19T18:00:24.780000Z,14.091774,-89.799121,1.128,2.3754,MLc,0.212,182,6,0.0101,0.0226,
eslv2026cutxrtqg,ohdd2026rvgsuw6q,hypodd,ohyp2026odyuj2vl,2025-10-19T18:23:51.719999Z,14.125885,-89.84668,5.003,1.644,MLc,0.149,346,6,0.0364,0.0342,
eslv2026ltgmzqdb,ohdd2026qsr6mn6w,hypodd,ohyp2026rrjaihmo,2025-10-19T18:33:45.119999Z,14.08277,-89.845589,6.182,3.2932,MLc,0.213,180,16,0.0273,0.0314,
eslv2026yznjhkjo,ohdd2026goxx26hm,hypodd,ohyp20266h7ypaoh,2025-10-19T18:35:23.320000Z,14.082644,-89.841504,6.424,1.7035,MLc,0.101,151,8,0.0244,0.0283,
eslv2026qd6yqevv,ohdd2026sdknbdnf,hypodd,ohyp20262anhl3g3,2025-10-19T18:38:34.179999Z,13.887418,-89.764111,8.038,1.6253,MLc,0.446,195,9,0.0508,0.0423,
eslv2026m7jwzj46,ohdd2026ndthkfdc,hypodd,ohyp2026i23d43jl,2025-10-19T18:39:57.880000Z,14.084917,-89.844678,6.809,1.4667,MLc,0.127,167,10,0.0226,0.0221,
eslv2026zswpdhjg,ohdd2026yhvrdb5c,hypodd,ohyp2026cuch3qqw,2025-10-19T18:49:04.519999Z,14.086798,-89.84576,6.737,1.118,MLc,0.163,185,10,0.0284,0.028,
eslv2026qirqac4s,ohdd20264p4fm4xi,hypodd,ohyp2026v22vjvms,2025-10-19T18:50:56.799999Z,14.083433,-89.843693,6.617,1.8693,MLc,0.099,150,7,0.0209,0.0237,
eslv2026jwoastlv,ohdd2026qceox7z3,hypodd,ohyp20262th7zjv2,2025-10-19T19:11:23.260000Z,14.082689,-89.842424,6.332,1.2482,MLc,0.109,149,7,0.0221,0.0239,
eslv20263euc7cyk,ohdd20266ctlmwf2,hypodd,ohyp2026whipouo6,2025-10-19T19:35:42.200000Z,14.082882,-89.844312,6.431,2.0064,MLc,0.087,152,11,0.0225,0.0245,
eslv2026yspcvocm,ohdd202676pne4zw,hypodd,ohyp20263pc332jb,2025-10-19T19:39:36.560000Z,14.083782,-89.84362,6.68,1.5482,MLc,0.116,145,6,0.0235,0.0237,
eslv2026veujqsse,ohdd2026irrog4ls,hypodd,ohyp2026xptlcskh,2025-10-19T19:45:10.839999Z,14.100655,-89.856738,6.491,2.1416,MLc,0.125,215,6,0.0313,0.0312,
eslv20264ehoo3lw,ohdd2026rknkpvxb,hypodd,ohyp2026vu5vebyo,2025-10-19T20:15:14.800000Z,14.08573,-89.844971,6.789,1.6027,MLc,0.125,191,9,0.0258,0.0283,
eslv2026bmqmc3ze,ohdd2026xcobdgus,hypodd,ohyp2026edkqplve,2025-10-19T20:32:11.679999Z,14.084966,-89.846712,6.868,1.8734,MLc,0.119,158,9,0.0245,0.0236,
eslv2026ilkhdt3y,ohdd2026mw3bjw2f,hypodd,ohyp2026qu5gxryd,2025-10-19T21:46:35.039999Z,14.085267,-89.843717,6.731,2.1335,MLc,0.082,159,6,0.0204,0.0235,
eslv2026z3wftxqn,ohdd2026uesr2pea,hypodd,ohyp20263flacugq,2025-10-19T22:55:56.640000Z,14.077492,-89.836442,6.461,1.5233,MLc,0.161,143,6,0.0297,0.0421,
eslv2026gmfmbvkj,ohdd2026dsqnqod4,hypodd,ohyp2026vu5l426l,2025-10-19T23:09:25.879999Z,14.084617,-89.830916,6.229,1.8922,MLc,0.005,274,6,0.0098,0.0127,
eslv2026j7tkkkr3,ohdd2026463opbhu,hypodd,ohyp2026chme2twv,2025-10-19T23:44:21.359999Z,14.078557,-89.834318,4.798,0.8837,MLc,0.272,159,6,0.0201,0.0261,
eslv2026fgj42bub,ohdd2026xynhbgth,hypodd,ohyp2026oa56wkjc,2025-10-20T00:51:17.429999Z,14.086518,-89.855168,6.064,0.872,MLc,0.193,174,6,0.036,0.0356,
eslv2026ztme3cnj,ohdd202627lo4jm5,hypodd,ohyp2026f3jmtypo,2025-10-20T02:03:48.549999Z,14.082885,-89.843986,6.375,3.6405,MLc,0.213,189,17,0.0295,0.0404,
eslv2026hilictpn,ohdd2026jixbm2qk,hypodd,ohyp2026xjt4scnj,2025-10-20T02:05:44.679999Z,14.085033,-89.84292,6.568,1.5055,MLc,0.096,163,6,0.0216,0.0232,
eslv2026bydaxom3,ohdd20267qzj4dic,hypodd,ohyp2026cwtjrcs5,2025-10-20T02:05:55.280000Z,14.102415,-89.855168,6.836,2.027,MLc,0.201,204,10,0.0345,0.0301,
eslv2026cahu3ncq,ohdd20266xicifys,hypodd,ohyp2026ksslj4t4,2025-10-20T02:06:56.539999Z,14.085656,-89.846549,6.428,1.8045,MLc,0.092,151,8,0.0287,0.038,
eslv2026pyjzecny,ohdd20265tbb6xno,hypodd,ohyp2026smf4mfuf,2025-10-20T02:16:25.010000Z,14.081518,-89.843262,6.186,1.7072,MLc,0.125,170,7,0.024,0.0242,
eslv2026fmiqonjp,ohdd2026tihwidgz,hypodd,ohyp2026r2pqntyi,2025-10-20T02:21:56.670000Z,14.087302,-89.843693,6.719,1.2232,MLc,0.16,189,6,0.0343,0.0251,
eslv20266yb6kwsj,ohdd20267pglpo7m,hypodd,ohyp2026pewhcljk,2025-10-20T02:25:03.049999Z,14.085591,-89.844946,6.682,1.6644,MLc,0.107,167,8,0.0225,0.0244,
eslv2026iwnqcz3r,ohdd2026hcba6zhh,hypodd,ohyp2026btkkcq3e,2025-10-20T02:25:23.550000Z,14.100476,-89.85577,6.808,1.4434,MLc,0.185,210,6,0.0581,0.0378,
eslv2026z5v75zsa,ohdd2026zpvamb3f,hypodd,ohyp2026xizojmv5,2025-10-20T02:25:52.240000Z,14.089497,-89.847892,6.966,0.7674,MLc,0.184,188,7,0.0255,0.0206,
eslv2026pqarwufg,ohdd2026ji3dlkkp,hypodd,ohyp2026rfjl5na2,2025-10-20T02:27:18.910000Z,14.092161,-89.84729,6.907,0.3779,MLc,0.193,196,6,0.0292,0.021,
eslv2026cnwh6uu2,ohdd2026pfisrucu,hypodd,ohyp2026sqougcbn,2025-10-20T02:28:30.500000Z,14.083109,-89.843368,6.358,1.8258,MLc,0.084,167,8,0.0231,0.0263,
eslv2026nnpctuzy,ohdd2026pklyqii2,hypodd,ohyp2026lj2xush7,2025-10-20T02:44:00.240000Z,14.082833,-89.845833,6.659,2.0639,MLc,0.093,171,12,0.0223,0.0218,
eslv2026ijyrtdmr,ohdd2026q3q5hp64,hypodd,ohyp2026alb3yo2e,2025-10-20T02:46:10.699999Z,14.079242,-89.819775,3.788,0.3821,MLc,0.201,240,6,0.0406,0.0446,
eslv2026b4ksnyw4,ohdd2026rnxgfjhk,hypodd,ohyp2026lejv25b5,2025-10-20T03:03:20.219999Z,14.08324,-89.845174,6.584,2.356,MLc,0.094,172,15,0.0214,0.0262,
eslv2026cjimfcnt,ohdd2026pnwfz3zs,hypodd,ohyp2026uj6rkecc,2025-10-20T03:06:09.449999Z,14.084991,-89.843612,6.461,1.4419,MLc,0.09,156,6,0.0258,0.0273,
eslv2026urn3ffcc,ohdd2026mgbcu4qx,hypodd,ohyp2026fvj5gbet,2025-10-20T03:33:11.849999Z,14.08339,-89.843905,6.321,1.8808,MLc,0.097,162,14,0.0232,0.0275,
eslv2026fzca7dkz,ohdd2026kdnqnlpo,hypodd,ohyp2026fiu3c3at,2025-10-20T03:36:55.820000Z,14.084949,-89.844255,6.698,1.4843,MLc,0.208,193,7,0.0281,0.0239,
eslv2026epd7fwm5,ohdd2026iz5funyh,hypodd,ohyp20267qaonefd,2025-10-20T04:04:56.060000Z,14.083533,-89.842358,6.421,1.9097,MLc,0.081,155,10,0.0246,0.0246,
eslv2026nhra3bik,ohdd20266oh5ruti,hypodd,ohyp2026qlkfbvzm,2025-10-20T04:06:16.600000Z,14.097614,-89.858927,6.68,1.363,MLc,0.226,271,6,0.0452,0.0277,
eslv2026xkfehjbv,ohdd2026jrnxlzsy,hypodd,ohyp2026wx7wyr6o,2025-10-20T04:17:58.939999Z,14.061151,-89.894466,3.915,1.0826,MLc,0.398,270,6,0.0316,0.0281,
eslv202666inysrj,ohdd2026t5lynqky,hypodd,ohyp2026ovxw5wtf,2025-10-20T04:27:18.410000Z,14.099863,-89.855086,6.437,1.8562,MLc,0.193,204,13,0.0306,0.0285,
eslv20263ypnrpb7,ohdd2026dmov5lwo,hypodd,ohyp2026m7xkguar,2025-10-20T04:34:31.399999Z,14.085246,-89.845076,6.628,1.5461,MLc,0.121,167,8,0.0281,0.0234,
eslv2026luaxcpd2,ohdd2026pecond6u,hypodd,ohyp20264bo7kcbz,2025-10-20T04:51:19.179999Z,14.08524,-89.843595,6.595,1.2236,MLc,0.082,158,6,0.0223,0.0249,
eslv2026l5zpcbwe,ohdd2026wjjanxft,hypodd,ohyp20262cianfok,2025-10-20T05:06:18.859999Z,14.083431,-89.843538,6.586,1.6817,MLc,0.148,162,8,0.0245,0.0294,
eslv2026htvchsxf,ohdd202634frnhf4,hypodd,ohyp2026vie5hfyq,2025-10-20T06:10:46.520000Z,14.083327,-89.844198,6.447,0.7059,MLc,0.194,161,6,0.0241,0.0218,
eslv2026qjyeoqnr,ohdd2026rv2bzygd,hypodd,ohyp2026hxma55fx,2025-10-20T06:16:29.579999Z,14.083243,-89.845076,6.7,1.2196,MLc,0.149,154,12,0.0205,0.0243,
eslv2026vcegkzoh,ohdd20263a2kpnze,hypodd,ohyp2026w5fvcj4i,2025-10-20T07:27:00.280000Z,14.060219,-89.900724,2.736,1.5389,MLc,0.246,331,10,0.1915,0.1954,
eslv2026dtjqz66s,ohdd20265cfc7hvs,hypodd,ohyp2026avfqkydt,2025-10-20T09:00:40.640000Z,13.916561,-89.728573,6.708,0.8119,MLc,0.212,273,6,0.0265,0.0256,
eslv20263gs6ijsj,ohdd2026rstf574n,hypodd,ohyp2026qymgrlmd,2025-10-20T09:18:22.539999Z,14.085889,-89.842586,6.702,1.6706,MLc,0.098,179,6,0.0282,0.0289,
eslv2026d4qah345,ohdd2026mbv7e326,hypodd,ohyp2026mfheqadc,2025-10-20T10:23:06.160000Z,14.085344,-89.843018,6.633,1.4205,MLc,0.105,157,7,0.0249,0.0262,
eslv202662zj7wo2,ohdd2026hfyysboh,hypodd,ohyp2026thckmhya,2025-10-20T10:39:33.700000Z,14.090105,-89.884163,8.998,0.4878,MLc,0.26,346,6,0.0193,0.0171,
eslv2026w7rdtwga,ohdd20262yh6wj77,hypodd,ohyp2026hhka4e2s,2025-10-20T11:06:34.159999Z,14.083516,-89.84991,7.267,1.3741,MLc,0.202,173,6,0.0383,0.0352,
eslv2026ohzc6g44,ohdd2026aiu2jcki,hypodd,ohyp2026onhnqinx,2025-10-20T12:41:26.960000Z,14.084472,-89.843734,6.618,0.9977,MLc,0.076,144,8,0.021,0.0256,
eslv2026e3bziwop,ohdd20262nd4p72a,hypodd,ohyp2026j775jx5o,2025-10-20T21:59:54.399999Z,14.083512,-89.845662,6.361,2.2407,MLc,0.108,171,13,0.023,0.0276,
eslv2026xqeursbo,ohdd2026w2fwilxf,hypodd,ohyp2026pyu4ewua,2025-10-21T00:39:29.640000Z,14.085474,-89.841976,6.256,1.2916,MLc,0.121,150,6,0.0306,0.0297,
eslv20264i4zxhbw,ohdd2026s73d6zbw,hypodd,ohyp20266dopdmu3,2025-10-21T05:51:28.750000Z,13.871742,-89.807284,4.341,0.6951,MLc,0.305,247,8,0.0242,0.0295,
eslv20266dn7coem,ohdd20263txiubfe,hypodd,ohyp20264hivkt5i,2025-10-21T06:40:53.399999Z,13.788887,-89.463265,16.987,0.9745,MLc,0.466,328,8,0.3133,0.4195,
eslv20262cjqmds6,ohdd2026biiww2bk,hypodd,ohyp2026ub4r7ubs,2025-10-21T07:25:57.840000Z,13.878506,-89.833187,5.692,1.3381,MLc,0.315,263,10,0.0517,0.0807,
eslv2026p4563fsv,ohdd2026sikgpdte,hypodd,ohyp2026kapjbx6z,2025-10-21T08:53:07.280000Z,14.084341,-89.840804,6.328,1.6407,MLc,0.096,157,11,0.0217,0.0273,
eslv2026plzlz6t3,ohdd2026zkxltit4,hypodd,ohyp2026hvaqmqzg,2025-10-21T08:54:07.219999Z,14.08687,-89.842594,6.611,1.3757,MLc,0.085,156,10,0.0203,0.027,
eslv20264qiqgq5p,ohdd2026wra4uxhb,hypodd,ohyp2026ftbkyt3l,2025-10-21T11:17:10.390000Z,14.014323,-89.782072,9.21,1.5818,MLc,0.156,205,10,0.0233,0.0322,
eslv20264gkerca5,ohdd2026qibjqh6r,hypodd,ohyp2026pglhw2jp,2025-10-21T11:28:00.780000Z,14.044385,-89.825016,7.183,2.0805,MLc,0.128,151,12,0.0272,0.0245,
eslv20265y6ir5ar,ohdd2026uc67mxxa,hypodd,ohyp2026shr5q2t2,2025-10-21T20:07:34.560000Z,14.052584,-89.817611,8.449,2.947,MLc,0.158,140,14,0.0313,0.0256,
eslv2026s3jwtltf,ohdd2026zniei2b6,hypodd,ohyp2026cbtmitkw,2025-10-21T23:34:34.460000Z,14.08334,-89.831934,7.215,0.6522,MLc,0.129,174,6,0.0494,0.0692,
eslv20264yejbjym,ohdd2026hxfxnrrb,hypodd,ohyp2026jdclky2c,2025-10-22T02:37:41.130000Z,14.087226,-89.842464,6.443,1.3213,MLc,0.102,165,6,0.0265,0.0252,
eslv2026zkwakrkl,ohdd2026whp4ukfx,hypodd,ohyp2026l3432u3z,2025-10-22T02:56:19.300000Z,14.085939,-89.845768,7.071,1.6917,MLc,0.102,168,9,0.0232,0.0227,
eslv2026mbtialrx,ohdd2026jvnlpzly,hypodd,ohyp2026ujv3u4sh,2025-10-22T05:56:28.320000Z,14.078278,-89.823527,7.756,1.785,MLc,0.095,162,12,0.0271,0.0278,
eslv20265wwxsbix,ohdd2026jqqep3h4,hypodd,ohyp2026h6j6e7s6,2025-10-23T02:12:49.750000Z,14.069484,-89.794629,11.539,1.7842,MLc,0.161,166,6,0.0587,0.0534,
eslv2026j2756fy2,ohdd2026xqo66uub,hypodd,ohyp2026feaxbiaq,2025-10-24T05:42:50.850000Z,14.044168,-89.807821,4.666,1.4837,MLc,0.105,134,12,0.0271,0.02,
eslv2026jogcdbtr,ohdd2026mgblhamo,hypodd,ohyp2026furo6en4,2025-10-24T05:44:17.949999Z,14.046822,-89.815234,7.627,1.2887,MLc,0.141,170,6,0.0305,0.0262,
eslv2026d76opmso,ohdd2026cjuujug4,hypodd,ohyp20265to4lo2p,2025-10-24T07:57:53.789999Z,14.075601,-89.783032,7.933,1.403,MLc,0.132,166,10,0.065,0.0776,
eslv2026kxlseaqa,ohdd2026xw3y2zoa,hypodd,ohyp2026msugtf4u,2025-10-24T14:24:09.359999Z,14.009802,-89.886727,3.565,1.7602,MLc,0.141,179,7,0.0196,0.0322,
eslv2026eegk2dsu,ohdd2026cbsvv6y4,hypodd,ohyp20264gcgiojs,2025-10-24T17:01:15.119999Z,14.043051,-89.807951,3.973,1.6163,MLc,0.115,131,7,0.0296,0.0293,
eslv20262yl5pys2,ohdd20264yylzrog,hypodd,ohyp2026y2nqhh62,2025-10-24T17:48:21.460000Z,14.044202,-89.807324,4.288,1.8039,MLc,0.099,135,6,0.0287,0.029,
eslv202675zryn6u,ohdd202674lmm64s,hypodd,ohyp20264de2s7oe,2025-10-24T20:29:56.539999Z,13.896527,-89.718481,4.047,1.1619,MLc,0.16,166,10,0.0201,0.0222,
eslv2026cb7mghq6,ohdd20266xfb25y6,hypodd,ohyp2026nexhcolp,2025-10-24T23:01:53.820000Z,14.083417,-89.842912,6.214,2.0582,MLc,0.105,161,10,0.0237,0.0329,
eslv202653zm4dyb,ohdd2026zn4vf3t3,hypodd,ohyp2026olln3hit,2025-10-24T23:48:18.339999Z,14.044881,-89.807666,4.445,1.7362,MLc,0.169,142,7,0.0404,0.0429,
eslv2026p3vhgj2q,ohdd2026htisdnfd,hypodd,ohyp2026aito2kgk,2025-10-25T07:23:03.160000Z,14.085328,-89.842879,6.434,1.7656,MLc,0.093,157,13,0.0205,0.0244,
eslv2026wif6lx23,ohdd2026xf5fvcsj,hypodd,ohyp2026dwzzxkly,2025-10-25T09:43:36.090000Z,14.048604,-89.822762,8.139,1.7574,MLc,0.124,154,10,0.0257,0.0243,
eslv20265ovcgh4r,ohdd20262e3nzaem,hypodd,ohyp2026dsqnbmsl,2025-10-25T09:43:54.880000Z,14.046942,-89.822599,8.105,1.5376,MLc,0.116,160,7,0.0257,0.0282,
eslv20262vwrwy3e,ohdd2026jpmgmnia,hypodd,ohyp2026hflrw7vp,2025-10-25T10:05:51.189999Z,14.085101,-89.846615,6.729,1.279,MLc,0.125,234,7,0.0368,0.0309,
eslv20262p6fm3nj,ohdd20264msavffu,hypodd,ohyp2026gxmiks5q,2025-10-26T18:09:40.579999Z,13.985893,-89.759823,8.229,1.8568,MLc,0.164,119,12,0.0131,0.0232,
eslv2026jhugjnvh,ohdd2026nf3umiqi,hypodd,ohyp2026y26xdylh,2025-10-26T18:09:56.840000Z,13.987519,-89.76346,5.592,1.6918,MLc,0.245,152,8,0.0195,0.0211,
eslv2026hnoyzsnk,ohdd2026x6rum666,hypodd,ohyp2026l2bfv7y2,2025-10-26T22:09:47.859999Z,13.829665,-89.772404,4.966,2.1973,MLc,0.208,216,12,0.0186,0.0178,
eslv2026f4ehxbpx,ohdd20265kvecmle,hypodd,ohyp2026syzbyiek,2025-10-26T23:53:55.700000Z,14.047578,-89.814608,7.856,1.9781,MLc,0.123,140,11,0.0238,0.0305,
eslv202656lxi543,ohdd2026gvjpnijj,hypodd,ohyp2026rwegri3r,2025-10-26T23:59:38.159999Z,14.046647,-89.814258,7.214,1.9902,MLc,0.101,135,9,0.0263,0.0235,
eslv202625ueynxm,ohdd2026fholjov2,hypodd,ohyp20262wgi6zqf,2025-10-27T00:03:52.219999Z,14.048679,-89.813875,7.5,1.7302,MLc,0.122,136,12,0.0255,0.0237,
eslv2026huwngacq,ohdd2026j7nhyylu,hypodd,ohyp2026gcztereo,2025-10-27T00:53:56.659999Z,13.868644,-89.726961,7.164,1.7687,MLc,0.205,143,10,0.0403,0.0376,
eslv2026kmm7fmjt,ohdd20267vxgwga2,hypodd,ohyp2026nnbfjnvf,2025-10-27T03:35:15.679999Z,14.046768,-89.8184,8.225,1.6244,MLc,0.156,131,9,0.0244,0.0365,
eslv2026erfzlbj3,ohdd2026gdbh2cej,hypodd,ohyp2026cpa5xnns,2025-10-27T05:52:29.000000Z,13.985636,-89.763688,7.269,1.1363,MLc,0.207,148,9,0.0191,0.0347,
eslv20264ok65zye,ohdd20265o2ktmdr,hypodd,ohyp2026ip4q6gje,2025-10-27T06:18:40.659999Z,13.986077,-89.760441,8.021,2.1066,MLc,0.154,120,13,0.0126,0.0237,
eslv2026y62bzwva,ohdd2026u6v76vos,hypodd,ohyp2026dwfqx2hn,2025-10-27T06:24:46.530000Z,14.006712,-89.806486,8.427,0.5125,MLc,0.232,180,6,0.0428,0.0476,
eslv2026qyeq3shi,ohdd2026242ezs5o,hypodd,ohyp2026btybp2fk,2025-10-27T06:42:53.299999Z,13.937703,-89.754899,14.15,0.8342,MLc,0.029,190,6,0.1856,0.1129,
eslv2026ozxaoqeo,ohdd2026nnjhjoiq,hypodd,ohyp2026t6if35bx,2025-10-27T07:46:16.100000Z,14.046554,-89.810758,6.152,0.8902,MLc,0.141,180,6,0.0347,0.0348,
eslv2026wctnojpa,ohdd2026vlei3snp,hypodd,ohyp2026swfcbk2a,2025-10-27T11:59:32.170000Z,13.985787,-89.761174,8.226,1.9453,MLc,0.238,149,10,0.0203,0.0283,
eslv2026vnf22lwa,ohdd20263nqf3pb7,hypodd,ohyp20266un4tioc,2025-10-27T17:52:15.599999Z,14.042974,-89.806999,4.381,1.858,MLc,0.148,133,9,0.0288,0.0328,
eslv2026rhdoqsxc,ohdd2026bkkq7wki,hypodd,ohyp2026kzzggcs4,2025-10-27T18:26:38.119999Z,14.080134,-89.830949,5.394,2.0882,MLc,0.132,168,8,0.0288,0.038,
eslv2026d273ejl4,ohdd2026chc64jj3,hypodd,ohyp2026bbd57c7y,2025-10-27T20:30:13.560000Z,14.047132,-89.812793,6.937,1.993,MLc,0.118,131,6,0.023,0.0401,
eslv2026kgihg4mz,ohdd2026nsbdgoai,hypodd,ohyp2026mibrwv4y,2025-10-28T02:57:50.770000Z,14.054285,-89.818294,8.545,1.4964,MLc,0.166,134,12,0.0288,0.034,
eslv2026dqjnraf3,ohdd2026yutlhfu2,hypodd,ohyp20262b47gcz4,2025-10-28T08:21:20.699999Z,13.988381,-89.768066,4.683,0.9507,MLc,0.2,145,8,0.0242,0.0383,
eslv2026rdnmdlly,ohdd2026abckxasd,hypodd,ohyp2026irazme7d,2025-10-28T11:05:29.269999Z,14.090203,-89.840975,7.467,1.0605,MLc,0.076,172,6,0.0326,0.0357,
eslv2026pkdovwdh,ohdd2026a4alcn7i,hypodd,ohyp2026i6lc5xec,2025-10-28T15:34:13.560000Z,14.045835,-89.814901,6.923,2.8171,MLc,0.119,136,13,0.0253,0.0312,
eslv2026wk66ihm2,ohdd2026gvt7zzqf,hypodd,ohyp2026bl3zrv5j,2025-10-28T15:34:48.189999Z,14.043867,-89.820671,7.232,2.5908,MLc,0.184,147,12,0.0255,0.032,
eslv2026nvyx7xra,ohdd2026g7fik7m5,hypodd,ohyp2026l6qqr3kd,2025-10-28T18:16:01.040000Z,14.044471,-89.806999,4.482,2.1481,MLc,0.134,137,10,0.0277,0.0246,
eslv2026gw4qtszw,ohdd20267cgzezhb,hypodd,ohyp2026c66yybda,2025-10-28T18:31:05.080000Z,14.043596,-89.808472,4.628,1.4801,MLc,0.166,135,6,0.0292,0.0323,
eslv2026cl6fcll6,ohdd2026gvjus2yj,hypodd,ohyp2026ybohw3n3,2025-10-28T19:56:39.960000Z,14.015283,-89.866211,6.574,1.0979,MLc,0.082,244,6,0.0227,0.022,
eslv2026mcfgblyk,ohdd2026tftfb4cl,hypodd,ohyp20263ufmrwmg,2025-10-28T20:03:27.179999Z,14.044103,-89.808911,4.461,1.1148,MLc,0.118,133,6,0.0301,0.0318,
eslv2026sj4szupi,ohdd20266fykmcvy,hypodd,ohyp2026cgd3qj3l,2025-10-28T22:03:30.160000Z,14.045452,-89.815584,7.594,1.5472,MLc,0.131,134,7,0.0291,0.0248,
eslv20265bwu4mku,ohdd2026yjjghtcc,hypodd,ohyp2026pf2ijuyb,2025-10-28T22:29:26.179999Z,14.048149,-89.816772,7.629,1.4934,MLc,0.143,140,7,0.0269,0.0322,
eslv2026grhi6pxz,ohdd2026fdm4pvtm,hypodd,ohyp2026cua36dcu,2025-10-28T23:54:25.800000Z,14.044496,-89.807031,4.535,2.0111,MLc,0.115,133,9,0.0287,0.0245,
eslv2026ituo5eeh,ohdd2026euy4zta2,hypodd,ohyp202676i6eqs5,2025-10-29T00:02:10.880000Z,14.045895,-89.813477,6.646,1.8109,MLc,0.178,136,12,0.0271,0.0352,
eslv2026rx6phhxa,ohdd2026imux3g5h,hypodd,ohyp2026g4lbhyjm,2025-10-29T04:15:43.380000Z,14.04607,-89.808439,4.85,1.7835,MLc,0.216,142,15,0.0339,0.0328,
eslv2026ur3zf2f2,ohdd2026ut3xdw6s,hypodd,ohyp2026noiwqsvn,2025-10-29T04:17:45.659999Z,14.043773,-89.80769,4.353,1.0944,MLc,0.132,133,9,0.0291,0.0344,
eslv2026arayn2p4,ohdd2026di2izfmj,hypodd,ohyp2026wq6rokzl,2025-10-29T04:21:02.009999Z,14.046246,-89.81355,7.06,1.5341,MLc,0.11,138,9,0.0284,0.025,
eslv2026tbct4yfq,ohdd2026fpozvgnb,hypodd,ohyp20267hw4ariv,2025-10-29T04:21:40.670000Z,14.044001,-89.808203,4.538,1.6018,MLc,0.124,134,10,0.0272,0.0212,
eslv2026hevcqpg3,ohdd2026rvo53uqr,hypodd,ohyp2026ynisq7q3,2025-10-29T04:22:07.589999Z,14.042859,-89.808358,4.267,0.9859,MLc,0.105,133,10,0.0286,0.0295,
eslv2026nzrhruwf,ohdd20265zgxzknn,hypodd,ohyp2026s5mdljm2,2025-10-29T07:44:49.950000Z,14.05093,-89.791854,5.314,0.7201,MLc,0.171,190,7,0.0386,0.0404,
eslv2026fsdzbssc,ohdd20265huculnx,hypodd,ohyp2026ixg2i53p,2025-10-29T08:58:55.880000Z,14.044754,-89.820508,7.727,1.5017,MLc,0.209,179,9,0.039,0.0327,
eslv2026tuvadthz,ohdd2026kbdvw37c,hypodd,ohyp20267h4xrazb,2025-10-29T09:16:28.269999Z,14.040207,-89.822534,7.042,0.9919,MLc,0.16,178,6,0.0481,0.0533,
eslv2026uor2ovab,ohdd2026xj2h5cmn,hypodd,ohyp2026ts4olt5t,2025-10-30T08:08:06.440000Z,14.010059,-89.799316,6.984,1.2732,MLc,0.333,164,14,0.0462,0.0547,
eslv2026x4n5seis,ohdd2026llp22amg,hypodd,ohyp2026aj5bliaj,2025-10-30T09:07:40.780000Z,14.045795,-89.810409,5.279,1.802,MLc,0.182,133,15,0.027,0.0334,
eslv2026luiboxei,ohdd20263kz73t5v,hypodd,ohyp2026ph62rh5p,2025-10-30T10:24:30.789999Z,14.046311,-89.810392,5.686,1.8569,MLc,0.132,133,16,0.0262,0.0332,
eslv202623i2cujg,ohdd2026dwl77zom,hypodd,ohyp2026xgiqq36p,2025-10-30T10:25:03.060000Z,14.044503,-89.807804,4.338,2.0297,MLc,0.167,135,13,0.0271,0.0356,
eslv20264sqtsgsr,ohdd2026ks67jzwn,hypodd,ohyp2026oshrobca,2025-10-30T11:09:54.570000Z,14.060398,-89.793026,7.025,1.0992,MLc,0.132,160,7,0.0529,0.0581,
eslv2026pu7ycq24,ohdd2026562rmoc6,hypodd,ohyp2026teym5e2d,2025-10-30T11:35:10.769999Z,14.0438,-89.808634,4.508,1.7767,MLc,0.127,131,7,0.0272,0.0329,
eslv2026keyci5uk,ohdd2026ugkhhhbt,hypodd,ohyp202667eyrknt,2025-10-30T11:35:36.090000Z,14.044594,-89.808366,4.706,1.8551,MLc,0.111,131,12,0.0273,0.0258,
eslv20266r2ua4te,ohdd2026ul6vqk5m,hypodd,ohyp2026ylprt22e,2025-10-30T16:24:58.840000Z,13.843641,-89.826294,8.588,3.0818,MLc,0.297,218,14,0.0091,0.0259,
eslv2026l2afi5b5,ohdd2026lxw65fua,hypodd,ohyp2026p54h5fo2,2025-10-30T18:37:26.039999Z,14.045761,-89.810661,5.349,2.5289,MLc,0.149,131,16,0.0274,0.0445,
eslv2026bae4c33l,ohdd2026vgpfsduv,hypodd,ohyp2026jslhpgwj,2025-10-30T19:21:57.119999Z,13.843501,-89.825138,9.682,3.2708,MLc,0.339,215,13,0.0092,0.0237,
eslv2026tfj4j75g,ohdd2026lcbr5uif,hypodd,ohyp2026h7ew4zgy,2025-10-31T17:38:21.059999Z,13.820226,-89.809399,2.958,1.455,MLc,0.161,221,10,0.028,0.0386,
eslv2026vwldbasp,ohdd2026ur2k2op3,hypodd,ohyp2026tyf7m5xy,2025-11-01T02:10:32.289999Z,13.849981,-89.83606,4.122,2.2013,MLc,0.354,218,13,0.0344,0.0409,
eslv2026i3ny4hob,ohdd20266lhg4bci,hypodd,ohyp2026ddzssb3v,2025-11-01T02:28:02.229999Z,14.045623,-89.80721,4.288,1.2599,MLc,0.094,182,7,0.0333,0.0361,
eslv20265hlw5zf7,ohdd2026sqei45hv,hypodd,ohyp20265p7k4o2p,2025-11-01T04:23:36.640000Z,13.864561,-89.790015,7.456,1.4282,MLc,0.048,224,9,0.0781,0.0609,
eslv2026lpb3yqgl,ohdd2026rx6n7qdn,hypodd,ohyp2026bymujvfo,2025-11-01T12:27:27.510000Z,14.044837,-89.809269,4.27,1.4686,MLc,0.118,205,7,0.0323,0.0297,
eslv2026q4ahxh6k,ohdd202653trkteg,hypodd,ohyp20267v42ayhb,2025-11-02T09:19:13.759999Z,13.872626,-89.711304,6.773,0.9447,MLc,0.183,127,12,0.0337,0.0334,
eslv2026f3zhrt23,ohdd20265mdldhgx,hypodd,ohyp2026tx3zyarv,2025-11-03T01:10:18.910000Z,14.13691,-89.821777,5.307,0.9762,MLc,0.017,300,6,0.0202,0.02,
eslv2026t65ja3pt,ohdd2026dvsbutmr,hypodd,ohyp2026ngo37fpn,2025-11-03T06:13:10.009999Z,13.87287,-89.737451,7.737,0.8884,MLc,0.161,176,7,0.0308,0.0308,
eslv2026oe75jndf,ohdd2026ygnv7t7a,hypodd,ohyp2026i5lljlhk,2025-11-03T09:24:35.100000Z,13.884078,-89.732926,7.041,0.814,MLc,0.204,173,7,0.0244,0.0177,
eslv2026ywm5bpkt,ohdd20267eilffc7,hypodd,ohyp2026gkteprox,2025-11-03T10:19:43.210000Z,13.831223,-89.778564,4.178,1.4699,MLc,0.305,215,9,0.0182,0.0268,
eslv2026siz65rze,ohdd2026tqz4ncqf,hypodd,ohyp2026uu6wtdoi,2025-11-04T08:10:26.399999Z,14.013691,-89.83387,4.508,1.0637,MLc,0.173,194,6,0.0195,0.029,
eslv2026g7wtb6zh,ohdd2026ntvmqngm,hypodd,ohyp2026hkerwbol,2025-11-04T08:39:38.799999Z,14.084342,-89.846167,6.623,1.7799,MLc,0.136,167,14,0.0246,0.0276,
eslv20263b3miad4,ohdd20263u7pe7vj,hypodd,ohyp2026gqoonh3b,2025-11-04T11:13:35.719999Z,13.84387,-89.769417,12.025,1.688,MLc,0.213,234,8,0.0391,0.0307,
eslv2026gsy6oyzj,ohdd2026bxga4kbx,hypodd,ohyp2026vcq4uue3,2025-11-04T11:16:10.919999Z,13.821247,-89.782739,2.797,1.3282,MLc,0.115,233,6,0.0221,0.0367,
eslv2026h7lcu46j,ohdd2026wtaobonz,hypodd,ohyp2026m5jngf5u,2025-11-04T11:16:45.090000Z,13.83166,-89.771737,5.774,1.894,MLc,0.107,205,9,0.0139,0.0267,
eslv2026e2i6xdzk,ohdd2026blikduqm,hypodd,ohyp2026vlzohstr,2025-11-04T11:19:50.750000Z,13.829458,-89.773828,5.088,1.9302,MLc,0.102,209,8,0.0136,0.0243,
eslv2026dn3io4py,ohdd2026sknzcyd2,hypodd,ohyp2026b4br6jkm,2025-11-04T11:21:18.989999Z,13.814481,-89.753719,1.682,1.2589,MLc,0.046,234,6,0.0081,0.021,
eslv2026zomt7pwi,ohdd2026r2yg7jis,hypodd,ohyp20266g2hfotv,2025-11-04T11:23:39.439999Z,13.826812,-89.776994,4.735,1.807,MLc,0.123,214,11,0.0188,0.0191,
eslv2026d6datjz3,ohdd2026v2r55fzd,hypodd,ohyp20267zvkbpyd,2025-11-04T11:26:00.700000Z,13.829791,-89.777653,5.297,1.5992,MLc,0.103,226,6,0.019,0.0261,
eslv2026boypxlky,ohdd2026e43ymyqp,hypodd,ohyp2026xqqcltam,2025-11-04T11:28:13.619999Z,13.829978,-89.775,5.171,1.202,MLc,0.107,212,7,0.0185,0.0309,
eslv2026ukc2q2gw,ohdd2026b4nan4mq,hypodd,ohyp20263utwmjjc,2025-11-04T11:39:18.160000Z,13.828823,-89.775187,5.4,1.3455,MLc,0.107,207,8,0.0149,0.0226,
eslv2026bjfz2m6q,ohdd2026ysxswzza,hypodd,ohyp20265gfym45q,2025-11-04T11:40:30.140000Z,13.830745,-89.773779,5.864,2.0455,MLc,0.093,207,12,0.0132,0.0247,
eslv2026mtuc4u3p,ohdd20263xye3kmf,hypodd,ohyp2026ktbc36hn,2025-11-04T11:42:37.259999Z,14.087751,-89.820785,4.693,0.8992,MLc,0.167,218,6,0.0786,0.1163,
eslv2026yrgud3nv,ohdd20262fxnfa5s,hypodd,ohyp2026u4zuzl37,2025-11-04T12:01:11.169999Z,14.084201,-89.845459,6.862,1.2382,MLc,0.198,160,6,0.0274,0.03,
eslv20267a4owlrk,ohdd2026gvip6zus,hypodd,ohyp2026rjmaxt7n,2025-11-04T12:02:31.899999Z,13.831839,-89.772046,6.014,1.5199,MLc,0.1,206,11,0.0123,0.0228,
eslv2026xz4mj74p,ohdd2026npkfftef,hypodd,ohyp2026ogz2v7bh,2025-11-04T12:02:52.539999Z,13.827744,-89.776489,4.706,1.8942,MLc,0.161,214,10,0.0184,0.0237,
eslv2026v26djq7p,ohdd2026zc6hzk6p,hypodd,ohyp2026n4emkoqv,2025-11-04T12:03:34.549999Z,13.828856,-89.77417,4.913,2.0252,MLc,0.124,211,11,0.0164,0.0152,
eslv2026xxlpc4s5,ohdd2026ydxywdbh,hypodd,ohyp2026pkjpfkg7,2025-11-04T12:04:25.760000Z,13.832738,-89.770418,6.215,2.7741,MLc,0.175,198,14,0.0152,0.0256,
eslv2026cc76w2fy,ohdd2026uyspjo4h,hypodd,ohyp2026h2oeo7ck,2025-11-04T12:07:01.429999Z,13.826494,-89.776147,4.371,1.4583,MLc,0.134,231,6,0.0192,0.0237,
eslv2026kbcpwzs2,ohdd20262akjszcw,hypodd,ohyp2026e4ad4f26,2025-11-04T12:08:44.380000Z,13.828046,-89.774316,4.868,1.7486,MLc,0.153,211,7,0.0161,0.013,
eslv2026eckv5jjp,ohdd2026kwj3f4fi,hypodd,ohyp2026lbf65czd,2025-11-04T12:08:54.229999Z,13.83316,-89.768856,6.304,1.9978,MLc,0.127,223,9,0.0189,0.0264,
eslv2026w2l3tme2,ohdd2026oarfltyw,hypodd,ohyp20265faqtoxq,2025-11-04T12:13:48.270000Z,13.82706,-89.776546,4.759,1.9278,MLc,0.153,214,9,0.0185,0.023,
eslv2026jcrvg267,ohdd20264pj66bbu,hypodd,ohyp2026jcw5gddq,2025-11-04T12:14:42.899999Z,13.830992,-89.771444,5.812,1.8964,MLc,0.108,208,9,0.0135,0.024,
eslv2026i2unfcor,ohdd2026mpd2beti,hypodd,ohyp20263b6klcri,2025-11-04T12:26:39.649999Z,13.828958,-89.775269,4.957,1.6339,MLc,0.11,211,13,0.0175,0.016,
eslv202666ta3zk6,ohdd2026uuttgpet,hypodd,ohyp2026utkfbwxs,2025-11-04T12:30:37.289999Z,13.832862,-89.769458,6.419,2.1168,MLc,0.098,202,14,0.0148,0.0252,
eslv2026nn6gldgp,ohdd2026flqlopok,hypodd,ohyp2026crrt2nrm,2025-11-04T12:32:46.439999Z,13.826901,-89.778613,4.961,1.4413,MLc,0.167,229,7,0.0223,0.0218,
eslv20262lzmjy4y,ohdd202673k2ghsr,hypodd,ohyp2026333uir7f,2025-11-04T12:35:53.909999Z,13.813714,-89.75367,1.935,1.6252,MLc,0.153,232,7,0.006,0.0166,
eslv2026vfzmel47,ohdd2026tcxqwxi7,hypodd,ohyp20264453svwn,2025-11-04T12:40:41.020000Z,13.913848,-89.732886,6.172,1.4275,MLc,0.043,222,6,0.0328,0.0289,
eslv2026ph3o2jc5,ohdd2026vymdcr4w,hypodd,ohyp2026z45zhpiy,2025-11-04T12:48:39.649999Z,13.830711,-89.772282,5.997,1.9215,MLc,0.099,208,13,0.0137,0.0237,
eslv2026iwj5ce5m,ohdd20265maj6kny,hypodd,ohyp2026fvt57idy,2025-11-04T12:51:51.079999Z,13.832597,-89.769076,6.074,1.9676,MLc,0.143,205,11,0.016,0.0254,
eslv2026bejke7jq,ohdd2026reox5thh,hypodd,ohyp2026ed7chs3q,2025-11-04T12:54:17.929999Z,13.83061,-89.775822,5.793,1.2508,MLc,0.127,230,6,0.0229,0.0227,
eslv2026ppmvsvnf,ohdd2026otwcyzpd,hypodd,ohyp2026jj7zxn54,2025-11-04T13:13:38.939999Z,13.828265,-89.775488,4.829,2.0263,MLc,0.131,212,9,0.0161,0.0151,
eslv2026u5zdn33j,ohdd2026lmfxsd3q,hypodd,ohyp2026ja7uq2wv,2025-11-04T13:15:59.170000Z,13.831505,-89.770076,5.249,1.4203,MLc,0.159,180,6,0.0298,0.032,
eslv2026qgqhnizb,ohdd202677fpoakl,hypodd,ohyp2026kujy2rom,2025-11-04T13:20:50.109999Z,13.832667,-89.768156,6.732,2.6077,MLc,0.121,204,14,0.0155,0.0256,
eslv20262ry4vqml,ohdd2026vvidmepd,hypodd,ohyp2026xqv4hk3h,2025-11-04T13:34:51.840000Z,13.860132,-89.778605,16.116,2.0226,MLc,0.073,221,7,0.0206,0.0157,
eslv2026v2lgzdie,ohdd2026jz7vbpep,hypodd,ohyp2026fhcfxsyu,2025-11-04T13:35:53.520000Z,13.943828,-89.710083,10.985,1.2347,MLc,0.145,159,8,0.0925,0.0785,
eslv2026ifumzxaj,ohdd2026k4rwgw2t,hypodd,ohyp2026odkfbcc7,2025-11-04T13:37:10.730000Z,13.829817,-89.770565,3.249,1.8126,MLc,0.162,257,7,0.0172,0.0232,
eslv2026s5b6e7z7,ohdd2026j4ylobp6,hypodd,ohyp2026qbcospvt,2025-11-04T13:37:21.280000Z,13.841483,-89.793302,13,2.2699,MLc,0.196,217,8,0.0226,0.023,
eslv2026cclu7f77,ohdd2026323kolje,hypodd,ohyp202643tvm5nv,2025-11-04T13:38:01.149999Z,13.94051,-89.6698,18.531,1.8658,MLc,0.019,181,6,0.2809,0.2595,
eslv2026eayhqk6h,ohdd20267adarama,hypodd,ohyp2026cueew5be,2025-11-04T13:38:34.700000Z,13.832605,-89.770532,6.384,2.3691,MLc,0.129,203,13,0.0155,0.0252,
eslv20265ydhg3u5,ohdd2026ljumhsbs,hypodd,ohyp20266kklc6yd,2025-11-04T13:40:38.920000Z,13.826483,-89.777205,4.718,1.9775,MLc,0.13,213,9,0.0209,0.018,
eslv2026jfqn7wq7,ohdd2026w5xmzb2w,hypodd,ohyp2026d2232o4l,2025-11-04T13:42:01.810000Z,13.814949,-89.754663,4.275,1.7563,MLc,0.246,210,10,0.0293,0.0373,
eslv20263tqypdfh,ohdd2026ochiz4ls,hypodd,ohyp2026ylgwdoih,2025-11-04T13:42:25.079999Z,13.831497,-89.771973,5.798,1.9817,MLc,0.13,207,11,0.0132,0.0238,
eslv2026q3wbqove,ohdd20266zwsumxe,hypodd,ohyp2026wwbkovcd,2025-11-04T13:43:44.640000Z,13.832301,-89.770898,6.081,2.8177,MLc,0.157,199,13,0.0158,0.0249,
eslv2026ngwwfnhf,ohdd2026yurnhrqa,hypodd,ohyp2026wrmg2fdw,2025-11-04T13:49:10.279999Z,13.934191,-89.669401,18.819,1.8327,MLc,0.019,175,6,0.2841,0.256,
eslv2026amw7rm4n,ohdd2026egslzvos,hypodd,ohyp2026lzd4ioun,2025-11-04T13:53:57.100000Z,13.831226,-89.77876,3.218,2.3743,MLc,0.318,221,13,0.0294,0.0505,
eslv2026fcfuultd,ohdd2026qkzsv3x5,hypodd,ohyp2026kfzqe5ez,2025-11-04T13:56:09.919999Z,13.831195,-89.772249,6.315,2.2304,MLc,0.102,204,13,0.0141,0.025,
eslv2026upasqybr,ohdd2026bdrcilyf,hypodd,ohyp2026ddw27xue,2025-11-04T13:57:35.520000Z,13.83386,-89.768888,6.532,1.7072,MLc,0.251,219,7,0.0236,0.0318,
eslv2026fncc3m5g,ohdd20265ja6wt7u,hypodd,ohyp2026zzlowfin,2025-11-04T13:58:34.250000Z,13.828477,-89.778092,4.085,1.3248,MLc,0.133,229,6,0.0228,0.0239,
eslv2026oscck4s3,ohdd2026bdffllz5,hypodd,ohyp2026eysfcf7l,2025-11-04T14:05:51.950000Z,13.832455,-89.769767,6.264,2.4883,MLc,0.131,204,12,0.0165,0.0261,
eslv2026ukm5qp47,ohdd2026o45bzrzn,hypodd,ohyp2026bxtcdlex,2025-11-04T14:07:27.019999Z,13.8688,-89.698975,9.206,1.4994,MLc,0.101,221,7,0.0344,0.0252,
eslv2026n6co6tmt,ohdd2026mk4lcwj5,hypodd,ohyp2026wx3pwxaa,2025-11-04T14:20:43.020000Z,13.833333,-89.769263,6.167,2.1725,MLc,0.173,206,11,0.0164,0.0272,
eslv2026c7dgsuws,ohdd2026nkan6ffy,hypodd,ohyp2026zq36n4uh,2025-11-04T14:21:10.910000Z,13.830733,-89.772868,5.607,1.8111,MLc,0.122,210,11,0.012,0.0265,
eslv20262vusxp2e,ohdd2026q5xik6jt,hypodd,ohyp2026c27xjdxv,2025-11-04T14:41:52.350000Z,13.832576,-89.769596,6.256,1.8343,MLc,0.132,203,10,0.0172,0.034,
eslv2026n25gsqld,ohdd2026ro5u6rxa,hypodd,ohyp2026imd7ho2u,2025-11-04T14:42:10.720000Z,13.832484,-89.770272,6.409,2.1372,MLc,0.128,204,12,0.0151,0.0251,
eslv2026tkhqdobk,ohdd2026d4iyrxli,hypodd,ohyp2026te6yvreo,2025-11-04T14:43:20.190000Z,13.831129,-89.772827,5.667,1.6256,MLc,0.144,204,11,0.0148,0.0252,
eslv2026j3kp4p4v,ohdd2026u4zdzrz3,hypodd,ohyp2026v4t3zede,2025-11-04T14:45:51.770000Z,13.831081,-89.772355,5.714,1.8617,MLc,0.112,207,10,0.013,0.0214,
eslv2026poezqd6v,ohdd2026x4kgjhbw,hypodd,ohyp2026vj4wwqlp,2025-11-04T14:46:21.359999Z,13.843338,-89.770809,9.054,1.3146,MLc,0.117,228,6,0.0855,0.0412,
eslv2026a74vmbrg,ohdd20265oh7emfl,hypodd,ohyp202655vy3f6u,2025-11-04T14:48:49.950000Z,13.83256,-89.769206,6.271,1.9251,MLc,0.121,207,11,0.0167,0.0282,
eslv2026zwtij5ya,ohdd20266f64i37x,hypodd,ohyp2026coyzje5n,2025-11-04T14:54:32.799999Z,13.832,-89.769914,5.978,1.8317,MLc,0.108,205,12,0.0158,0.0266,
eslv202643esqsey,ohdd202633hhzdyj,hypodd,ohyp20267scj3s7m,2025-11-04T14:59:01.820000Z,13.814228,-89.754199,3.399,1.5367,MLc,0.187,226,6,0.0054,0.0043,
eslv2026zek5wgoo,ohdd20264g25uhne,hypodd,ohyp2026ti53jvlk,2025-11-04T15:02:01.820000Z,13.823092,-89.778768,3.529,1.7394,MLc,0.148,229,6,0.021,0.024,
eslv2026jvykos5a,ohdd20263a6e5hc4,hypodd,ohyp2026mypob3dw,2025-11-04T15:03:04.400000Z,13.831849,-89.773201,5.764,2.5171,MLc,0.235,211,12,0.0136,0.0273,
eslv2026eqlafynx,ohdd2026rso6glaj,hypodd,ohyp2026r7knsxty,2025-11-04T15:11:27.920000Z,13.829196,-89.773226,4.934,2.0499,MLc,0.156,207,11,0.014,0.0167,
eslv2026pqkynfe5,ohdd2026vyhy6onq,hypodd,ohyp20263efrot3z,2025-11-04T15:12:29.379999Z,13.824869,-89.779639,4.452,1.3593,MLc,0.136,231,6,0.0221,0.0181,
eslv2026giaw5kx6,ohdd20264xs7wdw7,hypodd,ohyp2026u22nwoz4,2025-11-04T15:16:40.820000Z,13.832449,-89.771102,6.158,1.9999,MLc,0.108,202,11,0.0136,0.0242,
eslv2026tubnw4kl,ohdd2026pgyxccqt,hypodd,ohyp20265no2z5kd,2025-11-04T15:27:07.950000Z,13.831371,-89.771452,6.127,2.164,MLc,0.087,206,12,0.0127,0.0229,
eslv2026wvbdadjo,ohdd2026low3vboc,hypodd,ohyp2026xnlkzrzu,2025-11-04T15:38:22.769999Z,13.827803,-89.775553,4.824,1.3703,MLc,0.122,213,11,0.016,0.0163,
eslv2026hkwwntvc,ohdd2026gvfkpgw4,hypodd,ohyp2026khurkm3h,2025-11-04T15:58:50.380000Z,13.82447,-89.779167,3.622,1.5157,MLc,0.151,216,8,0.0202,0.0204,
eslv2026qcebtvml,ohdd20265zzytwsx,hypodd,ohyp2026zj6o4l2w,2025-11-04T16:04:33.929999Z,13.831948,-89.774748,6.069,2.3869,MLc,0.192,206,10,0.0157,0.0272,
eslv2026zq5vatel,ohdd20265efvlywo,hypodd,ohyp2026sh6qmcjg,2025-11-04T16:04:42.359999Z,13.832273,-89.768636,6.082,3.1351,MLc,0.15,206,14,0.0186,0.0287,
eslv2026ut6ov2to,ohdd20265nqzehlh,hypodd,ohyp2026yxkxnsox,2025-11-04T16:11:01.399999Z,13.883963,-89.749211,5.257,1.2486,MLc,0.239,180,6,0.0234,0.0272,
eslv2026dxoelvi3,ohdd2026ddz5fuy6,hypodd,ohyp2026ltnm3xbl,2025-11-04T16:18:33.979999Z,13.865441,-89.712191,4.201,0.8789,MLc,0.142,202,6,0.0173,0.0239,
eslv2026jkemocen,ohdd2026jkeh2h6q,hypodd,ohyp2026bmvkqv2l,2025-11-04T16:31:59.740000Z,13.853344,-89.722087,10.287,1.3086,MLc,0.072,212,7,0.027,0.0185,
eslv2026lruav5ih,ohdd2026ac5dd7mv,hypodd,ohyp20263dbnfox6,2025-11-04T16:40:44.079999Z,13.828599,-89.775252,5.048,1.9139,MLc,0.097,210,12,0.0171,0.0253,
eslv20265tgdyfft,ohdd2026setoe6sn,hypodd,ohyp2026cqtso33a,2025-11-04T16:44:12.539999Z,13.825593,-89.778581,4.761,1.7761,MLc,0.125,214,9,0.0191,0.0208,
eslv2026j2aojv2b,ohdd2026xk4ecnkh,hypodd,ohyp20267rflfkd5,2025-11-04T16:48:42.939999Z,13.828102,-89.777319,5.475,1.3859,MLc,0.106,210,9,0.0162,0.0257,
eslv2026xe5rao6o,ohdd20263cpembmd,hypodd,ohyp2026hw2uurza,2025-11-04T16:55:50.390000Z,13.840611,-89.763631,9.035,1.4265,MLc,0.134,204,6,0.0323,0.0403,
eslv2026dmlrzl3i,ohdd2026pc4g2jmq,hypodd,ohyp2026vd3qtplx,2025-11-04T17:00:36.079999Z,13.824331,-89.778817,3.905,1.2884,MLc,0.148,236,7,0.0193,0.0192,
eslv2026exllfdvb,ohdd202654ilz42d,hypodd,ohyp2026o2sfqctf,2025-11-04T17:17:04.519999Z,13.833348,-89.768099,7.023,1.92,MLc,0.124,204,10,0.0176,0.0297,
eslv202675nwdu2u,ohdd20263ots6znw,hypodd,ohyp2026nsrxtvna,2025-11-04T17:20:38.060000Z,13.831704,-89.77133,5.671,2.0318,MLc,0.089,205,10,0.0139,0.0304,
eslv2026ddabor35,ohdd2026nf7nuv3a,hypodd,ohyp2026aosc7wn4,2025-11-04T17:30:50.719999Z,13.828031,-89.777026,4.659,1.3238,MLc,0.144,226,6,0.032,0.0636,
eslv20263zoiyao7,ohdd2026ncd7ivik,hypodd,ohyp2026i5z3qr5g,2025-11-04T17:31:13.080000Z,13.831294,-89.772982,5.972,2.5935,MLc,0.095,208,12,0.0135,0.0234,
eslv2026llivblpz,ohdd2026wv7gfupg,hypodd,ohyp202623gm3z7b,2025-11-04T17:31:47.359999Z,13.82719,-89.776855,4.805,1.7626,MLc,0.139,214,8,0.0177,0.0206,
eslv2026bkimehhd,ohdd2026ozkkfenx,hypodd,ohyp2026c6bdopw5,2025-11-04T17:32:23.100000Z,13.827018,-89.775732,4.564,1.8535,MLc,0.144,213,6,0.0205,0.0208,
eslv2026scigecjq,ohdd2026a2s3gp4u,hypodd,ohyp2026ckawk4kw,2025-11-04T17:35:31.480000Z,13.872302,-89.695605,0.123,1.0005,MLc,0.113,180,6,0.9569,2.311,
eslv2026amnrtwhf,ohdd2026rkmgh5kz,hypodd,ohyp2026bn5qau22,2025-11-04T17:35:58.759999Z,13.829459,-89.775049,5.339,2.0313,MLc,0.106,209,11,0.0116,0.0232,
eslv20264ugkcgkx,ohdd2026xnvn5s2c,hypodd,ohyp2026yooduxln,2025-11-04T17:42:41.859999Z,13.830165,-89.773869,5.435,1.8919,MLc,0.089,209,9,0.0167,0.0222,
eslv2026lmreujml,ohdd2026jcdo2gk7,hypodd,ohyp2026qadayj5w,2025-11-04T17:43:30.339999Z,13.822757,-89.780656,14.153,1.8515,MLc,0.268,232,7,0.0466,0.0749,
eslv2026xfvqcm3x,ohdd2026mq6rqpns,hypodd,ohyp2026vbahguib,2025-11-04T17:47:31.420000Z,13.83062,-89.772909,5.515,1.4933,MLc,0.158,209,9,0.0284,0.0278,
eslv2026nkzxy5in,ohdd20265rd3bbob,hypodd,ohyp2026jpdvbfiv,2025-11-04T17:48:47.619999Z,13.832799,-89.77723,5.913,1.3475,MLc,0.164,236,6,0.0201,0.0271,
eslv2026klheywda,ohdd2026dfuvqxbn,hypodd,ohyp2026wvcsrhlr,2025-11-04T18:11:33.119999Z,13.955085,-89.714242,5.009,1.0222,MLc,0.03,289,6,0.0426,0.0246,
eslv20267p3vyz4u,ohdd2026evovvfrt,hypodd,ohyp2026u43ycnrm,2025-11-04T18:16:34.880000Z,13.829754,-89.773535,5.635,1.6543,MLc,0.148,204,10,0.0105,0.0229,
eslv2026qselfim6,ohdd2026j5x32gxf,hypodd,ohyp2026uvknnrz7,2025-11-04T18:19:08.160000Z,13.825728,-89.778597,4.048,1.4472,MLc,0.159,234,7,0.0215,0.0329,
eslv2026sdkm2gds,ohdd2026m4einh52,hypodd,ohyp2026gxwcondy,2025-11-04T18:19:25.480000Z,13.82457,-89.777702,4.826,1.5048,MLc,0.115,227,11,0.0212,0.0296,
eslv2026xys5c7k6,ohdd2026z6qzbujk,hypodd,ohyp2026cj4lgug4,2025-11-04T18:21:22.699999Z,13.828839,-89.774666,4.946,2.0172,MLc,0.113,210,11,0.0167,0.0151,
eslv20265liusbh6,ohdd2026i5nxxw4t,hypodd,ohyp2026ofwlbc4z,2025-11-04T18:21:59.780000Z,13.831795,-89.77063,5.894,1.3201,MLc,0.117,206,8,0.0151,0.0226,
eslv2026ayic5ivi,ohdd2026mgiazxri,hypodd,ohyp20265qpg3zdj,2025-11-04T18:24:09.640000Z,13.831065,-89.772575,6.042,2.1241,MLc,0.098,210,13,0.0134,0.0237,
eslv2026vwzoph5k,ohdd2026nbpss45i,hypodd,ohyp2026lbckuwwo,2025-11-04T18:27:07.280000Z,13.82874,-89.774512,5.348,1.2248,MLc,0.155,207,9,0.0188,0.0339,
eslv20262anhiqss,ohdd20263din64zg,hypodd,ohyp2026dvqzj5ey,2025-11-04T18:31:05.419999Z,13.825641,-89.77819,4.602,1.473,MLc,0.151,216,7,0.0209,0.023,
eslv20265vnvvmyg,ohdd2026wimsyfwz,hypodd,ohyp2026akbpxedg,2025-11-04T18:32:18.039999Z,13.82655,-89.776489,4.691,1.2533,MLc,0.115,211,9,0.0178,0.0147,
eslv2026iiegkuyt,ohdd2026k5wkfyke,hypodd,ohyp2026ytdswnym,2025-11-04T18:32:47.380000Z,13.825207,-89.779508,4.194,1.2082,MLc,0.128,229,7,0.0219,0.0222,
eslv2026hvurzpjm,ohdd20267ikxdo4k,hypodd,ohyp2026rfnync5j,2025-11-04T18:34:34.659999Z,13.830295,-89.769157,3.377,1.3451,MLc,0.173,255,8,0.0167,0.0203,
eslv2026igteugrm,ohdd2026pw7hqgjq,hypodd,ohyp2026ywluuumq,2025-11-04T18:40:38.340000Z,13.824763,-89.778052,3.957,1.3234,MLc,0.122,216,7,0.0182,0.0181,
eslv2026nn3mx4rs,ohdd2026z3epxoex,hypodd,ohyp2026ygdrledy,2025-11-04T18:42:27.899999Z,13.830811,-89.772306,5.877,1.6553,MLc,0.084,207,10,0.0128,0.0235,
eslv20262xj3id7p,ohdd2026dtwenihc,hypodd,ohyp2026j557bv77,2025-11-04T18:54:59.399999Z,13.827498,-89.776595,4.882,1.5951,MLc,0.108,208,9,0.0138,0.0148,
eslv202634o5gp7s,ohdd2026qf4taqej,hypodd,ohyp2026thcrv23e,2025-11-04T19:01:20.079999Z,13.826321,-89.777954,4.594,1.7736,MLc,0.105,227,8,0.0283,0.0401,
eslv2026vrnoa5di,ohdd2026aszhs4er,hypodd,ohyp2026auhi5u6e,2025-11-04T19:10:03.080000Z,13.830382,-89.773145,5.765,1.8368,MLc,0.122,207,10,0.0135,0.0235,
eslv2026xz7jpr3v,ohdd2026oh5oou3k,hypodd,ohyp2026ahakfdlr,2025-11-04T19:11:00.280000Z,13.83164,-89.770166,6.281,1.7392,MLc,0.159,206,10,0.0154,0.0271,
eslv2026yxc3tprx,ohdd2026ary6euov,hypodd,ohyp2026rj5fxyqu,2025-11-04T19:19:14.400000Z,13.867826,-89.745736,13.007,1.6497,MLc,0.048,164,7,0.8837,0.6649,
eslv2026ja3by34b,ohdd2026osleoady,hypodd,ohyp2026iyfs6t3a,2025-11-04T19:22:30.440000Z,13.823357,-89.779744,3.479,1.2346,MLc,0.122,237,6,0.0201,0.0329,
eslv20266nfjuyzc,ohdd2026kij4ut24,hypodd,ohyp2026jcheqfb5,2025-11-04T19:22:46.939999Z,13.832462,-89.768506,6.425,1.6897,MLc,0.127,209,11,0.0175,0.0265,
eslv2026mecwmqzq,ohdd2026zxnni32r,hypodd,ohyp20263d7j6nlr,2025-11-04T19:24:07.040000Z,13.829682,-89.77439,5.465,1.9402,MLc,0.129,229,8,0.0126,0.0225,
eslv2026h4wuvgtp,ohdd2026mk5d2xqe,hypodd,ohyp2026mnaknqv5,2025-11-04T19:24:21.359999Z,13.841816,-89.711304,13.238,1.7811,MLc,0.127,207,7,0.1402,0.0903,
eslv2026rjvkriny,ohdd2026l47kgiu3,hypodd,ohyp2026pxendc3x,2025-11-04T19:26:00.480000Z,13.873427,-89.725439,9.387,1.5935,MLc,0.101,185,7,0.0372,0.0292,
eslv20267mhusmf5,ohdd2026c6phlbi4,hypodd,ohyp2026irmhqpfm,2025-11-04T19:29:53.799999Z,13.829122,-89.774471,5.096,1.5423,MLc,0.118,212,10,0.0126,0.023,
eslv2026aqegiic3,ohdd2026leup7t25,hypodd,ohyp202622yekftp,2025-11-04T19:33:35.960000Z,13.834899,-89.765389,5.303,1.8147,MLc,0.292,192,11,0.0353,0.0433,
eslv2026sf4ncmd7,ohdd2026clhx5h32,hypodd,ohyp2026lgh4ckje,2025-11-04T19:39:57.079999Z,13.959121,-89.731177,7.323,1.3072,MLc,0.313,289,7,0.9312,0.6663,
eslv2026nbb75ric,ohdd2026nytjkwfh,hypodd,ohyp2026f7mt2uvk,2025-11-04T19:41:11.199999Z,13.830378,-89.770516,6.421,1.583,MLc,0.121,203,11,0.0146,0.0292,
eslv2026nb7eu4ms,ohdd2026kb7yi6bx,hypodd,ohyp20264timk5al,2025-11-04T19:46:03.660000Z,13.830863,-89.772087,8.267,1.2495,MLc,0.207,230,7,0.04,0.0521,
eslv2026ivbthw4b,ohdd20266jxdxtcf,hypodd,ohyp2026j5ucbpc2,2025-11-04T19:49:47.600000Z,13.829925,-89.77242,6.076,1.622,MLc,0.156,213,8,0.0416,0.0608,
eslv2026owgwy2jg,ohdd2026w27jzvtz,hypodd,ohyp2026xjxsek44,2025-11-04T20:00:25.879999Z,13.833825,-89.769425,6.41,2.57,MLc,0.156,200,14,0.0178,0.0269,
eslv2026tsff7lmd,ohdd2026rwljyoa3,hypodd,ohyp2026u7hz2m5j,2025-11-04T20:02:04.040000Z,13.82843,-89.771077,1.924,1.4613,MLc,0.201,203,7,0.0213,0.0351,
eslv2026mn2vf5g5,ohdd2026jklyxcev,hypodd,ohyp2026fm2yk62a,2025-11-04T20:02:30.600000Z,13.791089,-89.798055,1.672,1.388,MLc,0.025,271,10,0.0394,0.0578,
eslv2026rnxcusdp,ohdd2026au6hpwxp,hypodd,ohyp2026ibsfjxln,2025-11-04T20:06:05.839999Z,13.841191,-89.803776,4.912,1.7039,MLc,0.327,224,8,0.0109,0.0118,
eslv2026gk526wsy,ohdd2026sfzpalrq,hypodd,ohyp2026zrjbd57c,2025-11-04T20:11:02.520000Z,13.829559,-89.774357,5.44,2.2243,MLc,0.095,209,13,0.0126,0.0229,
eslv20262sshdndy,ohdd2026fwzx2ggc,hypodd,ohyp2026fnsguiic,2025-11-04T20:11:18.620000Z,13.830253,-89.774023,5.403,2.098,MLc,0.128,211,12,0.0122,0.0271,
eslv2026ofmkl53j,ohdd2026qlzfqyh3,hypodd,ohyp20263dha3ket,2025-11-04T20:12:31.000000Z,13.816849,-89.801888,7.324,1.3144,MLc,0.245,262,6,0.0819,0.0965,
eslv2026l27dsaaz,ohdd2026egorn5ud,hypodd,ohyp2026ehq5vnj5,2025-11-04T20:16:00.080000Z,13.908597,-89.754012,8.063,0.7331,MLc,0.053,259,6,0.0661,0.0405,
eslv2026jitudjid,ohdd2026o4fz3my4,hypodd,ohyp2026wkc3xprr,2025-11-04T20:20:06.759999Z,13.824327,-89.779972,3.495,1.1996,MLc,0.099,231,7,0.0208,0.0205,
eslv20264hyelqeq,ohdd2026ym6isse6,hypodd,ohyp20265qzrfo55,2025-11-04T20:25:02.259999Z,13.794659,-89.778369,7.321,2.1589,MLc,0.14,207,12,0.0239,0.0426,
eslv2026n2hpnglo,ohdd2026pzpgrrq3,hypodd,ohyp2026i7y5di56,2025-11-04T20:25:38.960000Z,13.918211,-89.722257,5.946,1.2426,MLc,0.16,269,6,0.0294,0.041,
eslv2026zhiv2cxt,ohdd2026dlg227sg,hypodd,ohyp2026azkiolqt,2025-11-04T20:28:12.259999Z,13.8333,-89.769198,6.634,1.5297,MLc,0.183,243,7,0.0201,0.0271,
eslv2026spcw4vth,ohdd202643qabuek,hypodd,ohyp2026cjq4ulam,2025-11-04T20:30:13.259999Z,13.836035,-89.770068,8.949,1.0965,MLc,0.158,240,6,0.0325,0.0313,
eslv2026no465jjc,ohdd2026vwxjt3zc,hypodd,ohyp2026p73zb6xm,2025-11-04T20:34:36.100000Z,13.831295,-89.775838,5.928,1.3991,MLc,0.123,228,6,0.0204,0.0281,
eslv202675h7ahks,ohdd2026wgllojgd,hypodd,ohyp2026gvdypm3f,2025-11-04T20:39:45.159999Z,13.831712,-89.771086,5.864,1.8528,MLc,0.099,206,10,0.015,0.0262,
eslv2026ape3hn7g,ohdd2026atnkwgc4,hypodd,ohyp2026fnkq66gc,2025-11-04T20:41:38.859999Z,13.878077,-89.706584,3.032,1.9426,MLc,0.165,198,6,0.055,0.0529,
eslv20263ofbdggd,ohdd2026tvoxw3wj,hypodd,ohyp20266yifesq6,2025-11-04T20:43:43.000000Z,13.835046,-89.766618,7.13,1.4948,MLc,0.268,201,7,0.0301,0.0273,
eslv2026utjjrewq,ohdd2026cu5okmqq,hypodd,ohyp2026yxdjcizu,2025-11-04T20:45:53.119999Z,13.829246,-89.775399,5.12,1.5209,MLc,0.181,210,10,0.015,0.0278,
eslv2026634hdcdd,ohdd2026bmuglpja,hypodd,ohyp2026qjxpirlb,2025-11-04T20:47:13.199999Z,13.831998,-89.770825,6.081,2.0171,MLc,0.104,204,11,0.0135,0.0235,
eslv2026prbdrmyg,ohdd2026u2gupuqb,hypodd,ohyp2026wybxvpw3,2025-11-04T20:50:24.280000Z,13.825817,-89.779142,4.596,1.6413,MLc,0.195,214,9,0.0228,0.0254,
eslv2026ysnorcep,ohdd2026ymauihpk,hypodd,ohyp2026iiathuzv,2025-11-04T21:04:37.039999Z,13.832129,-89.769377,6.14,1.7981,MLc,0.156,199,9,0.0154,0.0247,
eslv2026pge5ljxn,ohdd2026nmygenol,hypodd,ohyp2026ftsskulb,2025-11-04T21:17:02.640000Z,13.960331,-89.724235,2.501,1.0923,MLc,0.059,288,6,0.0668,0.1197,
eslv20263aqokgss,ohdd2026s67rtejh,hypodd,ohyp2026m4hugppu,2025-11-04T21:26:55.840000Z,13.862892,-89.740576,9.148,1.4794,MLc,0.115,231,6,0.0275,0.022,
eslv2026ru5hqlxz,ohdd2026svo3aqa3,hypodd,ohyp2026267jnrim,2025-11-04T21:27:18.480000Z,13.830114,-89.774121,5.689,1.9516,MLc,0.173,206,10,0.0168,0.0299,
eslv2026w7kftokv,ohdd2026rgunafr6,hypodd,ohyp2026hnbk5t7s,2025-11-04T21:29:32.000000Z,13.832713,-89.773804,6.554,1.3455,MLc,0.05,230,6,0.0127,0.0321,
eslv2026ys6zsppu,ohdd2026voao7ead,hypodd,ohyp2026r6nuwdvn,2025-11-04T21:34:25.719999Z,13.828143,-89.7788,5.066,1.0937,MLc,0.198,234,7,0.0244,0.0266,
eslv2026ozxtzbrc,ohdd2026oy3bfud3,hypodd,ohyp2026q62puwgz,2025-11-04T21:43:49.759999Z,13.833714,-89.766756,6.299,2.5424,MLc,0.221,211,14,0.0216,0.0317,
eslv2026gwkrn5fd,ohdd2026u6uh2rav,hypodd,ohyp2026fmzwwn56,2025-11-04T21:44:46.759999Z,13.82697,-89.778849,5.009,1.6896,MLc,0.269,228,6,0.0249,0.0205,
eslv2026di56nsfe,ohdd2026lvokeatw,hypodd,ohyp2026yspgtixe,2025-11-04T21:51:39.840000Z,13.849431,-89.758667,10.882,1.333,MLc,0.099,220,6,0.0088,0.0213,
eslv2026piuiorx3,ohdd2026g6a4vwx6,hypodd,ohyp2026tdwy2m6s,2025-11-04T21:59:06.919999Z,13.831368,-89.77277,5.944,1.3776,MLc,0.152,205,11,0.0143,0.0263,
eslv2026x75r2unf,ohdd2026teyz3uqw,hypodd,ohyp2026ntzizpls,2025-11-04T21:59:25.440000Z,13.832124,-89.77535,6.764,1.1696,MLc,0.142,229,6,0.0209,0.0262,
eslv2026jn3jtb6h,ohdd20265qrfjstq,hypodd,ohyp20263qy45z2t,2025-11-04T22:00:54.740000Z,13.828979,-89.766862,2.661,0.8227,MLc,0.387,203,6,0.0135,0.0203,
eslv202642jptrsy,ohdd2026cij2oixm,hypodd,ohyp2026et3o2scl,2025-11-04T22:19:32.579999Z,13.83327,-89.768164,6.405,1.7705,MLc,0.181,228,8,0.0173,0.0334,
eslv2026yjj2g5xf,ohdd20262x5lbdn6,hypodd,ohyp2026gmy6gcx4,2025-11-04T22:20:55.679999Z,13.832463,-89.770133,6.384,2.5294,MLc,0.132,205,14,0.0163,0.0273,
eslv2026otk4ejiv,ohdd2026e4zpan52,hypodd,ohyp2026piwamayf,2025-11-04T22:22:13.820000Z,13.832168,-89.769661,6.455,1.6342,MLc,0.124,206,10,0.0155,0.0269,
eslv2026vahvhprx,ohdd202646xhbd2e,hypodd,ohyp2026ir67ynwf,2025-11-04T22:24:38.200000Z,13.827063,-89.777555,4.736,1.6793,MLc,0.192,231,9,0.0175,0.0301,
eslv2026jytq34a4,ohdd2026aj2mc5yl,hypodd,ohyp2026zo6rzs73,2025-11-04T22:38:19.760000Z,13.823987,-89.779443,3.593,1.5701,MLc,0.105,215,9,0.0198,0.0202,
eslv20263ve46dht,ohdd2026ym2j2dt4,hypodd,ohyp2026uqd6nowz,2025-11-04T23:13:38.700000Z,13.828341,-89.769816,4.78,1.5387,MLc,0.253,254,6,0.0173,0.0352,
eslv2026l5liypkc,ohdd2026h7djeghq,hypodd,ohyp20262glavwqr,2025-11-04T23:17:14.160000Z,13.832277,-89.770231,6.064,2.1343,MLc,0.142,208,11,0.0182,0.0319,
eslv2026gpdb5st4,ohdd2026clcyliyz,hypodd,ohyp2026nchybjci,2025-11-04T23:20:16.760000Z,13.831632,-89.770483,6.342,1.9455,MLc,0.15,210,11,0.0156,0.026,
eslv2026m2ro5ftt,ohdd2026qw24x7ia,hypodd,ohyp2026op7r4uuq,2025-11-04T23:21:09.279999Z,13.828972,-89.774292,5.017,1.5972,MLc,0.11,210,13,0.0186,0.0163,
eslv2026cu7ncb4a,ohdd2026bjbfqj7x,hypodd,ohyp2026srfq5ptm,2025-11-04T23:24:50.280000Z,13.832134,-89.769132,6.463,1.3863,MLc,0.106,207,10,0.0159,0.0274,
eslv2026egfacojd,ohdd2026kzzplqbz,hypodd,ohyp20262in23xve,2025-11-04T23:51:43.039999Z,13.828838,-89.774512,5.081,1.503,MLc,0.127,223,10,0.0168,0.037,
eslv2026fnswiojz,ohdd2026lasgoljn,hypodd,ohyp2026r3u4hobz,2025-11-04T23:56:04.780000Z,13.826908,-89.776668,4.834,1.7038,MLc,0.147,213,10,0.0187,0.0203,
eslv2026oyyxtem5,ohdd20264zsthl5e,hypodd,ohyp2026a6zdv64s,2025-11-05T00:06:52.179999Z,13.858999,-89.740169,1.15,1.487,MLc,0.083,228,8,0.0241,0.0408,
eslv2026m7kihz7s,ohdd2026yvwhvdta,hypodd,ohyp2026b6nwj4nj,2025-11-05T00:15:17.250000Z,13.828542,-89.775285,5.01,1.4719,MLc,0.107,210,10,0.0168,0.0163,
eslv2026zcrzb6jw,ohdd2026spfcth33,hypodd,ohyp2026anivawfp,2025-11-05T00:31:35.939999Z,13.842713,-89.756429,7.662,1.4202,MLc,0.297,236,6,0.0164,0.0288,
eslv2026ig7ubnme,ohdd20267cfciolm,hypodd,ohyp2026o6frnaci,2025-11-05T00:32:14.830000Z,13.832787,-89.7691,6.439,1.4295,MLc,0.151,207,11,0.0174,0.0281,
eslv2026fb563ats,ohdd2026lqypqiyc,hypodd,ohyp2026i43dvzkm,2025-11-05T00:47:58.609999Z,13.83082,-89.772949,5.687,1.7924,MLc,0.146,205,12,0.0148,0.0243,
eslv2026qjk3avum,ohdd2026o2qybbwo,hypodd,ohyp2026mrwdykjv,2025-11-05T00:48:58.509999Z,13.867704,-89.517122,0.467,1.538,MLc,0.225,236,6,0.03,0.0675,
eslv2026yihks5fw,ohdd2026oz5bmt6i,hypodd,ohyp2026e5s7p54z,2025-11-05T01:03:24.839999Z,13.823053,-89.78151,3.476,1.3773,MLc,0.171,230,6,0.0172,0.0374,
eslv2026zxnvpy2f,ohdd2026bam4mw5j,hypodd,ohyp2026wkyjxgcp,2025-11-05T01:59:08.019999Z,13.837096,-89.76757,7.706,1.3428,MLc,0.474,235,6,0.0198,0.03,
eslv2026dckcyqxj,ohdd2026jxyiv273,hypodd,ohyp2026ccpf2ggb,2025-11-05T02:08:17.280000Z,13.825094,-89.777303,3.924,0.9537,MLc,0.11,226,6,0.0184,0.021,
eslv20262xubdz75,ohdd2026vqp3womz,hypodd,ohyp20267jfizgyn,2025-11-05T02:35:45.329999Z,13.831609,-89.77124,6.427,2.6673,MLc,0.118,204,15,0.0156,0.0253,
eslv2026prevdq2o,ohdd2026mj5uefun,hypodd,ohyp2026b2nx2plu,2025-11-05T02:46:36.490000Z,13.831043,-89.772933,6.165,1.4499,MLc,0.121,210,11,0.013,0.0281,
eslv20265xlzr6qy,ohdd2026v3pctdvn,hypodd,ohyp2026dsdxal4t,2025-11-05T03:03:09.099999Z,13.830698,-89.773438,5.731,1.3804,MLc,0.104,207,11,0.0109,0.0239,
eslv2026ogv65ip2,ohdd2026bedthcau,hypodd,ohyp2026dd3grwah,2025-11-05T03:05:35.090000Z,13.921061,-89.677043,5.551,0.9829,MLc,0.12,160,6,0.044,0.087,
eslv20263mwpbfgb,ohdd2026np4jn3lt,hypodd,ohyp2026jh3uzbxv,2025-11-05T03:16:58.359999Z,13.82942,-89.774162,5.306,1.2854,MLc,0.105,212,7,0.0126,0.0251,
eslv2026ov7v23da,ohdd2026ce3o5l2r,hypodd,ohyp20262sxjf7m3,2025-11-05T03:27:36.630000Z,13.829758,-89.773576,5.359,1.1551,MLc,0.182,207,12,0.0145,0.0267,
eslv2026vqghsxvl,ohdd2026o7vusam5,hypodd,ohyp2026mgkdqk3v,2025-11-05T03:48:49.490000Z,13.832469,-89.769971,6.131,2.5443,MLc,0.203,195,14,0.0144,0.0254,
eslv20267kgsqjxv,ohdd2026v4feegd6,hypodd,ohyp2026ejgti2br,2025-11-05T04:05:38.070000Z,13.855237,-89.728158,4.887,0.8604,MLc,0.084,208,9,0.0157,0.0162,
eslv20262ucx7dan,ohdd2026zhlmaots,hypodd,ohyp2026xqorajz6,2025-11-05T04:06:04.349999Z,13.832712,-89.770874,6.4,2.6193,MLc,0.13,199,15,0.0168,0.025,
eslv2026tmpusykc,ohdd2026zeradm6m,hypodd,ohyp20263yq6yrq5,2025-11-05T04:07:24.019999Z,13.833587,-89.771541,6.678,1.6262,MLc,0.158,207,12,0.0161,0.0255,
eslv2026ouozjvl7,ohdd2026cyjg7kdy,hypodd,ohyp2026gd7k54rt,2025-11-05T04:09:27.879999Z,13.829195,-89.761914,1.074,1.3595,MLc,0.106,220,8,0.0156,0.0397,
eslv2026ykbqxdrx,ohdd2026zv7mqbkx,hypodd,ohyp2026lzx3igfp,2025-11-05T04:28:14.519999Z,13.830578,-89.77133,5.328,0.9501,MLc,0.168,205,10,0.0175,0.0302,
eslv2026xiu2t2g5,ohdd20263npqegc6,hypodd,ohyp2026aolcdfvz,2025-11-05T04:56:32.979999Z,13.827587,-89.776888,4.704,1.4684,MLc,0.154,215,10,0.0192,0.0204,
eslv202652do77v6,ohdd2026vcok5vnn,hypodd,ohyp2026odqq6yry,2025-11-05T05:01:40.679999Z,13.832224,-89.770565,6.352,2.433,MLc,0.109,205,14,0.0166,0.0259,
eslv20266ihfskke,ohdd2026tuxb3er6,hypodd,ohyp2026uqa43kp6,2025-11-05T05:10:10.550000Z,13.832026,-89.770988,6.165,1.4407,MLc,0.105,207,13,0.0164,0.0251,
eslv2026fdbkyzhv,ohdd20267cyeajg4,hypodd,ohyp2026lm7xoroe,2025-11-05T05:16:48.090000Z,13.841088,-89.75577,7.311,1.0907,MLc,0.224,243,6,0.0173,0.0258,
eslv2026h3j3yjkb,ohdd2026lufy2oj6,hypodd,ohyp2026j2h2yq22,2025-11-05T05:42:27.339999Z,13.824246,-89.778507,3.244,0.6877,MLc,0.136,232,6,0.0201,0.0193,
eslv2026lw2wpkee,ohdd2026ksyfzldq,hypodd,ohyp20267rjagruh,2025-11-05T05:58:50.609999Z,13.831943,-89.771704,6.236,1.2256,MLc,0.102,208,14,0.0147,0.0267,
eslv2026zhhsfoxw,ohdd2026mvubeuxu,hypodd,ohyp2026gkrhhu4p,2025-11-05T06:29:31.210000Z,13.828703,-89.775968,4.964,0.8605,MLc,0.137,213,9,0.0198,0.0204,
eslv2026j7qa3ibh,ohdd2026glyw2hou,hypodd,ohyp2026zyz4yieo,2025-11-05T06:31:36.539999Z,13.834391,-89.767603,6.296,1.1719,MLc,0.238,229,8,0.0177,0.0271,
eslv2026466f23kf,ohdd2026j5hlury7,hypodd,ohyp2026puegfujb,2025-11-05T06:37:31.050000Z,13.834576,-89.768962,6.557,1.1168,MLc,0.224,243,7,0.0179,0.0344,
eslv2026sz4dgcyb,ohdd20262wuyve6z,hypodd,ohyp2026hz2egncj,2025-11-05T06:50:21.609999Z,13.829968,-89.774471,5.599,0.7854,MLc,0.094,209,7,0.0151,0.024,
eslv2026p5e425be,ohdd2026hcan2xr5,hypodd,ohyp2026i2ho4zxm,2025-11-05T06:52:35.310000Z,13.831603,-89.771704,6.137,1.3159,MLc,0.105,207,12,0.0134,0.025,
eslv2026vn6rvjy2,ohdd2026zr5brsf3,hypodd,ohyp2026mhjbaycw,2025-11-05T06:56:45.759999Z,13.831316,-89.771891,5.822,1.3145,MLc,0.178,224,11,0.014,0.024,
eslv20262qzhirrc,ohdd2026hf5v6dfk,hypodd,ohyp2026ji2vmton,2025-11-05T07:12:55.909999Z,13.831578,-89.770915,5.753,1.1074,MLc,0.138,224,8,0.0201,0.0294,
eslv20262q2rhvao,ohdd2026okrulfll,hypodd,ohyp2026ptd4y7kt,2025-11-05T07:13:59.079999Z,13.832299,-89.772396,6.303,1.6344,MLc,0.105,204,13,0.0154,0.0256,
eslv2026gqgs5vzz,ohdd20263lkmtp23,hypodd,ohyp2026zr2xj7mn,2025-11-05T07:29:20.420000Z,13.833104,-89.76945,6.33,2.6212,MLc,0.146,207,16,0.0161,0.0255,
eslv2026nuytmjry,ohdd2026xvvupx2c,hypodd,ohyp2026uhn7prce,2025-11-05T07:30:45.460000Z,13.832034,-89.770418,6.279,1.8434,MLc,0.135,205,14,0.0154,0.0259,
eslv2026nqspgqof,ohdd2026gfgcpfn5,hypodd,ohyp2026kakqr6sn,2025-11-05T07:32:01.620000Z,13.914304,-89.724129,5.863,0.5681,MLc,0.189,278,7,0.0274,0.03,
eslv2026c2l4yu3g,ohdd20264n44rqka,hypodd,ohyp2026g74wjiqj,2025-11-05T07:34:06.370000Z,13.829766,-89.77137,5.525,0.8421,MLc,0.169,205,11,0.0266,0.0348,
eslv2026lcrmjr5y,ohdd20267huaqkyk,hypodd,ohyp2026huqy6thd,2025-11-05T07:37:45.079999Z,13.832317,-89.769629,6.197,0.6955,MLc,0.257,234,6,0.0226,0.0364,
eslv2026vrkqzmjf,ohdd2026vxyegf2l,hypodd,ohyp2026nw3rljas,2025-11-05T07:42:00.030000Z,13.830496,-89.773389,5.953,0.956,MLc,0.113,208,12,0.014,0.0248,
eslv2026xfrnhjwv,ohdd2026io4dgg7b,hypodd,ohyp2026ikrcvyxg,2025-11-05T07:54:52.960000Z,13.831443,-89.772168,5.954,1.7149,MLc,0.213,204,12,0.0158,0.024,
eslv2026egpockvl,ohdd2026p6umvrqj,hypodd,ohyp2026kijlyjiv,2025-11-05T07:55:34.259999Z,13.829777,-89.774609,5.242,1.2365,MLc,0.12,210,10,0.017,0.0254,
eslv2026hhtpukbr,ohdd2026xkka6ok2,hypodd,ohyp2026t5uiuhhc,2025-11-05T08:08:00.780000Z,13.831479,-89.770736,5.834,0.9659,MLc,0.145,245,6,0.0184,0.025,
eslv2026d67ootzk,ohdd2026isv7jcu7,hypodd,ohyp2026hezcmqcn,2025-11-05T08:29:11.800000Z,13.830816,-89.773283,6.187,0.813,MLc,0.138,212,11,0.0135,0.0254,
eslv2026he6mu5hc,ohdd2026mznna6tt,hypodd,ohyp20263nfxtrib,2025-11-05T08:33:08.470000Z,13.829314,-89.775521,5.47,1.4289,MLc,0.174,208,11,0.0123,0.023,
eslv2026eam7wuha,ohdd20266qhvpubz,hypodd,ohyp2026eahm6b2n,2025-11-05T09:03:02.450000Z,13.819493,-89.774341,1.871,0.7527,MLc,0.129,251,7,0.1161,0.1936,
eslv20264sgydstd,ohdd2026mhivjtj6,hypodd,ohyp2026bduslxu3,2025-11-05T09:25:41.969999Z,13.830938,-89.772404,5.956,1.5028,MLc,0.144,207,15,0.0137,0.0223,
eslv2026vud3d3ay,ohdd2026duhmlzh4,hypodd,ohyp2026l4o2qs3e,2025-11-05T09:33:45.789999Z,13.832413,-89.769767,6.193,1.8547,MLc,0.142,201,14,0.0158,0.026,
eslv2026nrnwjo5q,ohdd2026cg7xfwml,hypodd,ohyp20265a34slou,2025-11-05T09:42:29.079999Z,13.832428,-89.770402,6.28,1.1102,MLc,0.116,203,13,0.0145,0.0254,
eslv20264ij444qf,ohdd2026tym2vjhk,hypodd,ohyp2026zzoawxxi,2025-11-05T09:45:49.039999Z,13.831519,-89.771468,6.132,1.432,MLc,0.11,209,12,0.0133,0.0227,
eslv2026vj2iebjy,ohdd20265u6lrsfq,hypodd,ohyp20267rd5xrj4,2025-11-05T09:50:35.070000Z,13.952362,-89.729736,2.179,0.1327,MLc,0.042,282,6,0.1689,0.2114,
eslv2026xclor7xq,ohdd2026b7mvdt3n,hypodd,ohyp20266lliueqc,2025-11-05T10:44:51.109999Z,13.830643,-89.773478,5.988,1.6529,MLc,0.124,208,12,0.0192,0.0317,
eslv2026josi5wxg,ohdd2026kjlygjux,hypodd,ohyp2026bxpwi4lq,2025-11-05T11:46:53.289999Z,13.829647,-89.775627,5.254,1.4624,MLc,0.099,211,10,0.0157,0.029,
eslv2026ae5563t2,ohdd2026afjukaup,hypodd,ohyp2026ufsdu4dd,2025-11-05T14:31:21.149999Z,13.825391,-89.7795,4.217,1.4153,MLc,0.131,225,7,0.0211,0.024,
eslv2026qnbtwt4x,ohdd2026ptsyg62y,hypodd,ohyp2026ijviykhv,2025-11-05T14:45:45.460000Z,13.825971,-89.784652,3.278,1.2702,MLc,0.187,224,8,0.0332,0.0535,
eslv2026fmh3nqk2,ohdd2026trqrlh6m,hypodd,ohyp2026yi5eao4u,2025-11-05T15:35:39.950000Z,13.829707,-89.771053,4.866,1.5114,MLc,0.229,230,6,0.0255,0.0218,
eslv2026faofvcxf,ohdd2026o7adciup,hypodd,ohyp2026zgdyioqo,2025-11-05T20:04:46.560000Z,13.829154,-89.774398,5.193,1.4341,MLc,0.129,213,10,0.0153,0.0237,
eslv2026sejahadq,ohdd2026ty5f5tlk,hypodd,ohyp2026yy3zlvvg,2025-11-05T21:46:45.560000Z,14.083358,-89.835791,6.748,2.0817,MLc,0.093,151,9,0.0179,0.0292,
eslv202622xnwicn,ohdd2026oanie4v5,hypodd,ohyp2026ecvqt7dr,2025-11-05T22:02:19.600000Z,13.826452,-89.777026,4.414,1.5427,MLc,0.133,243,6,0.0188,0.0254,
eslv2026lbcdr3wv,ohdd2026bqmp6qop,hypodd,ohyp2026f63c6qtu,2025-11-05T22:03:28.079999Z,13.829807,-89.774683,5.464,1.7854,MLc,0.197,209,9,0.0129,0.0252,
eslv2026ozoqnump,ohdd2026ggdvsr2o,hypodd,ohyp2026xmlizhnk,2025-11-05T23:26:54.119999Z,13.824012,-89.779183,3.265,1.4687,MLc,0.126,234,7,0.0201,0.0225,
eslv20265lqghoqw,ohdd2026cmmox5y5,hypodd,ohyp2026sgf3qra2,2025-11-05T23:29:31.300000Z,13.831879,-89.770923,6.354,2.842,MLc,0.133,197,16,0.0186,0.0285,
eslv2026lhb5urg2,ohdd2026o7qhqnvz,hypodd,ohyp20264nycw4vt,2025-11-05T23:32:07.219999Z,13.821793,-89.778923,2.758,1.4919,MLc,0.158,246,7,0.028,0.032,
eslv2026ywl46vqe,ohdd20267urwkkrs,hypodd,ohyp2026irx4d4gf,2025-11-05T23:36:40.880000Z,13.85676,-89.780745,15.594,1.3831,MLc,0.165,224,10,0.0202,0.0159,
eslv2026gw74kq5b,ohdd2026ojodxys5,hypodd,ohyp2026yfh5pqkt,2025-11-05T23:37:35.479999Z,13.82333,-89.780396,3.354,1.1528,MLc,0.159,235,6,0.0208,0.0224,
eslv2026xlu7uomx,ohdd2026bpbxthyq,hypodd,ohyp2026mm6glkvb,2025-11-05T23:47:07.280000Z,13.830353,-89.774259,5.338,1.7786,MLc,0.171,213,10,0.0193,0.025,
eslv2026skq7mby5,ohdd2026fjia3336,hypodd,ohyp2026bt6yh7hy,2025-11-05T23:50:24.719999Z,14.004552,-89.700269,0.507,1.3307,MLc,0.471,304,6,0.794,0.6526,
eslv20264sk3vudp,ohdd20262uwlsag5,hypodd,ohyp2026pjyikm45,2025-11-05T23:51:48.840000Z,13.897095,-89.695671,8.035,1.1347,MLc,0.169,173,6,0.0689,0.061,
eslv2026ariegk7c,ohdd20263xug5nfk,hypodd,ohyp20264u6u5y7q,2025-11-05T23:54:03.560000Z,13.82722,-89.77618,4.835,2.0705,MLc,0.128,215,10,0.0184,0.0168,
eslv2026zz4nt3cd,ohdd20266ku5oryw,hypodd,ohyp2026t7i5tii7,2025-11-06T00:11:11.990000Z,13.829431,-89.774854,5.209,1.5649,MLc,0.115,210,10,0.0126,0.0247,
eslv2026hfsp3gkp,ohdd2026pqbyw56n,hypodd,ohyp2026ovz6yfww,2025-11-06T00:27:33.130000Z,13.834085,-89.76779,6.271,1.4471,MLc,0.29,214,6,0.0291,0.0402,
eslv20264qguyibr,ohdd2026jw6maiad,hypodd,ohyp2026mgeflaap,2025-11-06T01:04:21.899999Z,13.826687,-89.777238,4.822,1.3324,MLc,0.143,215,9,0.0189,0.0191,
eslv2026lewtbbwh,ohdd2026pk7nv3bt,hypodd,ohyp2026fdzixljy,2025-11-06T01:12:01.770000Z,14.038175,-89.816545,4.854,1.7455,MLc,0.199,147,11,0.0406,0.0415,
eslv2026gcgqb57c,ohdd2026hh2so6bw,hypodd,ohyp20266ydzo2zp,2025-11-06T02:13:48.899999Z,13.833263,-89.770036,6.128,2.8085,MLc,0.149,199,15,0.016,0.0259,
eslv2026o6njrfyz,ohdd2026k5flpd7w,hypodd,ohyp20262s4dupld,2025-11-06T02:14:29.429999Z,13.832472,-89.770394,6.037,2.7473,MLc,0.098,207,11,0.0153,0.0241,
eslv2026mcpgcxmu,ohdd2026mptxfuum,hypodd,ohyp2026pss3iv7q,2025-11-06T02:15:14.210000Z,13.830275,-89.77216,6.675,,,0.212,223,6,0.0278,0.0354,
eslv2026s4xearf2,ohdd2026h4h7zi6y,hypodd,ohyp2026obg4mti6,2025-11-06T02:15:21.309999Z,13.832212,-89.76993,6.214,2.0254,MLc,0.137,201,12,0.0149,0.0247,
eslv2026qtmial2i,ohdd2026b5wbvrzk,hypodd,ohyp20265by36m6j,2025-11-06T02:18:14.250000Z,13.820981,-89.770679,6.779,1.2331,MLc,0.381,268,7,0.0289,0.0509,
eslv2026w42ogat3,ohdd2026ngzehoo7,hypodd,ohyp20267vpyvpsy,2025-11-06T02:27:28.570000Z,13.822872,-89.781152,3.217,1.2877,MLc,0.165,230,6,0.0211,0.0297,
eslv2026lw6rw34p,ohdd2026lbs2prwf,hypodd,ohyp2026gzdgw456,2025-11-06T02:31:43.990000Z,13.822358,-89.781787,2.873,1.459,MLc,0.155,230,6,0.0218,0.0295,
eslv2026huyywmpg,ohdd20264dzmrsff,hypodd,ohyp2026ikgjb4e5,2025-11-06T02:32:17.170000Z,13.936363,-89.80494,2.686,0.9195,MLc,0.087,328,6,0.0325,0.0344,
eslv2026hdomyfdy,ohdd2026dzejzpkh,hypodd,ohyp2026spvzeznr,2025-11-06T02:32:51.719999Z,13.827622,-89.776058,5.198,1.4342,MLc,0.17,227,9,0.0227,0.0363,
eslv20267bbaiv5h,ohdd2026xk65qtmw,hypodd,ohyp2026n47boszl,2025-11-06T02:43:08.330000Z,13.832285,-89.770044,5.74,1.6005,MLc,0.101,222,7,0.0134,0.0241,
eslv2026bpcxjklu,ohdd2026cxewtbrv,hypodd,ohyp2026rldnzfca,2025-11-06T02:43:58.539999Z,13.83034,-89.775301,5.797,1.5873,MLc,0.112,209,9,0.012,0.0232,
eslv2026bp4otz7k,ohdd2026tr7wqj6k,hypodd,ohyp2026x6zaath7,2025-11-06T02:45:42.030000Z,13.844095,-89.754451,7.769,1.3735,MLc,0.358,236,6,0.0239,0.0258,
eslv2026qqqw35zr,ohdd2026wmawzbub,hypodd,ohyp20263343lwmh,2025-11-06T02:50:50.060000Z,13.935875,-89.724552,4.815,1.1023,MLc,0.034,287,6,0.0364,0.0284,
eslv2026ocycmfmc,ohdd2026bbako4xi,hypodd,ohyp2026xp2johvi,2025-11-06T02:55:08.460000Z,13.880486,-89.760457,9.395,1.1713,MLc,0.213,213,7,0.0428,0.031,
eslv2026kqdfos2l,ohdd2026qrmwrwjt,hypodd,ohyp2026y5ka2mcz,2025-11-06T05:00:22.719999Z,13.831346,-89.770728,5.45,1.29,MLc,0.176,227,8,0.0168,0.0277,
eslv2026pmba6zcb,ohdd2026letyzgmx,hypodd,ohyp2026kp2fqley,2025-11-06T05:17:45.619999Z,13.831714,-89.771558,6.196,2.5516,MLc,0.128,204,15,0.0156,0.0261,
eslv2026lssvni2g,ohdd2026pmm6xgh3,hypodd,ohyp2026w3xwjxix,2025-11-06T05:19:14.630000Z,13.824085,-89.780094,3.689,0.8579,MLc,0.215,218,10,0.0201,0.0207,
eslv2026pfpnowhm,ohdd2026itrofovj,hypodd,ohyp2026pi6dyddu,2025-11-06T05:20:03.970000Z,13.829902,-89.77321,5.475,1.3401,MLc,0.128,224,9,0.0184,0.0319,
eslv2026lllprugu,ohdd2026tyuak4dk,hypodd,ohyp2026uzwhbeer,2025-11-06T06:01:58.579999Z,13.831533,-89.769775,5.699,1.0205,MLc,0.261,245,7,0.0205,0.0266,
eslv202627asqcf4,ohdd20262yffmfea,hypodd,ohyp20265y37fum5,2025-11-06T06:22:40.340000Z,13.826553,-89.774797,4.443,0.7432,MLc,0.11,218,8,0.023,0.0333,
eslv2026dmk5hzbm,ohdd2026ugdn2av4,hypodd,ohyp20263qi2qhhx,2025-11-06T06:50:22.109999Z,13.824647,-89.778768,3.785,0.6228,MLc,0.126,215,8,0.0201,0.0209,
eslv20264ynhbhx2,ohdd20263pp5fpom,hypodd,ohyp2026tv3pvklj,2025-11-06T07:17:32.000000Z,13.832232,-89.770036,6.334,1.6281,MLc,0.095,206,14,0.0163,0.0256,
eslv2026nxq7n2il,ohdd2026o22m55x4,hypodd,ohyp20266khjfd3l,2025-11-06T07:22:08.740000Z,13.831777,-89.772371,6.436,1.5676,MLc,0.137,205,14,0.0165,0.0256,
eslv2026qxkjt5mk,ohdd2026hkdcwzwm,hypodd,ohyp20265cpmlnnp,2025-11-06T07:28:51.979999Z,13.886343,-89.74943,4.546,0.6306,MLc,0.282,133,9,0.0324,0.028,
eslv2026ys4y5eiv,ohdd2026mzarg5tc,hypodd,ohyp20265lqabbn4,2025-11-06T08:07:17.690000Z,13.830261,-89.776628,5.544,1.0539,MLc,0.182,232,8,0.0203,0.0326,
eslv2026vjujkbkk,ohdd2026qe2cbqxc,hypodd,ohyp20262m2ucq2p,2025-11-06T10:08:57.880000Z,13.829969,-89.774821,4.87,0.8582,MLc,0.209,217,8,0.0227,0.0227,
eslv20266c5vee7s,ohdd20266t4x2xr5,hypodd,ohyp2026gmdt2vl6,2025-11-06T10:13:48.700000Z,13.833407,-89.771696,6.214,1.0187,MLc,0.132,209,12,0.0153,0.026,
eslv2026fhtlnsxu,ohdd20266phbt6qt,hypodd,ohyp2026pszv6dfm,2025-11-06T10:19:30.780000Z,13.832933,-89.770581,6.5,1.2361,MLc,0.149,208,12,0.0153,0.0248,
eslv2026ask6qwoi,ohdd2026rgvq4i2r,hypodd,ohyp202637gqse6p,2025-11-06T10:32:51.289999Z,13.831954,-89.771143,6.308,1.697,MLc,0.102,205,12,0.016,0.0258,
eslv2026iltx4pbw,ohdd2026owe4n6b3,hypodd,ohyp2026se4rm623,2025-11-06T10:37:38.310000Z,13.830682,-89.773511,5.898,0.8849,MLc,0.132,216,7,0.0159,0.0358,
eslv20266ew544y4,ohdd2026byp4ugfu,hypodd,ohyp2026yiajulbh,2025-11-06T10:42:46.409999Z,13.831215,-89.771549,5.95,2.0162,MLc,0.089,208,14,0.0132,0.0235,
eslv20263f6qrlvd,ohdd2026vggjmjzl,hypodd,ohyp2026wedfsi3k,2025-11-06T10:48:34.250000Z,13.830415,-89.772062,5.905,1.5465,MLc,0.104,222,8,0.0146,0.0271,
eslv2026wzl5olsp,ohdd2026a4bnfxks,hypodd,ohyp2026it4rpsey,2025-11-06T10:48:58.079999Z,13.858616,-89.762492,3.215,0.6724,MLc,0.264,174,6,0.029,0.0292,
eslv2026virzmaxf,ohdd2026dnn2kj4u,hypodd,ohyp20262wmpky7z,2025-11-06T10:56:25.010000Z,13.88122,-89.77382,6.271,0.4755,MLc,0.151,141,6,0.0425,0.0317,
eslv20266pwg6iok,ohdd2026xqwq7fsg,hypodd,ohyp20266u7foc5b,2025-11-06T11:00:50.780000Z,13.880305,-89.791121,10.233,0.3955,MLc,0.012,179,8,0.033,0.0386,
eslv2026ch5vk2gx,ohdd20264tljwctp,hypodd,ohyp2026s4ysidwt,2025-11-06T11:04:08.179999Z,13.826877,-89.778125,5.404,1.579,MLc,0.134,213,8,0.025,0.0508,
eslv2026fnkqr7vc,ohdd2026zacvedsk,hypodd,ohyp2026sdr6oaky,2025-11-06T11:26:08.380000Z,13.829431,-89.774227,5.18,1.7155,MLc,0.129,213,11,0.0154,0.0253,
eslv2026fwocdkdq,ohdd2026i63ozejr,hypodd,ohyp2026ykhax4p7,2025-11-06T11:36:37.920000Z,13.820969,-89.780835,13.186,0.9899,MLc,0.287,233,6,0.236,0.2043,
eslv20266bxuq2us,ohdd2026jokzwet2,hypodd,ohyp2026oc2qzwad,2025-11-06T11:37:04.400000Z,13.827616,-89.776278,4.881,1.0749,MLc,0.133,211,9,0.0186,0.0169,
eslv2026djhk6ts7,ohdd2026ppnzs4vi,hypodd,ohyp2026vdi6yg5a,2025-11-06T11:40:33.659999Z,13.831714,-89.772111,6.196,1.3539,MLc,0.115,208,12,0.0269,0.0355,
eslv2026wvzmvjdg,ohdd2026mhofuvgn,hypodd,ohyp2026on7shwvd,2025-11-06T11:49:54.299999Z,13.833435,-89.773877,6.609,1.0494,MLc,0.137,227,6,0.0224,0.0233,
eslv2026wcjdqddn,ohdd2026hmpsfcab,hypodd,ohyp2026q7zyls7s,2025-11-06T12:33:04.349999Z,13.824232,-89.779443,3.502,1.313,MLc,0.167,228,6,0.02,0.0257,
eslv2026jchyt6pq,ohdd2026ztw7feuj,hypodd,ohyp202625sgbgwt,2025-11-06T17:11:48.100000Z,14.081476,-89.831925,6.554,1.663,MLc,0.142,165,8,0.0344,0.0402,
eslv2026urx2ofpb,ohdd2026a4trf2eq,hypodd,ohyp2026q2vaaiwb,2025-11-06T18:55:35.759999Z,14.082048,-89.824162,8.568,0.906,MLc,0.129,167,6,0.0342,0.0412,
eslv2026lm7kzxwt,ohdd2026p4mivnbn,hypodd,ohyp2026ietr33ml,2025-11-07T03:52:23.280000Z,13.831647,-89.771037,5.933,1.9333,MLc,0.105,204,15,0.0117,0.0227,
eslv20266vloo46j,ohdd20263sg2tva6,hypodd,ohyp20262nyrq3jk,2025-11-07T06:02:43.270000Z,13.83145,-89.771745,6.304,0.7961,MLc,0.13,209,9,0.0291,0.0325,
eslv20262obg7aj3,ohdd2026aycimzqx,hypodd,ohyp20265fslp6it,2025-11-07T06:12:50.719999Z,13.830723,-89.773153,5.797,1.6669,MLc,0.124,202,14,0.0129,0.0237,
eslv2026wtlz7ojn,ohdd2026oqxzmmk6,hypodd,ohyp2026663pxhih,2025-11-07T09:12:35.750000Z,13.822686,-89.78217,3.538,0.8959,MLc,0.155,215,9,0.0237,0.0202,
eslv2026c4hiwmov,ohdd2026h3yzzv66,hypodd,ohyp2026mcauqafb,2025-11-07T09:12:49.000000Z,13.832322,-89.770475,6.371,2.0651,MLc,0.128,205,15,0.0153,0.029,
eslv2026jialsujs,ohdd2026guxwkt37,hypodd,ohyp2026y64yqlnp,2025-11-07T10:37:40.340000Z,14.106483,-89.861589,6.494,2.0078,MLc,0.282,275,14,0.0344,0.0268,
eslv2026kkpv4jbp,ohdd2026of4delne,hypodd,ohyp2026mlco44oa,2025-11-07T14:02:34.740000Z,13.833979,-89.771712,6.639,1.5826,MLc,0.146,220,6,0.0237,0.0345,
eslv20262mduubck,ohdd20266huf7thk,hypodd,ohyp2026izp3cfav,2025-11-07T17:53:13.119999Z,13.830893,-89.773193,6.194,1.8129,MLc,0.087,205,10,0.013,0.0227,
eslv2026a7j7rdbu,ohdd2026mk6jh6t5,hypodd,ohyp2026rocnvqiq,2025-11-07T17:53:41.399999Z,13.819345,-89.785563,6.891,1.281,MLc,0.368,229,6,0.0687,0.0523,
eslv2026rz6bcm6o,ohdd2026xdvi6qqi,hypodd,ohyp2026aekako43,2025-11-07T17:54:08.980000Z,13.830334,-89.773665,5.537,2.0216,MLc,0.144,207,11,0.0111,0.0242,
eslv2026nlawxin2,ohdd2026ya6xmhvy,hypodd,ohyp2026de4ozu7t,2025-11-07T18:07:10.119999Z,13.822629,-89.77972,3.227,1.5301,MLc,0.118,212,11,0.0224,0.0228,
eslv2026q2oiehrf,ohdd2026iwkj2zoa,hypodd,ohyp2026jb3q6lsj,2025-11-07T18:10:01.800000Z,13.84055,-89.732007,0.674,2.1875,MLc,0.201,195,11,0.0529,0.092,
eslv2026m3newxi2,ohdd2026ua5kovym,hypodd,ohyp2026zpzhhtvu,2025-11-07T18:12:03.180000Z,13.831011,-89.772502,6.245,2.0541,MLc,0.131,205,12,0.0144,0.0266,
eslv20262xcihnvb,ohdd2026unx4hsfu,hypodd,ohyp2026pyfbcwur,2025-11-07T18:24:03.839999Z,13.823153,-89.779932,3.615,1.7908,MLc,0.146,213,10,0.0217,0.0182,
eslv20263vvg3fqh,ohdd20262uweuxfu,hypodd,ohyp2026q4ivixua,2025-11-07T18:33:58.759999Z,13.833174,-89.76818,6.518,1.5309,MLc,0.161,208,11,0.018,0.0256,
eslv2026jixepwer,ohdd20267iwp3ejz,hypodd,ohyp20265ipuujfh,2025-11-07T18:50:19.480000Z,13.832916,-89.768905,6.05,2.2564,MLc,0.124,204,13,0.0199,0.0262,
eslv20264nwnimdk,ohdd202673cx244e,hypodd,ohyp2026g276pjyi,2025-11-07T18:54:27.239999Z,13.831011,-89.772664,6.136,1.9152,MLc,0.093,206,12,0.0132,0.0229,
eslv2026jhqs2774,ohdd2026svhjkge2,hypodd,ohyp2026jsriq6ej,2025-11-07T18:55:17.879999Z,13.821453,-89.777922,14.164,2.0978,MLc,0.215,231,7,0.0472,0.0746,
eslv2026unbf2nse,ohdd2026xgdxis3p,hypodd,ohyp2026atrrz753,2025-11-07T18:55:51.000000Z,13.831237,-89.772119,6.007,1.6002,MLc,0.104,207,10,0.0131,0.0242,
eslv2026crldypif,ohdd2026jrq4y4fx,hypodd,ohyp2026oxkmag4p,2025-11-07T19:02:01.720000Z,13.886499,-89.744702,5.802,1.1492,MLc,0.191,155,7,0.0309,0.0445,
eslv2026qubck4su,ohdd2026iqkwepxp,hypodd,ohyp2026ea5zsya5,2025-11-07T19:04:02.640000Z,13.831101,-89.771753,6.223,2.0999,MLc,0.131,207,14,0.0135,0.0249,
eslv20267vjxrsok,ohdd2026z5ebjar5,hypodd,ohyp2026mzk5y772,2025-11-07T19:04:59.799999Z,13.829934,-89.772705,5.254,1.7711,MLc,0.11,207,12,0.0141,0.0243,
eslv20267nlwise3,ohdd20266665w5pn,hypodd,ohyp2026asawchv7,2025-11-07T19:10:13.320000Z,13.827355,-89.775724,4.843,1.1762,MLc,0.092,210,7,0.0164,0.0173,
eslv2026k4udzbi2,ohdd2026suqfdkox,hypodd,ohyp2026ror3lgdl,2025-11-07T19:11:30.600000Z,13.829403,-89.774707,5.232,1.7627,MLc,0.089,208,12,0.0147,0.0224,
eslv2026ajnto2zl,ohdd2026dzvf2fbn,hypodd,ohyp2026fzyg7fey,2025-11-07T19:16:47.479999Z,13.826478,-89.777026,4.757,1.037,MLc,0.122,213,8,0.0191,0.019,
eslv2026e5migtas,ohdd2026hncf5wlj,hypodd,ohyp2026nucimhap,2025-11-07T19:21:32.840000Z,13.829781,-89.774202,5.578,1.5915,MLc,0.099,207,9,0.0123,0.0245,
eslv2026gbvtn33a,ohdd2026fi7plzkw,hypodd,ohyp2026oqtq7mhc,2025-11-07T19:24:56.579999Z,13.831074,-89.77203,5.799,1.7928,MLc,0.134,206,11,0.0118,0.0244,
eslv2026rb6pbdfg,ohdd2026q6yxyydq,hypodd,ohyp2026h5kbrvun,2025-11-07T19:28:47.960000Z,14.083264,-89.844694,6.614,1.505,MLc,0.135,183,7,0.026,0.0255,
eslv2026kacmaxe6,ohdd2026ctmdhrj3,hypodd,ohyp2026io3ezedn,2025-11-07T19:40:03.839999Z,13.828989,-89.77749,5.491,1.4027,MLc,0.142,210,8,0.0202,0.0308,
eslv2026ex23urje,ohdd2026ovfw5rrk,hypodd,ohyp2026fxqnkbad,2025-11-07T19:53:43.280000Z,13.830838,-89.772021,6.066,2.4996,MLc,0.11,204,13,0.0144,0.0238,
eslv20262qlmladr,ohdd2026brmwmuib,hypodd,ohyp20262up7n52c,2025-11-07T19:54:00.340000Z,13.830339,-89.774023,5.303,2.4798,MLc,0.086,210,12,0.0137,0.0236,
eslv20263qjhmo4p,ohdd2026dturs3h2,hypodd,ohyp2026v5nul7aa,2025-11-07T19:57:17.199999Z,13.832137,-89.767708,6.557,2.129,MLc,0.148,205,14,0.0165,0.0274,
eslv2026huibd3hr,ohdd2026khb62ljs,hypodd,ohyp20264jy6opqg,2025-11-07T20:10:45.840000Z,13.832805,-89.769653,6.844,2.0693,MLc,0.125,203,15,0.0197,0.0297,
eslv20263jxpjx5j,ohdd2026nyde4kul,hypodd,ohyp2026w7ch2sqp,2025-11-07T20:13:04.719999Z,13.859497,-89.75861,12.015,1.7493,MLc,0.025,188,7,0.7426,0.5809,
eslv2026t7icznlk,ohdd2026lbuxabdh,hypodd,ohyp2026va43o3qk,2025-11-07T20:21:19.359999Z,13.831288,-89.771606,6.045,2.114,MLc,0.122,207,12,0.0127,0.024,
eslv2026a2zeibnk,ohdd20263reoj7a6,hypodd,ohyp2026p6ijyjsi,2025-11-07T20:43:20.640000Z,13.830817,-89.773291,5.359,2.244,MLc,0.125,208,11,0.0122,0.0234,
eslv2026ee2rqgyz,ohdd2026l375xebx,hypodd,ohyp2026ymdsf3of,2025-11-07T20:52:29.000000Z,13.830863,-89.772192,6.057,2.0816,MLc,0.084,207,14,0.0135,0.0235,
eslv20262lkhu6vw,ohdd2026vygracrp,hypodd,ohyp2026ajunv23r,2025-11-07T23:04:41.439999Z,13.860815,-89.736304,11.421,1.2875,MLc,0.125,232,6,0.0173,0.0207,
eslv20267cadrxy3,ohdd2026orpcarvv,hypodd,ohyp2026vaa2ndgz,2025-11-07T23:06:17.140000Z,13.862227,-89.733089,12.057,1.0926,MLc,0.056,232,6,0.019,0.0204,
eslv2026kk3ggkgq,ohdd2026qymdfecg,hypodd,ohyp2026podfpzw5,2025-11-07T23:17:54.479999Z,13.826056,-89.777401,4.494,1.1809,MLc,0.155,224,6,0.0199,0.0228,
eslv2026uf46l2ys,ohdd2026bbodemnq,hypodd,ohyp2026mljnjmwn,2025-11-08T00:03:39.719999Z,13.838455,-89.764998,9.346,1.6857,MLc,0.475,244,6,0.0378,0.0438,
eslv2026tfqcku4w,ohdd2026s332lk5r,hypodd,ohyp20265bpojn5u,2025-11-08T03:47:43.829999Z,13.828273,-89.776082,5.003,1.2693,MLc,0.116,210,10,0.0194,0.0175,
eslv2026mqbh5z4f,ohdd2026y64tj2a3,hypodd,ohyp2026b6jswzlk,2025-11-08T03:48:00.180000Z,13.831308,-89.772681,5.954,2.0807,MLc,0.096,206,14,0.0121,0.0235,
eslv2026jt6qikqo,ohdd20262ykksnr7,hypodd,ohyp2026bjpsuvew,2025-11-08T03:59:52.490000Z,13.829262,-89.775822,5.436,0.9002,MLc,0.115,209,10,0.0201,0.0252,
eslv202664ddpzit,ohdd2026xdhdvaog,hypodd,ohyp20266zfmpxnj,2025-11-08T04:08:04.830000Z,13.842393,-89.770337,10.208,0.7206,MLc,0.209,226,7,0.0666,0.0582,
eslv2026pnfvdbal,ohdd2026a6vls5pq,hypodd,ohyp20266h6eonmk,2025-11-08T04:19:26.910000Z,13.827242,-89.777035,4.821,1.0852,MLc,0.118,211,8,0.0201,0.0192,
eslv2026v2hnbdnc,ohdd2026pnzlnud7,hypodd,ohyp2026l73m5m7t,2025-11-08T04:57:57.780000Z,13.827658,-89.774967,5.944,2.2091,MLc,0.188,214,13,0.0291,0.0581,
eslv2026zltqrt55,ohdd20265np25fbl,hypodd,ohyp2026jggtjnq4,2025-11-08T05:21:58.500000Z,13.829238,-89.777897,5.679,0.807,MLc,0.194,226,6,0.0227,0.0382,
eslv20266hqhj5mr,ohdd20263z5cblw4,hypodd,ohyp2026fub5wm7a,2025-11-08T06:53:03.930000Z,13.831464,-89.772681,5.887,1.1579,MLc,0.096,210,10,0.0142,0.0231,
eslv2026ok65l4ap,ohdd2026sxmu76rp,hypodd,ohyp2026767diqch,2025-11-08T07:46:08.519999Z,13.826109,-89.777409,4.738,0.6799,MLc,0.136,212,8,0.0194,0.0225,
eslv2026haj2qi27,ohdd20264ieipxp4,hypodd,ohyp2026zbfbejon,2025-11-08T08:05:25.370000Z,13.848805,-89.739543,4.874,0.6048,MLc,0.204,174,8,0.026,0.0276,
eslv20263h3pbsni,ohdd2026cwpk2gn6,hypodd,ohyp2026533bwee7,2025-11-08T10:58:25.480000Z,13.83027,-89.773714,5.01,1.0568,MLc,0.164,225,6,0.0262,0.0234,
eslv2026xlxafxjg,ohdd20263frjoqvl,hypodd,ohyp2026yriepqkt,2025-11-08T14:13:27.230000Z,13.867987,-89.711051,6.45,1.3683,MLc,0.182,130,7,0.0353,0.0275,
eslv20264bmgm46w,ohdd2026xz7cwmgh,hypodd,ohyp2026l2g2cefx,2025-11-08T14:43:26.260000Z,13.83202,-89.768376,6.095,1.7981,MLc,0.104,205,11,0.0157,0.0265,
eslv2026ww43b42a,ohdd2026suzb2mqq,hypodd,ohyp20266rhgjsih,2025-11-08T15:44:44.530000Z,13.866122,-89.711165,6.658,1.6293,MLc,0.217,132,9,0.0313,0.0214,
eslv2026hlewy2jg,ohdd2026m6pajlug,hypodd,ohyp2026obglhhc3,2025-11-08T17:41:25.199999Z,13.830171,-89.773356,5.578,1.4815,MLc,0.128,208,10,0.0139,0.0253,
eslv20267gpfcfkr,ohdd2026gpioezte,hypodd,ohyp2026a3hd3vnw,2025-11-09T10:45:46.439999Z,13.831136,-89.773031,6.232,0.979,MLc,0.149,207,11,0.0133,0.0261,
eslv20267mvh6bf5,ohdd2026ttbpe6hm,hypodd,ohyp2026jebvv74h,2025-11-09T21:35:38.280000Z,14.097672,-89.745638,8.57,1.1132,MLc,0.121,170,7,0.2146,0.2846,
eslv202643fpxeex,ohdd2026sljw6ufv,hypodd,ohyp20266cijszfc,2025-11-09T23:45:51.320000Z,13.880642,-89.770614,7.561,1.5012,MLc,0.021,268,6,0.0678,0.0523,
eslv2026x7ccg5ox,ohdd2026vhckcvug,hypodd,ohyp2026qmyhiby6,2025-11-10T00:55:14.960000Z,13.835472,-89.778068,5.784,1.183,MLc,0.321,248,6,0.0301,0.044,
eslv2026m65cqudf,ohdd2026nyfycqfm,hypodd,ohyp2026ytjyez67,2025-11-10T04:55:07.169999Z,14.104086,-89.854395,6.782,1.3547,MLc,0.153,219,6,0.0306,0.0301,
eslv2026jhkyujgp,ohdd2026aauvyfxe,hypodd,ohyp2026wzgteild,2025-11-11T16:23:35.399999Z,14.112912,-89.83243,1.977,1.678,MLc,0.317,296,6,0.0336,0.0399,
eslv20263qjdbm52,ohdd2026xc7oodnn,hypodd,ohyp2026frig2fsc,2025-11-12T05:47:28.260000Z,13.831782,-89.770605,6.062,2.3319,MLc,0.105,201,12,0.0166,0.0275,
eslv2026gvaul55q,ohdd2026rl6j6kbx,hypodd,ohyp2026a3s7x4fu,2025-11-13T16:30:48.920000Z,13.913558,-89.7243,4.949,1.3707,MLc,0.183,157,6,0.0217,0.0259,
eslv2026wdayyso3,ohdd2026gp4msu47,hypodd,ohyp20265shhv2ie,2025-11-14T23:09:45.859999Z,14.044642,-89.807747,4.761,1.2505,MLc,0.203,139,6,0.0269,0.0223,
eslv2026guldotge,ohdd2026subnukgd,hypodd,ohyp20267fxifj34,2025-11-15T00:14:47.649999Z,13.85376,-89.746313,2.309,1.4802,MLc,0.035,268,6,0.0364,0.0397,
eslv2026raat4jzd,ohdd20265hifg5yb,hypodd,ohyp2026u7x74pgf,2025-11-15T11:30:16.199999Z,13.835963,-89.768791,7.579,1.6392,MLc,0.332,238,6,0.029,0.0404,
eslv2026ujlxygcp,ohdd2026zmixwsrz,hypodd,ohyp2026xqufq2ct,2025-11-16T08:07:07.209999Z,13.907425,-89.76228,2.391,0.648,MLc,0.041,289,6,0.0371,0.0237,
eslv20266zizviar,ohdd20266d7te7au,hypodd,ohyp2026xief6lcw,2025-11-17T00:04:36.609999Z,13.830813,-89.772933,5.945,1.8735,MLc,0.095,207,11,0.0125,0.0232,
eslv2026b5ktqcx2,ohdd2026v4ivjmy5,hypodd,ohyp2026bwuz47x4,2025-11-17T08:49:13.009999Z,14.108217,-89.722982,16.555,0.9172,MLc,0.254,263,9,0.5503,0.7325,
eslv2026hg6jlgqr,ohdd2026vdpdhkqi,hypodd,ohyp2026w7ew2vmt,2025-11-17T16:07:30.359999Z,13.825946,-89.77644,4.722,1.9099,MLc,0.175,228,11,0.0214,0.0324,
eslv2026wmbfx7ur,ohdd20264zlddaux,hypodd,ohyp20266usaf7xq,2025-11-17T16:07:53.090000Z,13.831296,-89.771053,6.064,2.0475,MLc,0.114,207,15,0.0154,0.0251,
eslv2026yhkd2ln7,ohdd2026xotx5akm,hypodd,ohyp2026c3dg3ko7,2025-11-17T16:30:49.320000Z,13.831395,-89.771818,6.082,2.4388,MLc,0.16,204,15,0.0147,0.0238,
eslv2026iaizthsw,ohdd2026sgnnyx53,hypodd,ohyp2026yutsr5yo,2025-11-17T16:44:02.370000Z,13.831385,-89.771696,5.796,1.3573,MLc,0.157,199,10,0.0194,0.0251,
eslv2026q7euqfye,ohdd2026ox47mt55,hypodd,ohyp2026uywvkrvu,2025-11-17T16:44:39.439999Z,13.824267,-89.767277,2.79,1.7246,MLc,0.137,207,8,0.0296,0.0386,
eslv2026eenevuwe,ohdd2026a3dpoady,hypodd,ohyp2026hqka6l2g,2025-11-18T06:30:54.399999Z,13.832712,-89.769824,6.266,0.6459,MLc,0.44,232,6,0.0226,0.0313,
eslv2026ocxrape6,ohdd2026vmlmr5pw,hypodd,ohyp2026jnify42i,2025-11-18T12:32:59.450000Z,13.959931,-89.834473,9.28,1.6419,MLc,0.208,212,7,0.0136,0.0138,
eslv2026mukce55s,ohdd2026gz37woqs,hypodd,ohyp2026se67yb6p,2025-11-19T01:46:06.440000Z,14.032358,-89.839559,7.385,0.3567,MLc,0.142,145,6,0.0354,0.0298,
eslv20266wv724pr,ohdd2026os445jzw,hypodd,ohyp202657o2d63p,2025-11-19T07:33:24.760000Z,14.105291,-89.860636,6.439,1.5274,MLc,0.193,288,9,0.0342,0.0251,
eslv2026lb4xdmdo,ohdd2026frgaa7uc,hypodd,ohyp2026rtkcl4vp,2025-11-19T07:50:32.700000Z,14.104707,-89.860319,6.711,1.8888,MLc,0.251,269,15,0.0342,0.0287,
eslv2026ikd74dbc,ohdd20263fcpxzrt,hypodd,ohyp2026dcv7h7jq,2025-11-19T18:56:17.160000Z,14.104773,-89.86377,6.656,2.1328,MLc,0.174,273,13,0.0338,0.0249,
eslv2026a5h3hhju,ohdd20262waqi7ro,hypodd,ohyp2026ferpaezp,2025-11-19T21:52:17.260000Z,13.839934,-89.771322,10.233,1.4345,MLc,0.003,250,6,0.0375,0.0258,
eslv20266yyfvzw2,ohdd2026mg4b3pip,hypodd,ohyp2026zzogxfwy,2025-11-21T06:10:40.909999Z,13.831216,-89.777791,6.546,0.6622,MLc,0.137,234,7,0.0314,0.041,
eslv2026fhxlt2ij,ohdd2026cegcw7xh,hypodd,ohyp2026gj3exhuy,2025-11-21T16:11:14.570000Z,14.050179,-89.844694,5.994,1.5861,MLc,0.249,193,8,0.0379,0.04,
eslv2026ad22eufc,ohdd2026oglnt6ja,hypodd,ohyp2026g6zp7af4,2025-11-22T06:50:16.679999Z,14.051766,-89.822518,8.22,1.0187,MLc,0.118,148,10,0.0243,0.0243,
eslv2026ojrlwi2d,ohdd2026e6r4nqne,hypodd,ohyp2026dz42g36k,2025-11-22T13:30:51.990000Z,14.082633,-89.835474,6.828,1.9037,MLc,0.101,154,13,0.025,0.032,
eslv2026njcz4bv4,ohdd2026bvcsobrw,hypodd,ohyp2026rxicm4u2,2025-11-23T03:46:17.000000Z,13.836479,-89.770418,7.169,1.4206,MLc,0.123,219,7,0.0184,0.0264,
eslv2026sw62rruo,ohdd2026p5t7byed,hypodd,ohyp2026cp3ltvuc,2025-11-23T05:37:21.879999Z,14.051444,-89.908553,6.057,1.1183,MLc,0.191,266,8,0.0361,0.0338,
eslv2026nnclt3ii,ohdd2026lxz3ryfs,hypodd,ohyp20262efmoybt,2025-11-23T15:15:52.060000Z,13.832067,-89.770247,6.031,1.4606,MLc,0.131,208,14,0.0149,0.0266,
eslv2026lbjuy6kq,ohdd20265ohciee5,hypodd,ohyp2026jheexmqv,2025-11-26T05:36:53.689999Z,13.871313,-89.708325,6.112,0.9219,MLc,0.193,136,10,0.0338,0.0235,
eslv2026dn5ieosv,ohdd2026okrkpvuw,hypodd,ohyp2026xjzwnatk,2025-11-26T22:13:02.799999Z,14.053503,-89.823706,8.557,2.6937,MLc,0.263,137,16,0.0268,0.0182,
eslv20264ekwhh6u,ohdd2026465wl465,hypodd,ohyp20265n5sp3qk,2025-11-29T01:50:15.080000Z,13.872959,-89.805396,3.54,1.6085,MLc,0.321,291,6,0.0734,0.0756,
eslv20266xsqcwjb,ohdd2026vaxesjzy,hypodd,ohyp20267uhmeodc,2025-11-30T13:51:26.140000Z,13.877098,-89.779028,5.12,1.3677,MLc,0.246,209,11,0.0423,0.0359,
eslv2026rxkjkhl2,ohdd2026ajvzrlcp,hypodd,ohyp20266cscnwoq,2025-11-30T13:53:00.550000Z,13.877644,-89.776644,5.423,1.7692,MLc,0.293,205,9,0.0392,0.0382,
eslv2026k5bblhq3,ohdd2026qtgs7g4u,hypodd,ohyp20264unq2bby,2025-12-02T04:47:47.130000Z,14.041703,-89.814518,5.159,1.5744,MLc,0.252,134,10,0.0494,0.0598,
eslv2026wmuz4kcc,ohdd2026ku4r5cyd,hypodd,ohyp2026n26sfxfr,2025-12-02T15:12:58.539999Z,13.832142,-89.77006,6.294,2.1689,MLc,0.12,207,11,0.0211,0.025,
eslv2026njxjx3lf,ohdd2026glrmwgpo,hypodd,ohyp2026ubhskqog,2025-12-02T16:18:28.440000Z,13.856222,-89.742537,12.714,1.5463,MLc,0.21,180,6,0.0361,0.0259,
eslv2026pr4qoqcr,ohdd2026lghby36f,hypodd,ohyp2026tcw3ma4j,2025-12-02T16:39:07.400000Z,13.826889,-89.776554,4.727,1.4072,MLc,0.125,212,8,0.0206,0.0187,
eslv2026svdd6g5f,ohdd2026bstkljtc,hypodd,ohyp2026xsaavm7r,2025-12-03T05:39:31.649999Z,13.921304,-89.683797,4.149,0.881,MLc,0.089,121,6,0.0384,0.0264,
eslv2026moz37rev,ohdd20267p3gbt2w,hypodd,ohyp20266uvh7yh5,2025-12-04T00:45:36.000000Z,14.080475,-89.82596,9.402,0.6834,MLc,0.262,159,6,0.0229,0.0257,
eslv2026a7s6l7mf,ohdd20266kve57bs,hypodd,ohyp2026sbzosf7b,2025-12-04T04:33:44.899999Z,14.079108,-89.821818,7.73,1.0413,MLc,0.089,160,7,0.0292,0.0275,
eslv2026nwabp5e2,ohdd2026httnbvuo,hypodd,ohyp2026usyymnsk,2025-12-05T16:16:50.090000Z,14.082118,-89.838501,7.785,1.0185,MLc,0.157,149,6,0.028,0.0362,
eslv2026dyp4sm2a,ohdd2026ynufpfbb,hypodd,ohyp2026ikrqvksn,2025-12-05T18:09:28.600000Z,14.07809,-89.822111,7.713,1.6948,MLc,0.141,160,8,0.0302,0.0227,
eslv2026l7wg5vrf,ohdd2026mh5tzyrt,hypodd,ohyp2026cofl2v3k,2025-12-08T02:26:35.619999Z,14.079472,-89.827148,8.365,0.3087,MLc,0.132,162,6,0.0267,0.0312,
eslv2026f23plyr6,ohdd2026yrf2c3xi,hypodd,ohyp2026eugdyhtb,2025-12-08T23:43:02.680000Z,14.078055,-89.821729,7.598,1.2082,MLc,0.098,161,7,0.0295,0.0225,
eslv20264o6t2b5j,ohdd2026hvlzstfm,hypodd,ohyp2026s2si4pa5,2025-12-10T03:15:37.920000Z,13.913957,-89.735848,3.082,1.2855,MLc,0.184,160,8,0.0257,0.0319,
eslv2026se34glzg,ohdd2026h2ufwsoq,hypodd,ohyp2026cw474atn,2025-12-10T03:37:11.109999Z,13.917429,-89.744865,5.945,1.4262,MLc,0.281,144,7,0.0743,0.0516,
eslv2026n6lc4dnn,ohdd20263vobohv6,hypodd,ohyp2026qgk4h73u,2025-12-11T04:42:39.520000Z,14.049111,-89.835832,8.348,0.6321,MLc,0.203,176,6,0.0673,0.0401,
eslv2026jnlwnkjk,ohdd2026tqdjkxgc,hypodd,ohyp2026rdkarcbs,2025-12-11T05:22:31.170000Z,14.08205,-89.855868,5.12,1.682,MLc,0.166,209,6,0.0371,0.0321,
eslv2026qanesolh,ohdd20263enppzch,hypodd,ohyp2026strkcbhb,2025-12-11T06:49:25.269999Z,13.877282,-89.77487,5.173,1.6822,MLc,0.217,198,11,0.0436,0.029,
eslv202623sfwasw,ohdd2026q7wznxrc,hypodd,ohyp2026xfuncdh6,2025-12-11T12:25:37.420000Z,14.083435,-89.843848,6.324,2.2348,MLc,0.192,161,10,0.0223,0.0281,
eslv2026gbyxazv6,ohdd2026jfmuqcau,hypodd,ohyp2026t47vj4qt,2025-12-11T15:48:27.379999Z,14.056827,-89.915503,3.782,1.8576,MLc,0.036,297,6,0.0423,0.0486,
eslv2026ro4gwz6y,ohdd2026ijtnqvcu,hypodd,ohyp20263rornesa,2025-12-13T04:04:17.300000Z,13.874759,-89.810718,3.515,2.0826,MLc,0.233,235,7,0.0457,0.0385,
eslv2026pgk3uuiq,ohdd2026ntqata3c,hypodd,ohyp2026t53e2zci,2025-12-13T12:46:30.570000Z,13.872529,-89.809058,4.275,2.4185,MLc,0.178,215,13,0.0293,0.0334,
eslv2026rxtydhzo,ohdd2026aya2aaqq,hypodd,ohyp2026c72duwsb,2025-12-15T23:45:15.400000Z,14.07889,-89.824886,7.996,2.067,MLc,0.164,180,13,0.0259,0.03,
eslv2026c5h5t46m,ohdd2026frwdxhze,hypodd,ohyp2026gmlc7oso,2025-12-16T03:02:04.910000Z,14.080213,-89.824845,8.213,0.9839,MLc,0.136,180,7,0.0286,0.0318,
eslv2026k4rjgufk,ohdd2026ktkczue3,hypodd,ohyp2026wypst4ia,2025-12-16T09:57:37.140000Z,14.10153,-89.844661,11.593,0.5796,MLc,0.21,199,6,0.0078,0.0103,
eslv2026nlt4ylbv,ohdd2026qmg74443,hypodd,ohyp2026tpcaxxye,2025-12-16T10:46:23.570000Z,13.88503,-89.734375,7.562,1.7176,MLc,0.135,158,10,0.0207,0.0223,
eslv2026vlbzi2el,ohdd2026f4fj32p6,hypodd,ohyp2026up6pw7c7,2025-12-16T10:55:18.519999Z,13.88594,-89.73453,7.497,1.0967,MLc,0.188,159,7,0.0265,0.0246,
eslv2026w4u772ui,ohdd2026cpews34r,hypodd,ohyp2026z23cqe2x,2025-12-17T04:41:49.070000Z,13.827419,-89.776278,4.811,1.5228,MLc,0.14,214,7,0.0202,0.025,
eslv2026cvbl2c5b,ohdd2026fhr57v7s,hypodd,ohyp20266vccktf2,2025-12-17T23:20:18.719999Z,14.044162,-89.816219,6.938,3.0737,MLc,0.115,135,11,0.0265,0.0298,
eslv2026fwupbxdr,ohdd2026j666hemj,hypodd,ohyp2026hpamqsyr,2025-12-17T23:23:09.519999Z,14.043483,-89.808065,4.567,2.0465,MLc,0.149,132,9,0.0269,0.0226,
eslv2026uqgwqb75,ohdd2026zebnktol,hypodd,ohyp20266r4gf3xq,2025-12-17T23:23:38.920000Z,14.044526,-89.811133,4.8,2.6235,MLc,0.242,136,11,0.0318,0.0369,
eslv20266rgbamal,ohdd2026lthus5v2,hypodd,ohyp2026xlp23cz7,2025-12-17T23:24:38.200000Z,14.04573,-89.813957,6.919,2.12,MLc,0.208,133,10,0.0278,0.0346,
eslv20263cteqdta,ohdd2026fszg66uv,hypodd,ohyp2026vv4c54xl,2025-12-19T22:45:17.719999Z,13.826961,-89.777214,4.771,1.7521,MLc,0.14,231,6,0.0139,0.0263,
eslv2026rhfd7rfw,ohdd2026jr7bvbdb,hypodd,ohyp202642w4zpso,2025-12-20T07:07:53.329999Z,14.053608,-89.809229,4.81,1.5833,MLc,0.29,220,6,0.066,0.0455,
eslv20263hzhdrv2,ohdd2026h3fvkiom,hypodd,ohyp2026baim2s4u,2025-12-20T07:22:25.550000Z,14.057186,-89.822257,5.474,0.1712,MLc,0.19,182,6,0.0389,0.0385,
eslv2026gyr257dk,ohdd2026mkpvbptj,hypodd,ohyp2026n4tsdy54,2025-12-21T14:21:27.739999Z,14.0493,-89.843774,6.078,2.042,MLc,0.278,194,10,0.0368,0.04,
eslv2026biaz24ht,ohdd2026plljgzdb,hypodd,ohyp2026qwtcd6ho,2025-12-21T14:26:39.520000Z,14.059132,-89.823014,5.467,0.7792,MLc,0.264,229,6,0.0335,0.0333,
eslv2026jzgjygcu,ohdd2026ix6tiufv,hypodd,ohyp2026z4knuckp,2025-12-21T19:08:54.679999Z,14.084872,-89.839811,7.337,1.836,MLc,0.131,188,8,0.0264,0.0277,
eslv20264ixz2dhj,ohdd2026dkexba4p,hypodd,ohyp2026pcukseyj,2025-12-22T06:13:54.960000Z,14.079954,-89.823063,7.973,1.4434,MLc,0.237,187,11,0.0268,0.0285,
eslv2026onhwar7a,ohdd20266mhxuec4,hypodd,ohyp202646haz7z7,2025-12-23T16:14:52.350000Z,14.054464,-89.835327,4.428,2.6592,MLc,0.24,175,16,0.0321,0.0284,
eslv20265gywvk7c,ohdd20267llqtiub,hypodd,ohyp2026liiajdwb,2025-12-24T06:42:33.950000Z,14.057315,-89.82745,3.846,1.5384,MLc,0.142,171,9,0.0396,0.0422,
eslv2026pgl4y7ar,ohdd2026uzstvrim,hypodd,ohyp2026zwyip7i2,2025-12-24T11:17:24.510000Z,13.818448,-89.78409,5.09,0.9381,MLc,0.105,282,7,0.0453,0.0679,
eslv202646nw2n6l,ohdd2026cjfb3mnq,hypodd,ohyp2026o32xv2xi,2025-12-24T15:22:35.689999Z,13.808151,-89.816154,14.042,1.4004,MLc,0.341,290,6,0.3751,0.3184,
eslv20266mqu5r7n,ohdd20262h3dkpmk,hypodd,ohyp2026r2ryfvtm,2025-12-24T15:32:04.889999Z,13.797354,-89.772998,11.666,0.9507,MLc,0.307,269,8,0.2432,0.2022,
eslv2026qfqc4dtn,ohdd2026fvlueill,hypodd,ohyp2026jppucwcp,2025-12-24T16:19:58.060000Z,13.910711,-89.65245,7.782,1.334,MLc,0.084,151,9,0.0215,0.0328,
eslv2026heqacgz5,ohdd2026scmg7ndf,hypodd,ohyp2026xi7l3xmv,2025-12-25T05:32:04.839999Z,13.88178,-89.670475,10.676,0.5281,MLc,0.155,137,6,0.0517,0.0478,
eslv2026ufnplmij,ohdd2026eutcm65v,hypodd,ohyp2026lalrribc,2025-12-25T08:50:04.169999Z,14.027721,-89.897819,4.304,1.2539,MLc,0.138,246,6,0.0137,0.0152,
eslv20265sbrscxz,ohdd20262tz2ltau,hypodd,ohyp2026xeyhnxnh,2025-12-25T09:09:41.789999Z,13.830144,-89.774333,1.252,0.6095,MLc,0.12,262,8,0.033,0.0424,
eslv2026rsinlkri,ohdd2026ddjftuco,hypodd,ohyp2026izn55pbo,2025-12-26T00:22:02.720000Z,13.953914,-89.872746,8.284,0.899,MLc,0.032,226,6,0.0096,0.0107,
eslv2026lcwzzkni,ohdd2026v6gbwkbp,hypodd,ohyp202646hcwlid,2025-12-26T03:33:12.750000Z,13.877824,-89.804036,4.455,2.0835,MLc,0.237,205,12,0.0362,0.0294,
eslv20266nq7dtzz,ohdd2026ilv5bu3t,hypodd,ohyp2026gggj4456,2025-12-26T04:52:01.100000Z,14.081695,-89.854175,5.585,1.6519,MLc,0.143,146,11,0.0431,0.0377,
eslv2026d2dtowee,ohdd20267eweryem,hypodd,ohyp2026gyqqhvrv,2025-12-29T08:03:29.329999Z,13.845552,-89.76862,11.626,1.1132,MLc,0.083,218,10,0.0131,0.0214,
eslv20262ttzyj7o,ohdd2026ub7cggxu,hypodd,ohyp2026in4htojh,2025-12-29T14:21:21.829999Z,14.067725,-89.855656,3.759,2.4499,MLc,0.254,160,11,0.0314,0.0296,
eslv2026kvex6nuf,ohdd2026pymtasq2,hypodd,ohyp2026jsohmq2j,2025-12-29T14:24:09.240000Z,14.067717,-89.852848,3.276,1.5828,MLc,0.315,169,6,0.027,0.0374,
eslv2026q7h2koyp,ohdd2026b52ocf72,hypodd,ohyp20267webt564,2025-12-29T14:28:01.490000Z,14.069294,-89.85577,4.023,1.2265,MLc,0.289,161,6,0.0281,0.0283,
eslv2026mkdw4og2,ohdd2026asd3xp6d,hypodd,ohyp2026uzlmt5yi,2025-12-30T01:05:14.660000Z,13.899253,-89.75743,13.275,-0.1075,MLc,0.142,221,6,0.0607,0.041,
eslv2026n7ewpwk2,ohdd2026slgu6sfx,hypodd,ohyp2026y6rwbqfu,2025-12-30T06:40:14.820000Z,14.045343,-89.871558,6.465,0.5178,MLc,0.285,232,6,0.0198,0.0225,
eslv2026lefe6tvs,ohdd2026l5l33llr,hypodd,ohyp2026td2sdh5e,2026-01-01T05:13:25.440000Z,13.874121,-89.771224,7.411,0.913,MLc,0.149,201,7,0.0263,0.0208,
eslv2026hpb5awk4,ohdd20265krfxdsf,hypodd,ohyp202626qs3rro,2026-01-07T04:18:00.070000Z,13.829796,-89.773804,5.761,1.0971,MLc,0.106,212,10,0.019,0.0322,
eslv2026b3pfrslu,ohdd20265inyenqa,hypodd,ohyp2026hya24tbk,2026-01-07T04:53:45.560000Z,13.826955,-89.775765,4.437,0.8588,MLc,0.148,230,8,0.0207,0.027,
eslv2026nmr2fbty,ohdd2026jrby2sgu,hypodd,ohyp2026xgq4pynp,2026-01-08T06:54:05.280000Z,13.831593,-89.770866,6.453,1.3284,MLc,0.137,219,10,0.0169,0.0272,
eslv2026bbjenw3j,ohdd2026llbzigm7,hypodd,ohyp2026wn3djacz,2026-01-08T07:09:25.670000Z,13.824595,-89.762573,2.385,0.8651,MLc,0.172,268,8,0.0511,0.065,
eslv20266az53uqn,ohdd202656wzfgqw,hypodd,ohyp2026jgaqphot,2026-01-08T10:20:58.710000Z,14.081612,-89.824268,7.995,1.0797,MLc,0.195,163,6,0.0413,0.0505,
eslv20265n6n5wlt,ohdd2026vqaatudc,hypodd,ohyp2026cu47xyya,2026-01-08T11:25:26.219999Z,13.839866,-89.755192,1.493,0.6793,MLc,0.114,277,6,0.0413,0.0644,
eslv2026nuumbbxb,ohdd2026cjr6w4o6,hypodd,ohyp2026wsvzvaoc,2026-01-08T21:35:50.520000Z,14.045682,-89.81394,4.792,0.9854,MLc,0.226,141,6,0.0392,0.0461,
eslv2026mjqucml3,ohdd2026nub5v7sa,hypodd,ohyp2026h6pnt44v,2026-01-09T06:25:16.370000Z,14.043479,-89.826986,7.843,0.8804,MLc,0.114,166,6,0.0288,0.0208,
eslv2026aaiha4lh,ohdd2026uowvrz5i,hypodd,ohyp2026x7djsuva,2026-01-09T09:13:50.289999Z,13.867151,-89.801343,6.782,0.6773,MLc,0.282,289,6,0.045,0.074,
eslv2026mdce5mez,ohdd2026muq5yjao,hypodd,ohyp20267unv22vf,2026-01-09T10:25:52.229999Z,13.86936,-89.711198,6.329,1.2063,MLc,0.297,177,7,0.0332,0.0267,
eslv20264ojcpruf,ohdd2026y5kjfzu6,hypodd,ohyp20267fukvbfa,2026-01-09T11:02:57.789999Z,13.885267,-89.740641,13.853,1.9109,MLc,0.342,114,8,0.074,0.0418,
eslv2026hz3srb27,ohdd2026i7fbv6f6,hypodd,ohyp2026i6oo6b6z,2026-01-09T11:05:39.670000Z,13.864001,-89.716447,6.938,0.6873,MLc,0.22,167,7,0.037,0.036,
eslv20266psvyozf,ohdd2026oc32q65d,hypodd,ohyp2026xiccstp2,2026-01-09T15:56:18.379999Z,13.832133,-89.770435,6.216,3.1662,MLc,0.115,204,14,0.0165,0.0277,
eslv2026xm6idsou,ohdd2026prb7fcly,hypodd,ohyp2026eis5tltv,2026-01-09T16:07:36.280000Z,13.831853,-89.77321,6.069,1.3974,MLc,0.14,231,8,0.0226,0.0261,
eslv20264k3367n2,ohdd2026uv56zvj5,hypodd,ohyp2026ftek457c,2026-01-09T16:19:14.470000Z,13.832896,-89.770272,6.602,1.872,MLc,0.131,226,10,0.0322,0.0575,
eslv2026ahwwi6ig,ohdd2026locgepln,hypodd,ohyp2026og6yvd4j,2026-01-09T18:24:28.000000Z,13.832037,-89.76849,6.184,1.891,MLc,0.1,217,11,0.0155,0.0281,
eslv2026k2337isb,ohdd2026xb5xnf6k,hypodd,ohyp2026riyteoq5,2026-01-09T18:30:32.960000Z,13.833141,-89.772705,6.608,1.4151,MLc,0.127,225,8,0.0235,0.0314,
eslv20265zakc75y,ohdd2026koqi4q56,hypodd,ohyp2026oncqcc3n,2026-01-09T20:29:22.160000Z,13.828374,-89.77439,5.186,1.6225,MLc,0.124,220,8,0.0208,0.045,
eslv2026cft426eq,ohdd2026oevdpmuc,hypodd,ohyp2026krngdf3b,2026-01-10T02:37:51.399999Z,13.832895,-89.775171,7.045,0.9252,MLc,0.142,229,7,0.027,0.0246,
eslv20264z6xzbp3,ohdd2026yaat6uyd,hypodd,ohyp2026ccbzki4c,2026-01-10T05:45:05.059999Z,13.832292,-89.770117,6.279,1.4827,MLc,0.108,201,16,0.0157,0.0258,
eslv2026gpbbxuap,ohdd2026qsjptizz,hypodd,ohyp20266n4gbz4n,2026-01-11T09:05:22.250000Z,13.831193,-89.77264,6.331,0.9679,MLc,0.162,222,7,0.0192,0.0229,
eslv2026xvbfndb6,ohdd2026th4ztc6m,hypodd,ohyp2026fw3idjq7,2026-01-11T11:14:05.559999Z,13.832349,-89.772103,5.861,0.9544,MLc,0.169,219,7,0.0286,0.0294,
eslv20263qh3yv7e,ohdd2026by6e4kf2,hypodd,ohyp20263aq35c5i,2026-01-11T14:46:41.259999Z,13.827606,-89.776652,4.817,1.2189,MLc,0.127,230,8,0.0175,0.0208,
eslv20264bcexjor,ohdd20263nmuvqqp,hypodd,ohyp20265xlnt4zv,2026-01-12T03:32:40.270000Z,14.077715,-89.820907,7.325,1.4303,MLc,0.134,154,7,0.0311,0.0311,
eslv2026r5bhbhf4,ohdd2026gywpjt5d,hypodd,ohyp20262jkzejgx,2026-01-12T06:28:04.769999Z,14.007318,-89.801392,7.091,1.9443,MLc,0.369,159,15,0.0475,0.0458,
eslv2026u3zmyyac,ohdd2026c4fa2mkm,hypodd,ohyp2026ob3cgduv,2026-01-12T07:57:03.200000Z,14.053616,-89.811938,4.173,1.5495,MLc,0.112,179,9,0.0324,0.0244,
eslv20262lj2qk6w,ohdd2026hmkaszty,hypodd,ohyp20264siclgtt,2026-01-12T22:22:49.439999Z,14.011207,-89.788468,8.331,2.0125,MLc,0.112,142,16,0.0148,0.0226,
eslv2026b3avmom6,ohdd2026pdkuauxb,hypodd,ohyp2026y6if2zbz,2026-01-13T04:06:25.660000Z,13.863946,-89.695573,0.185,1.1394,MLc,0.406,158,6,1.2453,1.4304,
eslv2026du6ifipt,ohdd2026ydpgkphx,hypodd,ohyp20266xjujrjg,2026-01-13T06:43:40.740000Z,14.001243,-89.812931,10.529,0.4713,MLc,0.183,222,6,0.0147,0.0236,
eslv2026yj2wtsj5,ohdd2026oatknuus,hypodd,ohyp2026fwo5b3k3,2026-01-13T06:54:24.789999Z,13.920643,-89.789429,6.302,0.6942,MLc,0.269,187,7,0.0107,0.0229,
eslv2026cuzr2xyk,ohdd2026v6u423fd,hypodd,ohyp2026q6nugpb2,2026-01-14T08:15:15.830000Z,13.888669,-89.736833,6.457,0.9084,MLc,0.18,85,12,0.0213,0.0278,
eslv20265rivjqxb,ohdd2026n3jbq3z5,hypodd,ohyp2026wfeo33kh,2026-01-14T08:19:41.630000Z,13.922609,-89.720736,3.438,0.6271,MLc,0.168,174,8,0.0286,0.0519,
eslv2026agncqh4z,ohdd2026tkebcga6,hypodd,ohyp2026cd2btupx,2026-01-14T15:43:14.140000Z,13.879258,-89.775529,5.49,1.8868,MLc,0.168,199,9,0.0354,0.0244,
eslv202645sjhtef,ohdd20262o5po32b,hypodd,ohyp2026j5tpjsgy,2026-01-15T02:34:31.640000Z,14.013494,-89.787362,9.548,1.3482,MLc,0.161,158,7,0.0265,0.0299,
eslv20267fht5zro,ohdd20262roumq3d,hypodd,ohyp2026h7x2rrgj,2026-01-15T08:08:13.179999Z,13.886489,-89.765267,3.344,1.1167,MLc,0.149,229,6,0.0483,0.0562,
eslv2026rfszsgc5,ohdd20267vxsqrqh,hypodd,ohyp2026f2qr5nky,2026-01-15T08:09:20.109999Z,13.886461,-89.755086,6.58,0.9984,MLc,0.188,115,9,0.0385,0.0386,
eslv2026f57k5d2g,ohdd2026ttvbw7ls,hypodd,ohyp2026rywun7se,2026-01-15T08:17:09.109999Z,13.842406,-89.764136,3.524,0.3159,MLc,0.298,184,7,0.0377,0.0669,
eslv2026tr3zdaie,ohdd20267ek7t6rg,hypodd,ohyp2026jjs2ubru,2026-01-16T09:25:38.789999Z,14.012146,-89.789461,8.541,1.8655,MLc,0.202,131,16,0.0123,0.0149,
eslv2026ljvo3e5n,ohdd2026yofntgcb,hypodd,ohyp2026fqqp7fof,2026-01-17T09:15:48.200000Z,13.831716,-89.770793,6.616,0.681,MLc,0.277,265,6,0.0713,0.0601,
eslv2026almqwwfg,ohdd2026uadxfcra,hypodd,ohyp2026qygq2gew,2026-01-19T16:21:41.000000Z,14.081938,-89.727466,8.691,1.191,MLc,0.125,143,7,0.2102,0.2399,
eslv2026q6eo4nn6,ohdd2026sb42gduf,hypodd,ohyp2026qsao4i7j,2026-01-19T19:57:32.240000Z,13.886012,-89.727018,6.106,1.2166,MLc,0.303,88,9,0.0443,0.0493,
eslv2026osjkvswb,ohdd2026k6nocnhn,hypodd,ohyp2026vtdgemhw,2026-01-21T00:31:09.390000Z,13.972629,-89.87714,3.115,1.707,MLc,0.035,220,6,0.0095,0.0133,
eslv2026g6qrwvgh,ohdd202633lexdp2,hypodd,ohyp2026miqyxyov,2026-01-23T05:09:40.100000Z,14.075373,-89.747664,12.341,0.6974,MLc,0.135,234,7,0.1663,0.2873,
eslv20263iu3dwa4,ohdd20262lo7cm2b,hypodd,ohyp2026h5zbrerm,2026-01-24T21:10:10.320000Z,13.868441,-89.789388,2.967,1.3586,MLc,0.332,283,8,0.0214,0.0249,
eslv2026meh5pthv,ohdd2026qfnlxsc2,hypodd,ohyp2026wktgamjs,2026-01-25T11:27:47.170000Z,13.923626,-89.72325,3.926,0.8917,MLc,0.16,236,6,0.0315,0.0468,
eslv2026akk62yop,ohdd202667isycbj,hypodd,ohyp2026v4wpokql,2026-01-25T17:18:05.960000Z,14.015097,-89.783862,11.804,1.5868,MLc,0.138,155,6,0.0238,0.0342,
eslv2026oiibhdp2,ohdd2026ckvvpca4,hypodd,ohyp2026tdeezr3i,2026-01-25T18:24:05.879999Z,14.018418,-89.790511,4.575,1.8196,MLc,0.19,137,14,0.0219,0.0275,
eslv2026ek4zt53c,ohdd20267xok3leo,hypodd,ohyp2026rfqa7ngb,2026-01-26T06:48:53.060000Z,13.9286,-89.783398,10.653,0.3738,MLc,0.038,302,8,0.1478,0.1052,
eslv2026ai3zfgcj,ohdd2026d7feewne,hypodd,ohyp202625yoh3fm,2026-01-26T19:51:10.119999Z,13.863428,-89.789714,2.361,1.0683,MLc,0.302,308,6,0.0257,0.0295,
eslv20265zqkudsh,ohdd2026jue5tm5x,hypodd,ohyp2026eovyxkkm,2026-01-27T05:03:04.849999Z,13.854476,-89.715666,6.405,0.8337,MLc,0.263,158,6,0.0321,0.0301,
eslv2026dsjuestd,ohdd2026de5xb67e,hypodd,ohyp2026gzkhhm3q,2026-01-28T04:05:13.289999Z,13.895401,-89.792334,2.206,1.9806,MLc,0.201,176,10,0.0465,0.0482,
eslv2026mee56t3u,ohdd2026cxof7cch,hypodd,ohyp20262jk34jxu,2026-01-28T08:50:55.350000Z,13.843029,-89.745557,6.038,0.1554,MLc,0.15,167,6,0.0196,0.0216,
eslv20263hvgb4l2,ohdd2026mfs5u7sr,hypodd,ohyp20264w764qnj,2026-01-31T06:36:17.589999Z,13.864741,-89.711841,7.065,0.7393,MLc,0.165,168,8,0.0328,0.0247,
eslv2026kgnsm4iz,ohdd2026yodrdban,hypodd,ohyp2026ermprkml,2026-01-31T11:17:37.859999Z,13.886582,-89.687134,6.883,0.8871,MLc,0.116,212,6,0.0368,0.0309,
eslv20263vlljmtx,ohdd2026ft3qbm4q,hypodd,ohyp2026u57qi6hd,2026-02-02T19:50:03.160000Z,14.078442,-89.823413,7.793,1.697,MLc,0.067,162,6,0.0238,0.0282,
eslv2026nnv2zhbi,ohdd202663vfao32,hypodd,ohyp20263aeqyyhe,2026-02-05T06:19:49.310000Z,13.978346,-89.776229,1.797,1.2929,MLc,0.327,129,9,0.0114,0.0263,
eslv20265ltgdolv,ohdd2026tcxslfid,hypodd,ohyp2026gi4q54w3,2026-02-06T06:10:12.429999Z,14.011619,-89.838363,4.917,1.2418,MLc,0.181,194,6,0.0242,0.0244,
eslv2026khvdo6ef,ohdd2026mhh262n4,hypodd,ohyp20267x3bjwuy,2026-02-06T16:32:53.829999Z,13.908124,-89.776009,3.553,1.3784,MLc,0.317,165,7,0.0091,0.017,
eslv2026uodh3tgv,ohdd2026vwqjan3n,hypodd,ohyp20262tc4aiuh,2026-02-07T01:23:08.640000Z,14.081242,-89.730615,8.16,1.1864,MLc,0.127,141,9,0.1794,0.2404,
eslv20265wj65wm6,ohdd20266g6563xl,hypodd,ohyp2026msjzhugu,2026-02-07T04:07:47.409999Z,13.861723,-89.807576,4.323,0.8534,MLc,0.292,235,8,0.0336,0.0366,
eslv2026u23rvd2x,ohdd2026t2o5inwq,hypodd,ohyp2026tsijmxev,2026-02-07T04:10:12.199999Z,13.860692,-89.80769,4.489,0.9622,MLc,0.305,230,8,0.0376,0.0404,
eslv2026zutvqpmx,ohdd2026vhwv2r6k,hypodd,ohyp2026lt57ucx6,2026-02-07T05:52:38.570000Z,13.826161,-89.842277,1.717,0.9829,MLc,0.041,253,8,0.0349,0.0562,
eslv2026rejwnylg,ohdd20265biohlq2,hypodd,ohyp2026y47n5iba,2026-02-07T05:53:12.250000Z,13.833614,-89.804354,4.711,0.8495,MLc,0.111,251,6,0.0781,0.0719,
eslv2026sgzch64n,ohdd2026aqlxdx5s,hypodd,ohyp20263sfaavjr,2026-02-07T05:53:56.659999Z,13.840221,-89.794458,5.716,0.8941,MLc,0.321,249,7,0.0846,0.0767,
eslv20266vz473we,ohdd20265se2hcsw,hypodd,ohyp2026k3ommjs4,2026-02-08T11:20:12.410000Z,13.862553,-89.722184,6.969,1.0552,MLc,0.117,323,6,0.0325,0.0259,
eslv2026ax3pgocq,ohdd2026kpb3ph4d,hypodd,ohyp2026234fd5dw,2026-02-08T18:00:31.679999Z,13.961501,-89.835376,8.6,2.1077,MLc,0.304,199,6,0.0208,0.0185,
eslv2026pjkz7hgd,ohdd2026mem7uyqt,hypodd,ohyp2026jnvhab6g,2026-02-09T22:37:40.840000Z,14.073903,-89.786686,9.897,1.109,MLc,0.143,162,9,0.1144,0.1121,
eslv2026vsiagjzj,ohdd2026b5amdmrz,hypodd,ohyp20264a72rdf4,2026-02-10T09:34:52.039999Z,13.922344,-89.724552,6.643,0.5436,MLc,0.255,247,6,0.0415,0.0282,
eslv2026fg33bbnh,ohdd2026ktxt5ze6,hypodd,ohyp2026a4b27ahr,2026-02-10T20:45:41.159999Z,14.071934,-89.88409,5.158,1.1466,MLc,0.234,260,6,0.0379,0.0362,
eslv2026bh2y6z4u,ohdd2026n3yfimha,hypodd,ohyp2026pmtef62r,2026-02-15T23:29:01.860000Z,14.103351,-89.860352,6.706,1.8511,MLc,0.145,238,7,0.0301,0.0315,
eslv2026pngddkil,ohdd2026cgwalvqj,hypodd,ohyp20266ha6dnba,2026-02-17T08:26:30.589999Z,14.102593,-89.830477,5.903,0.3523,MLc,0.2,276,6,0.2118,0.2022,
eslv2026kdthisge,ohdd2026wayzksyo,hypodd,ohyp20264gmmejgj,2026-02-19T08:43:33.600000Z,14.013173,-89.789421,8.204,2.0605,MLc,0.155,133,11,0.0169,0.0271,
eslv2026wg3t62pw,ohdd2026cu6kpbvb,hypodd,ohyp2026sb7ky37n,2026-02-19T08:45:19.079999Z,13.996928,-89.84283,9.098,0.8299,MLc,0.176,187,7,0.0164,0.0168,
eslv2026spnszkcv,ohdd2026eu3xezjr,hypodd,ohyp2026z67vhhin,2026-02-19T12:18:29.539999Z,13.871018,-89.712256,6.459,1.5373,MLc,0.168,199,6,0.0314,0.0199,
eslv2026zkg3fxvh,ohdd2026jzkn4xkz,hypodd,ohyp2026qaktgtt6,2026-02-19T16:59:10.490000Z,13.867693,-89.710116,6.928,1.2599,MLc,0.151,196,9,0.0323,0.0224,
eslv2026x6ld6bxy,ohdd202622wcn32p,hypodd,ohyp2026mifmw6wl,2026-02-20T05:49:35.280000Z,13.843524,-89.761662,8.552,1.2231,MLc,0.251,268,6,0.0535,0.0509,
eslv202674hqdkor,ohdd20265i2rr5f7,hypodd,ohyp2026jgajonfg,2026-02-20T08:08:20.769999Z,13.870153,-89.711776,6.535,0.4337,MLc,0.142,189,6,0.0315,0.018,
eslv202664x33j7l,ohdd2026pxnwcbno,hypodd,ohyp2026hh4zpall,2026-02-20T08:47:09.429999Z,13.88727,-89.738493,6.89,1.1868,MLc,0.123,185,6,0.021,0.0162,
eslv2026qxol3xtz,ohdd2026f4evzlyx,hypodd,ohyp2026rxgabzde,2026-02-21T03:11:00.730000Z,13.871868,-89.711296,6.583,0.9738,MLc,0.147,188,6,0.0315,0.0195,
eslv2026ju3dutvh,ohdd20264anrntaa,hypodd,ohyp2026ka65eusz,2026-02-21T11:39:38.409999Z,13.870019,-89.710449,6.622,1.9676,MLc,0.157,193,11,0.031,0.0213,
eslv2026g74fmwtk,ohdd2026zw4yyysn,hypodd,ohyp2026hq5e5amj,2026-02-21T12:15:15.769999Z,13.872446,-89.709285,6.19,1.3644,MLc,0.164,187,7,0.034,0.0208,
eslv2026nqntfvlu,ohdd20267lhk7qji,hypodd,ohyp2026t4qug7ko,2026-02-22T01:19:22.730000Z,13.887836,-89.749805,5.812,1.2344,MLc,0.102,174,7,0.0279,0.0252,
eslv2026gnxa64om,ohdd20263k2ck23e,hypodd,ohyp2026gvqbv2gg,2026-02-22T08:38:10.349999Z,13.864957,-89.686287,18.91,0.8802,MLc,0.274,202,7,0.5473,0.2521,
eslv20264ssocypw,ohdd2026veiozkwi,hypodd,ohyp2026gqkbqtrv,2026-02-26T05:37:06.629999Z,13.8489,-89.752816,8.386,3.1755,MLc,0.163,267,8,0.0447,0.0421,
eslv2026gdvnhpcm,ohdd20262adsveny,hypodd,ohyp20267wrabnmv,2026-02-26T05:38:07.089999Z,13.879807,-89.756453,4.902,2.6355,MLc,0.213,263,9,0.0276,0.0259,
eslv2026n6uif667,ohdd2026ewqidury,hypodd,ohyp2026fjtpb4er,2026-02-26T05:40:52.619999Z,13.882198,-89.75262,7.251,1.3607,MLc,0.194,291,6,0.0276,0.0305,
eslv2026mbjyp4pl,ohdd20264xqxojkw,hypodd,ohyp2026xqp2jhz2,2026-02-26T05:44:41.369999Z,13.885177,-89.757625,7.563,1.2078,MLc,0.218,296,6,0.0409,0.0327,
eslv2026b6g2pykp,ohdd2026xotyaahs,hypodd,ohyp2026beqwbdqx,2026-02-27T06:09:19.129999Z,14.018475,-89.790495,4.401,1.3453,MLc,0.218,162,6,0.0269,0.0325,
eslv2026awmzybjb,ohdd2026drp6yme4,hypodd,ohyp2026etjk7peg,2026-02-27T19:21:41.600000Z,14.04915,-89.823958,8.197,1.6877,MLc,0.145,149,7,0.0272,0.0233,
eslv2026rpnbxoe6,ohdd2026njimkf65,hypodd,ohyp2026wlxigkpy,2026-02-28T16:47:58.399999Z,14.074055,-89.857658,4.537,1.9429,MLc,0.196,167,7,0.0196,0.0278,
eslv2026vjvlvlby,ohdd2026dsfix6gz,hypodd,ohyp2026xnxjkpeb,2026-03-01T07:56:49.170000Z,13.828571,-89.7771,4.781,1.5154,MLc,0.175,285,8,0.038,0.0332,
eslv2026cnndnmex,ohdd2026hlkmsyiy,hypodd,ohyp20265nxwhgdj,2026-03-01T08:26:22.030000Z,13.879484,-89.761987,5.827,1.2061,MLc,0.132,258,8,0.0274,0.0246,
eslv20263uy4viqi,ohdd2026ipuptmom,hypodd,ohyp2026utpbst3o,2026-03-01T11:16:51.409999Z,13.855015,-89.757544,4.402,1.1602,MLc,0.27,303,6,0.0388,0.0384,
eslv2026atvb32yc,ohdd2026quyursvr,hypodd,ohyp2026an5u6vvx,2026-03-01T19:24:33.560000Z,14.085453,-89.839168,6.843,1.8743,MLc,0.13,190,6,0.0238,0.0294,
eslv20264cy2njtp,ohdd2026gdg3gta3,hypodd,ohyp2026n54xafca,2026-03-02T00:01:25.620000Z,14.101348,-89.740999,13.112,1.094,MLc,0.147,257,6,0.3922,0.4136,
eslv2026sbunxf6f,ohdd2026uxny5mo4,hypodd,ohyp2026pk66mifl,2026-03-03T00:52:16.800000Z,13.884386,-89.727433,6.155,2.1329,MLc,0.229,180,11,0.0368,0.0482,
eslv2026peu7rxqb,ohdd202642rwfgr5,hypodd,ohyp2026p4c2czm4,2026-03-03T02:32:32.719999Z,13.887497,-89.733089,7.74,1.3316,MLc,0.115,184,7,0.0343,0.0296,
eslv2026esfieiq5,ohdd2026oviisvvn,hypodd,ohyp20264genc74r,2026-03-03T18:03:54.560000Z,14.012853,-89.78964,7.554,2.724,MLc,0.132,135,9,0.0214,0.0299,
eslv2026cvkr72wf,ohdd20264ft4o7tz,hypodd,ohyp2026h6vr233p,2026-03-03T18:53:59.320000Z,13.825007,-89.778125,4.898,1.6028,MLc,0.392,251,6,0.0373,0.0378,
eslv2026dsegw2k2,ohdd2026sztwpdft,hypodd,ohyp2026idh3ajeq,2026-03-04T06:16:57.579999Z,13.877183,-89.765747,7.521,1.0643,MLc,0.136,226,8,0.0305,0.0244,
eslv2026s3yfbgzm,ohdd2026y54j3id2,hypodd,ohyp2026msiz7vaa,2026-03-04T20:49:23.519999Z,13.888635,-89.737435,6.395,0.9523,MLc,0.175,169,8,0.025,0.0289,
eslv2026bk52ec3y,ohdd2026miu226e4,hypodd,ohyp2026d6hpljys,2026-03-04T20:58:22.160000Z,13.911855,-89.722005,4.403,0.7842,MLc,0.12,181,6,0.0543,0.0684,
eslv2026muilr7l7,ohdd2026krndjh4f,hypodd,ohyp2026vv5ogis3,2026-03-04T23:11:27.359999Z,13.886876,-89.731315,7.214,1.4818,MLc,0.192,201,8,0.0199,0.022,
eslv2026s7up4vau,ohdd2026h7uou7ge,hypodd,ohyp2026w7a6coca,2026-03-04T23:50:02.439999Z,13.885139,-89.734741,7.239,2.212,MLc,0.168,186,12,0.0189,0.0204,
eslv2026yq5qs7ft,ohdd2026jdrtr3ld,hypodd,ohyp20267v3ybkmk,2026-03-05T00:05:08.060000Z,13.884648,-89.735107,7.184,1.6976,MLc,0.12,194,10,0.0161,0.0164,
eslv2026le4ilfzz,ohdd2026afsuadjb,hypodd,ohyp20267pvo3dgh,2026-03-05T00:38:18.920000Z,13.887241,-89.734521,7.56,3.3433,MLc,0.183,184,17,0.0248,0.0221,
eslv2026zap6alo2,ohdd2026vuks25sa,hypodd,ohyp2026oiyycizs,2026-03-05T00:39:35.850000Z,13.883882,-89.736825,7.103,2.2478,MLc,0.128,192,14,0.0165,0.0187,
eslv2026rvtmdkzh,ohdd2026jjymchsw,hypodd,ohyp2026zrppizjh,2026-03-05T00:40:08.730000Z,13.886958,-89.735539,6.692,1.3762,MLc,0.129,190,6,0.019,0.0203,
eslv20266mtlng6c,ohdd2026xmeauyrf,hypodd,ohyp2026xpuikgud,2026-03-05T00:45:39.899999Z,13.884779,-89.735262,7.482,1.8104,MLc,0.111,193,11,0.0206,0.0202,
eslv2026wuk7iqfu,ohdd2026r6h4h7ks,hypodd,ohyp2026776emzzf,2026-03-05T00:49:56.850000Z,13.883481,-89.735075,7.114,1.499,MLc,0.136,192,10,0.018,0.0206,
eslv2026ppismrkm,ohdd20267sbnygxy,hypodd,ohyp2026px6fk72r,2026-03-05T00:51:59.869999Z,13.855602,-89.75293,13.7,1.6292,MLc,0.044,234,7,0.5937,0.541,
eslv2026t4aejkfv,ohdd202652oianmr,hypodd,ohyp20266x2eaovn,2026-03-05T00:53:47.820000Z,13.88409,-89.73488,7.324,1.465,MLc,0.117,194,10,0.0182,0.0248,
eslv2026wlqjyn4s,ohdd20267eryqafk,hypodd,ohyp2026ntzk23ar,2026-03-05T00:55:35.469999Z,13.88599,-89.736222,6.764,1.8791,MLc,0.1,189,12,0.0155,0.024,
eslv2026tebztyvz,ohdd2026rydv6kwk,hypodd,ohyp2026yky4w6gf,2026-03-05T00:58:57.420000Z,13.869158,-89.72618,6.152,2.937,MLc,0.185,213,13,0.0347,0.0429,
eslv2026frglqloy,ohdd20262rusjhac,hypodd,ohyp2026s2ghvy5n,2026-03-05T01:03:08.539999Z,13.884184,-89.734725,6.62,1.4491,MLc,0.113,198,7,0.0182,0.0293,
eslv2026fyp5kow5,ohdd2026fanu6iov,hypodd,ohyp20267ta2bhfj,2026-03-05T01:04:43.119999Z,13.885216,-89.735506,6.494,1.8181,MLc,0.085,188,11,0.0155,0.018,
eslv2026ti3b4gf3,ohdd2026gj2bthrv,hypodd,ohyp2026qvjal4yx,2026-03-05T01:05:50.909999Z,13.882602,-89.735775,7.317,1.3873,MLc,0.13,194,10,0.0184,0.0198,
eslv2026y2eu3fqu,ohdd2026f36nlths,hypodd,ohyp2026li5y76cf,2026-03-05T01:06:46.530000Z,13.828093,-89.706925,5.019,1.0571,MLc,0.089,193,6,0.0696,0.1444,
eslv2026c5egg73r,ohdd2026rvi2w22e,hypodd,ohyp2026fnbcdxdb,2026-03-05T01:10:43.829999Z,13.886615,-89.733171,7.765,2.2058,MLc,0.17,186,14,0.0205,0.0176,
eslv2026bz4hv5vo,ohdd2026ogkwzrka,hypodd,ohyp2026hmzg2xge,2026-03-05T01:12:42.609999Z,13.852116,-89.748926,16.787,1.1326,MLc,0.121,192,9,0.0289,0.0243,
eslv2026cnsuslco,ohdd20267si2owdz,hypodd,ohyp2026gxqxulrm,2026-03-05T01:17:00.690000Z,13.885878,-89.735897,6.824,1.7992,MLc,0.105,184,11,0.0142,0.0196,
eslv20266ao6szgz,ohdd2026nduzacuh,hypodd,ohyp2026geqc5qko,2026-03-05T01:17:22.969999Z,13.884805,-89.736092,6.839,2.2771,MLc,0.08,185,12,0.019,0.0202,
eslv2026ny46yjuk,ohdd2026zlnfu5pd,hypodd,ohyp2026mb2bdy4r,2026-03-05T01:18:32.000000Z,13.884216,-89.735246,6.842,1.3101,MLc,0.122,187,10,0.0159,0.019,
eslv2026eett3gs7,ohdd2026ecbjsl64,hypodd,ohyp2026qbq4pfcu,2026-03-05T01:20:35.340000Z,13.884902,-89.736906,6.889,1.7032,MLc,0.074,188,11,0.0149,0.0206,
eslv2026xtjldjtb,ohdd2026xb7y5cpp,hypodd,ohyp2026kzzphadn,2026-03-05T01:23:15.580000Z,13.871072,-89.746143,5.974,0.9768,MLc,0.249,185,6,0.0374,0.0348,
eslv2026d3dvyw6v,ohdd2026mfz3vfb6,hypodd,ohyp2026cfsx3a2e,2026-03-05T01:28:22.929999Z,13.863974,-89.757666,14.448,1.8112,MLc,0.046,231,11,0.5716,0.4953,
eslv2026th24rok4,ohdd2026wznsmafk,hypodd,ohyp2026fghu3x7h,2026-03-05T01:34:27.399999Z,13.858263,-89.743783,4.091,0.9947,MLc,0.241,192,8,0.029,0.0347,
eslv2026nf5rppmh,ohdd2026i2fk7gri,hypodd,ohyp2026bctcbcgw,2026-03-05T01:41:05.790000Z,13.883454,-89.735588,7.381,1.8655,MLc,0.109,194,12,0.0172,0.0244,
eslv2026dk7g2mve,ohdd2026itnck7vg,hypodd,ohyp2026o3yyorve,2026-03-05T01:44:35.060000Z,13.862519,-89.734701,7.895,1.3578,MLc,0.215,229,10,0.0354,0.0409,
eslv2026b4vdz3m6,ohdd2026o2kt5r77,hypodd,ohyp2026iycsxke4,2026-03-05T02:07:46.350000Z,13.885396,-89.736466,7.138,2.0297,MLc,0.084,189,12,0.0134,0.0235,
eslv2026jdnvxmax,ohdd2026uf4dqa2q,hypodd,ohyp2026b3vbw57s,2026-03-05T02:29:12.250000Z,13.908889,-89.724495,5.329,0.8772,MLc,0.149,156,7,0.0272,0.0412,
eslv20262sjib3y5,ohdd20265xpwheaz,hypodd,ohyp2026dedmrcom,2026-03-05T03:05:42.920000Z,13.911782,-89.72391,5.317,0.5351,MLc,0.229,143,6,0.0303,0.0507,
eslv2026srgljntt,ohdd2026x3rtn6ck,hypodd,ohyp2026ihfbp62u,2026-03-05T03:28:28.480000Z,13.887439,-89.729964,4.682,1.1507,MLc,0.191,188,7,0.0289,0.0325,
eslv2026d6mepjth,ohdd2026z3zse57n,hypodd,ohyp2026loocirrp,2026-03-05T03:47:41.850000Z,13.883281,-89.733683,6.039,1.1362,MLc,0.211,191,8,0.0222,0.0339,
eslv2026m4a7ximk,ohdd2026p2mvny57,hypodd,ohyp2026tk2cff73,2026-03-05T03:48:34.289999Z,13.887975,-89.731722,5.839,0.9839,MLc,0.092,174,7,0.0212,0.0312,
eslv2026m7sy3jto,ohdd2026altml3z4,hypodd,ohyp20264huavsvy,2026-03-05T04:02:31.050000Z,13.881802,-89.735872,7.514,1.068,MLc,0.167,201,9,0.0411,0.0414,
eslv2026wtbiv7t3,ohdd2026nc6yujkc,hypodd,ohyp2026ntltivaq,2026-03-05T04:09:50.240000Z,13.886534,-89.731201,6.804,0.9334,MLc,0.132,187,7,0.0249,0.0236,
eslv2026tds4r4q7,ohdd20267vkm3txc,hypodd,ohyp2026dbo3weur,2026-03-05T04:28:35.750000Z,13.885981,-89.734709,5.682,1.0293,MLc,0.156,177,8,0.0245,0.0309,
eslv20265ulb2fio,ohdd2026ajc6avpo,hypodd,ohyp2026hhh7sl5z,2026-03-05T04:30:10.849999Z,13.934008,-89.713354,0.53,1.0857,MLc,0.144,245,6,0.0095,0.0302,
eslv2026xcqorlj6,ohdd2026r6cgerla,hypodd,ohyp20267zlerhi2,2026-03-05T04:30:44.979999Z,13.88524,-89.736686,6.974,1.3337,MLc,0.103,190,12,0.0178,0.0238,
eslv2026gciezqd2,ohdd2026rol43fxz,hypodd,ohyp2026xe7dtysa,2026-03-05T04:35:05.400000Z,13.888251,-89.732096,7.212,1.4098,MLc,0.238,180,11,0.0232,0.0199,
eslv2026bloyvgik,ohdd2026rviipkoj,hypodd,ohyp2026wonltmji,2026-03-05T04:45:57.189999Z,13.887646,-89.734041,7.717,1.5709,MLc,0.205,184,12,0.0228,0.024,
eslv2026qrwxgirw,ohdd2026i77ugito,hypodd,ohyp2026nok7vigl,2026-03-05T04:53:20.420000Z,13.884941,-89.733032,5.944,1.4328,MLc,0.124,186,8,0.0252,0.0356,
eslv2026gl4ehc2d,ohdd2026lhh4nods,hypodd,ohyp2026fxa74igt,2026-03-05T04:57:16.769999Z,13.885201,-89.734025,6.868,0.9815,MLc,0.132,190,8,0.0218,0.0245,
eslv2026xam4743n,ohdd2026h24wwevz,hypodd,ohyp2026yttrjadb,2026-03-05T05:05:49.320000Z,13.868832,-89.737321,5.764,1.0193,MLc,0.113,177,8,0.0237,0.0298,
eslv2026jxrli325,ohdd2026delaciq6,hypodd,ohyp2026jtuska4t,2026-03-05T05:21:59.899999Z,13.878076,-89.737272,7.269,0.9656,MLc,0.217,182,7,0.0183,0.0215,
eslv20267nierwga,ohdd202635ncv5h5,hypodd,ohyp2026hs6rgwff,2026-03-05T05:26:32.070000Z,13.88201,-89.735246,7.191,0.9474,MLc,0.092,195,8,0.0188,0.0178,
eslv2026zxxyz5v6,ohdd2026x5euqdbx,hypodd,ohyp2026pdlc5eea,2026-03-05T05:44:18.890000Z,13.884607,-89.732544,7.026,1.0497,MLc,0.132,188,8,0.0156,0.0206,
eslv2026nkbblvgx,ohdd2026q4uwx5gs,hypodd,ohyp2026zswyby6a,2026-03-05T05:45:31.100000Z,13.876297,-89.736458,5.529,0.7963,MLc,0.267,186,6,0.0286,0.0366,
eslv2026nmi7zvku,ohdd2026wln55b2h,hypodd,ohyp2026logyxia2,2026-03-05T05:52:45.560000Z,13.869169,-89.753979,8.266,0.5993,MLc,0.052,310,8,0.0628,0.036,
eslv20263zuiifda,ohdd2026b4rcudpo,hypodd,ohyp2026x27sbdd7,2026-03-05T05:57:34.799999Z,13.884053,-89.736287,7.161,1.3632,MLc,0.075,185,7,0.0181,0.0206,
eslv2026txgkighs,ohdd2026tkjo32ck,hypodd,ohyp20264hc6u7f7,2026-03-05T05:59:21.579999Z,13.88277,-89.734505,5.807,1.4979,MLc,0.236,181,7,0.0274,0.0272,
eslv2026aahdosl4,ohdd20262kxpu4ko,hypodd,ohyp20267jw663nq,2026-03-05T06:11:58.399999Z,13.885224,-89.730876,5.759,0.9091,MLc,0.129,187,8,0.0222,0.03,
eslv2026mapl7go6,ohdd20265nvg5ivq,hypodd,ohyp202656y5ehny,2026-03-05T06:13:32.990000Z,13.903414,-89.724609,4.249,0.6781,MLc,0.117,188,6,0.0533,0.0668,
eslv2026d27hnc2u,ohdd2026itdziv4c,hypodd,ohyp2026cvx75qiy,2026-03-05T06:20:06.929999Z,13.881837,-89.727271,5.376,0.5208,MLc,0.079,187,6,0.0292,0.0302,
eslv2026jfvxxyun,ohdd2026ruem2g3b,hypodd,ohyp2026be672crf,2026-03-05T06:30:48.549999Z,13.886212,-89.735962,6.525,1.291,MLc,0.168,184,8,0.0205,0.0279,
eslv2026jqndrz3b,ohdd2026ephxmjqd,hypodd,ohyp2026pluxm2jm,2026-03-05T06:31:18.460000Z,13.85941,-89.760506,15.065,0.8947,MLc,0.057,239,9,0.7724,0.6747,
eslv2026j5237idq,ohdd2026syeagryn,hypodd,ohyp20265tywkzl7,2026-03-05T06:34:33.640000Z,13.931069,-89.718628,2.417,0.7591,MLc,0.211,249,6,0.0413,0.047,
eslv2026c6xrrxt2,ohdd2026whoeoutf,hypodd,ohyp2026css5vy7p,2026-03-05T06:42:21.250000Z,13.884683,-89.735433,7.165,1.1838,MLc,0.123,196,10,0.0178,0.0186,
eslv2026vl5zora3,ohdd20267wvrkuqv,hypodd,ohyp2026bykwvjhk,2026-03-05T07:07:40.100000Z,13.837002,-89.761768,5.167,0.9063,MLc,0.442,255,6,0.0204,0.0275,
eslv2026jwexicyo,ohdd2026twru7tnv,hypodd,ohyp2026a2xpfnqf,2026-03-05T07:17:45.920000Z,13.881674,-89.735107,7.441,0.5638,MLc,0.101,195,8,0.019,0.0209,
eslv2026iuaz7oew,ohdd2026esuhmm5z,hypodd,ohyp2026pkzehwnc,2026-03-05T07:24:30.239999Z,13.882478,-89.734603,7.488,0.8862,MLc,0.119,196,7,0.0164,0.0215,
eslv2026nnvuasjg,ohdd20263osflsnv,hypodd,ohyp2026usmo75o5,2026-03-05T07:36:17.260000Z,13.88268,-89.736141,6.499,0.4583,MLc,0.159,191,6,0.0259,0.0243,
eslv2026md6pcaro,ohdd2026qohux3gh,hypodd,ohyp2026quvxag47,2026-03-05T08:13:15.199999Z,13.908508,-89.719149,5.17,0.6232,MLc,0.345,191,6,0.0333,0.0525,
eslv2026y77svrgf,ohdd2026r3aclns6,hypodd,ohyp20267rwp47bx,2026-03-05T09:09:30.440000Z,13.904862,-89.726497,6.122,0.6295,MLc,0.117,184,6,0.0221,0.0354,
eslv2026qjyq66xh,ohdd20262zfkmno6,hypodd,ohyp2026sevqzfud,2026-03-05T09:16:40.060000Z,13.851681,-89.736556,2.953,0.575,MLc,0.012,214,6,0.0297,0.0372,
eslv2026xvkottef,ohdd20264whkbbwv,hypodd,ohyp2026b5jecm4x,2026-03-05T09:17:48.409999Z,13.893023,-89.730396,6.746,0.7004,MLc,0.135,188,6,0.0199,0.0282,
eslv2026uhqodrsb,ohdd2026megnvxoh,hypodd,ohyp2026h347v6w5,2026-03-05T09:54:55.740000Z,13.884125,-89.734757,6.929,1.2518,MLc,0.106,188,10,0.0149,0.0185,
eslv2026fqmxpdtx,ohdd20263ho4dtsi,hypodd,ohyp2026ogih6er6,2026-03-05T09:57:03.229999Z,13.92974,-89.716056,2.205,0.6949,MLc,0.156,266,6,0.0038,0.0134,
eslv2026iaegiaky,ohdd20263pzyjc7w,hypodd,ohyp2026yj7yqgig,2026-03-05T10:01:22.570000Z,13.828446,-89.747428,2.35,0.454,MLc,0.258,227,7,0.0251,0.0352,
eslv202674k3jtfx,ohdd20264nsi3v2r,hypodd,ohyp2026qhszkcf6,2026-03-05T10:08:00.290000Z,13.921389,-89.71359,2.451,1.1276,MLc,0.154,188,6,0.029,0.0379,
eslv2026udrdy6fu,ohdd2026kwdowb6o,hypodd,ohyp2026oo2ka3nr,2026-03-05T10:42:50.469999Z,13.882349,-89.73807,6.593,0.9868,MLc,0.147,214,6,0.0213,0.0325,
eslv2026juh5krmo,ohdd2026gkvgai2k,hypodd,ohyp2026x3gve73k,2026-03-05T10:48:30.839999Z,13.881646,-89.680062,11.937,1.4091,MLc,0.117,190,11,0.0564,0.0443,
eslv20264urqwb7r,ohdd2026z47627ff,hypodd,ohyp2026q5ncnwcl,2026-03-05T10:50:23.230000Z,13.902387,-89.715601,7.46,0.868,MLc,0.272,189,6,0.0314,0.0215,
eslv2026hf4huxpt,ohdd2026n22yjevh,hypodd,ohyp2026fy5op55o,2026-03-05T10:51:55.549999Z,13.880318,-89.729915,6.465,0.971,MLc,0.222,190,8,0.0366,0.0386,
eslv2026s4u4rooe,ohdd2026ep6lztyq,hypodd,ohyp2026ozbupzgv,2026-03-05T13:09:11.859999Z,13.880698,-89.804948,5.601,1.3775,MLc,0.04,358,6,0.0371,0.0378,
eslv2026zgr3jx3n,ohdd2026czr4cc5k,hypodd,ohyp2026wt7thxvw,2026-03-05T13:42:44.960000Z,13.892746,-89.731917,6.393,0.9904,MLc,0.119,190,6,0.0281,0.0287,
eslv2026ntkcvdd2,ohdd2026h5owy3lq,hypodd,ohyp2026tygu6qv3,2026-03-05T15:20:01.710000Z,13.886379,-89.737028,7.573,1.7429,MLc,0.179,198,10,0.0234,0.0346,
eslv2026jzx44fow,ohdd2026jxbm2ye6,hypodd,ohyp20266ybr36wn,2026-03-05T15:24:15.710000Z,13.884308,-89.734652,6.973,1.2131,MLc,0.118,190,8,0.0187,0.0236,
eslv2026li5bgwl5,ohdd2026t7j2aiwl,hypodd,ohyp2026c25mn3ln,2026-03-05T15:37:48.789999Z,13.884291,-89.73488,7,1.4099,MLc,0.116,194,9,0.019,0.019,
eslv2026fpinddgt,ohdd2026f7p24lx3,hypodd,ohyp20264wpdqfso,2026-03-05T16:07:16.320000Z,13.883338,-89.734448,6.86,1.3939,MLc,0.104,186,9,0.0132,0.0168,
eslv2026gy4mszmy,ohdd2026qsygsil4,hypodd,ohyp2026kbeyjehd,2026-03-05T16:47:20.010000Z,13.865979,-89.735352,7.191,1.4061,MLc,0.142,223,7,0.025,0.0265,
eslv20266lhkcm6g,ohdd2026m26aci7l,hypodd,ohyp2026lqug72k6,2026-03-05T16:54:17.300000Z,13.880302,-89.73505,5.399,1.3129,MLc,0.272,190,7,0.0294,0.0237,
eslv202642qbieds,ohdd2026l3juswik,hypodd,ohyp2026gdvbgubg,2026-03-05T18:21:17.600000Z,13.860405,-89.752555,12.896,1.7418,MLc,0.046,229,10,0.5632,0.5663,
eslv2026e2fdkcxg,ohdd2026ertmgzby,hypodd,ohyp2026nuir3arr,2026-03-05T19:25:06.160000Z,13.882152,-89.732829,7.019,1.1796,MLc,0.138,186,6,0.0253,0.0263,
eslv2026zjlmuxwr,ohdd2026cws7tl67,hypodd,ohyp2026fqyiznfv,2026-03-05T20:04:39.799999Z,13.883397,-89.735889,7.234,2.9344,MLc,0.118,191,11,0.0196,0.0235,
eslv20263ptezuej,ohdd2026q4cqw6bx,hypodd,ohyp2026qmzlonzc,2026-03-05T20:15:38.340000Z,13.870449,-89.740177,6.664,1.29,MLc,0.125,197,7,0.0269,0.0302,
eslv2026nzi2rsaz,ohdd2026ymevol5e,hypodd,ohyp2026ywtov34w,2026-03-05T20:47:40.640000Z,13.883502,-89.733577,6.499,1.2698,MLc,0.138,184,6,0.0246,0.0321,
eslv2026tn7wnq25,ohdd2026t4wwcoqh,hypodd,ohyp2026mj5nwd5q,2026-03-05T20:53:00.640000Z,13.865019,-89.738981,6.09,1.4478,MLc,0.086,281,9,0.0308,0.036,
eslv2026rsqstozr,ohdd2026eo25avzg,hypodd,ohyp2026qqoqgdxh,2026-03-05T22:05:11.640000Z,13.864161,-89.742,6.92,1.4481,MLc,0.267,181,6,0.0351,0.0309,
eslv2026rftodfqk,ohdd2026zc2gtnpp,hypodd,ohyp2026m24ad7j5,2026-03-05T22:05:22.399999Z,13.8825,-89.736328,7.56,1.5286,MLc,0.119,193,9,0.0259,0.0287,
eslv2026l4i7ly4i,ohdd2026pdznlor5,hypodd,ohyp2026gglumkvx,2026-03-05T22:09:53.960000Z,13.886646,-89.734481,7.181,1.3969,MLc,0.12,197,8,0.0184,0.0266,
eslv2026wgs3mi2l,ohdd2026brcaysnx,hypodd,ohyp20262hzvb6vl,2026-03-05T22:51:19.859999Z,13.883787,-89.733765,7.008,1.2427,MLc,0.173,197,7,0.0283,0.0284,
eslv2026snkugyjd,ohdd20266u6s2jai,hypodd,ohyp2026an7ykdni,2026-03-05T22:52:07.339999Z,13.8848,-89.735368,6.93,1.4603,MLc,0.103,187,11,0.0163,0.0212,
eslv2026ukpx54rf,ohdd2026r7glyl7i,hypodd,ohyp20267gjg2hpu,2026-03-05T22:52:43.520000Z,13.883127,-89.736792,6.959,1.5775,MLc,0.105,189,11,0.0185,0.0205,
eslv2026bfvw2ysj,ohdd2026jaf5szg4,hypodd,ohyp2026sc3qv22s,2026-03-05T22:56:39.619999Z,13.932939,-89.714982,1.147,1.4137,MLc,0.102,242,6,0.0068,0.0189,
eslv2026iax7ltrs,ohdd2026tnmoi6np,hypodd,ohyp2026vpbirtmy,2026-03-05T23:00:29.839999Z,13.867991,-89.734749,7.226,1.0987,MLc,0.116,187,6,0.015,0.0385,
eslv2026nmzepa5e,ohdd2026acsoll2q,hypodd,ohyp20262hj7fr6v,2026-03-05T23:02:36.399999Z,13.94563,-89.711646,1.891,1.0073,MLc,0.039,262,6,0.017,0.0317,
eslv2026vihbkoxk,ohdd202634aw5ycr,hypodd,ohyp2026owakczmh,2026-03-05T23:56:25.719999Z,14.097792,-89.809277,3.595,1.338,MLc,0.167,136,6,0.0346,0.0377,
eslv2026y7w2lhkv,ohdd2026iywmnyhd,hypodd,ohyp2026bwfousrs,2026-03-06T00:06:19.739999Z,13.868501,-89.734302,3.49,0.5783,MLc,0.061,185,6,0.0275,0.031,
eslv20267wzly5uh,ohdd2026rshmbxub,hypodd,ohyp2026uopr6zkp,2026-03-06T00:08:17.780000Z,13.88158,-89.757121,5.96,1.9731,MLc,0.132,230,12,0.0245,0.0195,
eslv2026tp2kc6ig,ohdd2026p7ahlap5,hypodd,ohyp2026usmeoxa2,2026-03-06T00:10:11.970000Z,13.885089,-89.733757,5.726,1.3922,MLc,0.16,167,8,0.0214,0.0325,
eslv2026f575wrfs,ohdd2026qawcb2zl,hypodd,ohyp2026pppxflac,2026-03-06T00:44:30.679999Z,13.880687,-89.760425,5.397,1.8388,MLc,0.132,223,11,0.0265,0.0218,
eslv2026jmectbvb,ohdd2026x4c5auzy,hypodd,ohyp2026kpt4ofza,2026-03-06T00:52:02.220000Z,13.878492,-89.761938,5.68,1.2241,MLc,0.12,231,7,0.0285,0.0293,
eslv2026sjm6pe6d,ohdd2026x2uj2vml,hypodd,ohyp2026loilelgr,2026-03-06T01:09:44.579999Z,13.94411,-89.740967,2.183,1.018,MLc,0.136,184,6,0.0233,0.0264,
eslv20265c5adgs2,ohdd2026yi6z5eyd,hypodd,ohyp20266wlsrule,2026-03-06T01:45:58.700000Z,13.869076,-89.760059,4.309,0.845,MLc,0.165,196,6,0.0319,0.0186,
eslv20264wpxowzw,ohdd2026aqwdyqrr,hypodd,ohyp2026yqdo6cw4,2026-03-06T01:49:55.210000Z,13.858416,-89.742879,4.758,0.4645,MLc,0.215,195,7,0.0281,0.0283,
eslv2026jvzwgjgo,ohdd2026oaxhync6,hypodd,ohyp2026l4ofcw7t,2026-03-06T01:57:27.609999Z,13.892642,-89.781925,2.49,0.9552,MLc,0.263,215,8,0.0225,0.0211,
eslv2026rr4eu5pd,ohdd20266mrld5yu,hypodd,ohyp2026h5yvkbkk,2026-03-06T02:04:13.640000Z,13.879912,-89.761149,5.53,1.2658,MLc,0.132,230,10,0.0258,0.0242,
eslv2026tdyojefr,ohdd2026dhbronh7,hypodd,ohyp2026debis72f,2026-03-06T02:12:40.000000Z,13.845066,-89.771737,1.709,0.8777,MLc,0.144,296,7,0.021,0.0289,
eslv20262kexu3tm,ohdd2026nndw2o5f,hypodd,ohyp2026rgrt72o6,2026-03-06T02:28:07.980000Z,13.882946,-89.758252,5.426,1.454,MLc,0.179,226,10,0.0309,0.0204,
eslv20264ol7g7md,ohdd2026nnqfimol,hypodd,ohyp2026kus4bc7k,2026-03-06T04:10:21.429999Z,13.888589,-89.723267,4.629,0.6567,MLc,0.1,210,7,0.0445,0.0502,
eslv2026jljorvkz,ohdd20262apfvmmr,hypodd,ohyp2026pdjk5dwc,2026-03-06T04:47:36.259999Z,13.882303,-89.738127,9.336,0.7873,MLc,0.222,266,6,0.0429,0.0416,
eslv2026rt2kncau,ohdd2026eetuc4pv,hypodd,ohyp2026wjfayoxm,2026-03-06T05:43:14.970000Z,13.924292,-89.721908,4.959,0.5541,MLc,0.292,186,6,0.0395,0.0319,
eslv20262t44bvkc,ohdd2026wkpm7eve,hypodd,ohyp2026xd6ogulq,2026-03-06T14:55:23.079999Z,13.885475,-89.733537,7.503,1.4505,MLc,0.118,184,10,0.0225,0.0159,
eslv20264u3c3j4i,ohdd20265bhviagf,hypodd,ohyp2026aknowx5l,2026-03-06T14:57:27.059999Z,13.884364,-89.73798,7.973,1.4695,MLc,0.13,197,9,0.0188,0.021,
eslv2026llvwfcz4,ohdd2026entdw35z,hypodd,ohyp2026sr4sviz2,2026-03-06T14:59:10.119999Z,13.884636,-89.734481,7.297,1.4444,MLc,0.121,190,11,0.0236,0.0206,
eslv20267z7kbhes,ohdd2026friosz53,hypodd,ohyp20265vr6uqst,2026-03-06T15:01:00.620000Z,13.884286,-89.735685,8.098,2.1009,MLc,0.13,193,12,0.0222,0.0216,
eslv2026vmsrxtpr,ohdd2026iod6axta,hypodd,ohyp2026jk62gm25,2026-03-06T15:04:41.770000Z,13.883973,-89.732495,7.677,1.6451,MLc,0.136,192,8,0.0239,0.0261,
eslv2026bdgmvocx,ohdd2026qg3kzgfw,hypodd,ohyp2026gc4w5nv3,2026-03-06T15:04:47.590000Z,13.951321,-89.776611,9.895,2.279,MLc,0.182,228,6,0.0389,0.0423,
eslv2026uraqwqb6,ohdd20262r36fj4z,hypodd,ohyp2026hngedxpp,2026-03-06T15:10:06.490000Z,13.882971,-89.735286,7.523,1.926,MLc,0.126,187,9,0.017,0.0161,
eslv2026fa5lrok6,ohdd2026x4u3vzfq,hypodd,ohyp2026wlxzogzx,2026-03-06T23:31:10.839999Z,13.880053,-89.756706,5.748,1.4798,MLc,0.158,212,7,0.0217,0.0217,
eslv2026hs6hr7qp,ohdd2026lwz26mzi,hypodd,ohyp2026bble2egn,2026-03-07T05:37:12.669999Z,13.879803,-89.729468,4.923,0.4076,MLc,0.237,187,6,0.0443,0.0501,
eslv2026ek4iaxhk,ohdd2026b2khxbpz,hypodd,ohyp202626fvwkxm,2026-03-07T08:32:04.290000Z,13.872294,-89.706982,6.173,1.2147,MLc,0.219,205,12,0.0315,0.0254,
eslv2026ppekssnc,ohdd2026bnbpikns,hypodd,ohyp2026tv5sspy7,2026-03-07T23:45:24.460000Z,13.884733,-89.735457,7.277,1.5607,MLc,0.11,190,8,0.0144,0.0143,
eslv2026ybmuqip6,ohdd2026dyrcubcw,hypodd,ohyp2026knoktan6,2026-03-07T23:56:20.079999Z,13.884533,-89.734953,7.044,1.3755,MLc,0.117,189,11,0.0176,0.0169,
eslv20263ilac24z,ohdd2026wae723kk,hypodd,ohyp20265lyt4kbk,2026-03-08T00:04:42.359999Z,13.887449,-89.733252,7.355,1.6601,MLc,0.153,189,8,0.02,0.0155,
eslv20265n22eldk,ohdd2026kszihmvn,hypodd,ohyp2026cx6tqb7h,2026-03-08T01:06:08.320000Z,13.88375,-89.734212,7.148,1.5264,MLc,0.123,193,8,0.017,0.0158,
eslv2026qvb5cina,ohdd2026ly5zvr33,hypodd,ohyp2026bfvikwxe,2026-03-08T02:57:54.090000Z,13.908856,-89.726261,6.507,0.9524,MLc,0.193,221,6,0.0316,0.0275,
eslv20267cmazgos,ohdd2026kslnliw6,hypodd,ohyp2026hg4l77yf,2026-03-08T03:16:44.950000Z,13.888844,-89.739543,6.598,1.2157,MLc,0.171,152,10,0.0168,0.0197,
eslv2026n5hbp62j,ohdd2026x7gkr542,hypodd,ohyp2026v5edgv47,2026-03-08T03:39:18.170000Z,13.936714,-89.732064,4.448,0.7903,MLc,0.074,187,9,0.0091,0.0146,
eslv2026mo235s76,ohdd2026u6kypwft,hypodd,ohyp20262vgcmdjo,2026-03-08T03:53:25.000000Z,13.951587,-89.729053,2.845,0.9558,MLc,0.274,259,6,0.0093,0.0174,
eslv2026abra23nn,ohdd2026w4yrsqkz,hypodd,ohyp2026fptsaqvp,2026-03-08T14:36:07.030000Z,14.012268,-89.787703,9.144,0.4027,MLc,0.181,149,6,0.0186,0.0314,
eslv202624kq24gx,ohdd2026jf2dykh2,hypodd,ohyp20266ocolf3i,2026-03-09T03:01:58.100000Z,13.908317,-89.724048,5.221,0.887,MLc,0.342,157,7,0.0256,0.0368,
eslv2026qqfr335g,ohdd20267nfoee7c,hypodd,ohyp2026e4fyms4l,2026-03-10T05:01:34.590000Z,13.883269,-89.75498,6.14,0.8446,MLc,0.121,180,10,0.0266,0.0258,
eslv2026hx27fyps,ohdd2026ha65nvo7,hypodd,ohyp2026vxcmhrua,2026-03-10T05:10:52.880000Z,13.882677,-89.755355,6.201,1.0523,MLc,0.152,213,8,0.0246,0.0252,
eslv2026dhfr4quw,ohdd20266nqfyepq,hypodd,ohyp2026vm23r4cc,2026-03-10T14:28:55.060000Z,14.009025,-89.687988,0.498,0.4586,MLc,0.29,314,6,0.0811,0.1875,
eslv20262zeewxg4,ohdd20266mhl7cdz,hypodd,ohyp2026etvtk3lz,2026-03-12T17:00:09.660000Z,14.077733,-89.821265,7.46,0.7409,MLc,0.273,148,7,0.0335,0.0335,
eslv2026cqu3seut,ohdd2026zju54uds,hypodd,ohyp2026wlwandwy,2026-03-13T07:25:49.820000Z,13.799478,-89.401921,12.697,1.4495,MLc,0.197,197,16,0.2252,0.3637,
eslv2026phr3o3yf,ohdd2026lgc6vq34,hypodd,ohyp2026cqrzp44e,2026-03-13T20:54:15.480000Z,13.771119,-89.466911,14.318,2.2244,MLc,0.314,217,15,0.3082,0.3934,
eslv20267b24w4rl,ohdd2026vvpgnsuf,hypodd,ohyp202667akbr5d,2026-03-13T21:21:33.679999Z,13.906852,-89.423706,8.388,1.8856,MLc,0.355,318,9,0.5175,1.0808,
eslv2026774kg6nl,ohdd2026xqyncouq,hypodd,ohyp2026qbj2kv6g,2026-03-14T07:17:22.250000Z,13.787517,-89.441479,16.173,1.4971,MLc,0.246,200,11,0.464,0.594,
eslv2026qpkltigt,ohdd2026usfyva3u,hypodd,ohyp2026ql7aizpa,2026-03-16T04:57:03.660000Z,13.833525,-89.845288,0.886,0.9706,MLc,0.184,267,10,0.0118,0.0301,
eslv2026xdw7gijx,ohdd2026vcsxdnz2,hypodd,ohyp2026gg5onefz,2026-03-16T11:40:54.689999Z,13.893879,-89.696509,2.081,0.5263,MLc,0.123,232,6,0.0288,0.0449,
eslv2026qqk4u4t7,ohdd2026lgjdhd4h,hypodd,ohyp2026z6ihow74,2026-03-17T07:01:05.629999Z,13.882212,-89.734814,7.165,0.7754,MLc,0.138,187,11,0.0171,0.0233,
eslv2026mfulh7cm,ohdd2026wel35ffw,hypodd,ohyp20264cn2duri,2026-03-17T10:08:31.500000Z,14.090593,-89.86202,5.015,1.3337,MLc,0.166,266,7,0.0403,0.0312,
eslv2026apo2q4i2,ohdd2026sbwxb6ao,hypodd,ohyp2026baadwmgd,2026-03-19T05:07:36.149999Z,13.78382,-89.433797,13.197,1.8448,MLc,0.126,210,11,0.2813,0.2561,
eslv2026sh5oe4bv,ohdd2026ztasm7nj,hypodd,ohyp20265gfyo5oq,2026-03-19T05:58:48.820000Z,13.789619,-89.435514,13.23,1.5674,MLc,0.079,198,11,0.3585,0.3409,
eslv2026mxiud4ru,ohdd2026ulj7mij3,hypodd,ohyp2026gkz57o26,2026-03-21T03:26:09.060000Z,13.906002,-89.760286,3.028,1.0156,MLc,0.044,130,6,0.0466,0.0343,
eslv2026r3nq3p4v,ohdd2026apor26jy,hypodd,ohyp2026fi5lqgo2,2026-03-21T13:34:40.369999Z,13.859107,-89.755143,11.264,1.1,MLc,0.048,233,8,0.5593,0.7378,
eslv2026h3ozxntg,ohdd2026h6426e37,hypodd,ohyp2026l2w2ro7s,2026-03-21T23:50:36.240000Z,13.794109,-89.408138,17.145,2.0915,MLc,0.198,311,8,0.4267,0.5514,
eslv2026sq5wgrct,ohdd2026ryqobg6g,hypodd,ohyp2026cmwiue6l,2026-03-23T08:57:11.919999Z,14.069271,-89.842847,7.265,1.2573,MLc,0.243,187,6,0.0527,0.0399,
eslv2026wwiesi72,ohdd2026mx36m4uj,hypodd,ohyp202647t7tpph,2026-03-24T19:44:32.320000Z,13.883296,-89.7368,6.925,1.6378,MLc,0.091,189,11,0.0143,0.022,
eslv2026hx2drn52,ohdd2026nz5id5gv,hypodd,ohyp2026ap2jysar,2026-03-24T19:52:06.639999Z,13.852738,-89.751424,10.82,1.2007,MLc,0.045,235,6,0.7442,0.8678,
eslv2026qm3gdkg7,ohdd2026tztux5jc,hypodd,ohyp2026v6neis2v,2026-03-24T19:54:54.979999Z,13.885667,-89.73488,7.08,1.5391,MLc,0.099,191,11,0.0221,0.0208,
eslv2026iq3ohtvd,ohdd2026x3kij4ru,hypodd,ohyp20262tf6s2yr,2026-03-24T19:57:05.360000Z,13.937741,-89.71119,1.605,1.4122,MLc,0.122,269,6,0.0057,0.0101,
eslv2026slomhkbq,ohdd20265zwpimrr,hypodd,ohyp202655ohakjk,2026-03-24T19:57:47.420000Z,13.884668,-89.736141,7.116,2.3209,MLc,0.091,182,13,0.0148,0.0206,
eslv2026l3m7g75d,ohdd20266cwmoc3j,hypodd,ohyp2026hby7qx6p,2026-03-24T23:24:02.580000Z,13.844366,-89.749154,3.503,1.025,MLc,0.112,184,6,0.0435,0.046,
eslv2026gjplntnf,ohdd2026sjmbsvwv,hypodd,ohyp2026ufxhddpu,2026-03-25T05:07:17.850000Z,13.955475,-89.787061,6.695,1.1989,MLc,0.027,157,9,0.2573,0.1972,
eslv2026alwgecbt,ohdd2026oqfnh5ah,hypodd,ohyp202646z3bij5,2026-03-25T05:50:56.560000Z,14.070247,-89.85507,4.076,1.4013,MLc,0.143,158,8,0.031,0.0254,
eslv20265xqnbvec,ohdd20267uhb4mp2,hypodd,ohyp2026swscns2c,2026-03-26T08:07:17.410000Z,14.044558,-89.812174,12.346,1.4617,MLc,0.163,207,8,0.038,0.0217,
eslv2026h7fn5mmh,ohdd2026dycsyprz,hypodd,ohyp2026xo6yc4u2,2026-03-26T10:20:51.130000Z,13.878489,-89.692106,5.828,1.2747,MLc,0.229,133,13,0.0263,0.0258,
eslv2026vdkzhqbl,ohdd2026jrorgl73,hypodd,ohyp2026t4qpg5we,2026-03-27T05:01:43.850000Z,14.049683,-89.822746,7.893,1.1371,MLc,0.128,174,8,0.0349,0.0355,
eslv2026ipmwczot,ohdd20262p2m7moe,hypodd,ohyp2026pad7agkp,2026-03-27T12:47:39.490000Z,14.046939,-89.810604,3.906,1.7119,MLc,0.121,129,13,0.0244,0.0297,
eslv2026asj3kij2,ohdd2026zo6epz3k,hypodd,ohyp2026lzapwhgq,2026-03-29T07:21:58.100000Z,13.878119,-89.776969,5.567,0.8634,MLc,0.201,235,8,0.0355,0.0252,
eslv20267vfvj7a7,ohdd2026pnwjk3v6,hypodd,ohyp2026yjrd6muv,2026-03-29T09:21:42.369999Z,13.832013,-89.757772,7.745,0.7875,MLc,0.453,253,7,0.0211,0.0232,
eslv20265t72fg6y,ohdd2026ahk5bki2,hypodd,ohyp2026qlmug4jd,2026-03-31T00:25:51.820000Z,13.843409,-89.831942,3.206,1.604,MLc,0.184,232,9,0.0119,0.0127,
eslv2026ndybeug5,ohdd2026zrgfqeqm,hypodd,ohyp2026hu47atwa,2026-03-31T08:32:03.710000Z,13.886861,-89.751164,6.488,3.1011,MLc,0.231,182,18,0.0221,0.0274,
eslv2026wqspzfzj,ohdd2026zpociiov,hypodd,ohyp2026d6fzby4e,2026-03-31T08:33:34.200000Z,13.883502,-89.754761,5.859,1.7643,MLc,0.125,179,12,0.0236,0.0171,
eslv20264cno2rgf,ohdd20267gxlj7md,hypodd,ohyp2026trrtdzut,2026-03-31T08:34:16.750000Z,13.882616,-89.753678,6.342,1.731,MLc,0.117,110,10,0.0373,0.0434,
eslv2026zgd6sf5p,ohdd20263jq5jwrm,hypodd,ohyp2026r2ec3htf,2026-03-31T08:34:37.070000Z,13.882184,-89.756315,5.877,1.7506,MLc,0.16,174,10,0.0242,0.0215,
eslv2026lmm4guyo,ohdd2026p35zysa7,hypodd,ohyp2026rmjdvgt2,2026-03-31T08:35:06.660000Z,13.881868,-89.756494,5.797,1.8978,MLc,0.116,180,12,0.0253,0.0211,
eslv2026jttx6r3o,ohdd2026apg5d7mn,hypodd,ohyp2026ngfajkmt,2026-03-31T08:35:51.640000Z,13.860328,-89.76272,2.159,1.1291,MLc,0.128,198,7,0.0223,0.033,
eslv2026ia4xc54a,ohdd2026j5p2qqcu,hypodd,ohyp2026xmrb24zu,2026-03-31T09:12:21.760000Z,13.882977,-89.75529,5.973,1.6226,MLc,0.127,183,14,0.0247,0.0193,
eslv20267hlthcfy,ohdd2026d7udmulm,hypodd,ohyp2026rxcl6xtk,2026-03-31T12:18:58.490000Z,13.941471,-89.708219,0.794,1.3614,MLc,0.098,268,7,0.1464,0.2841,
eslv20262tsi2rlb,ohdd20263vmr66js,hypodd,ohyp2026m6pexfkj,2026-03-31T12:19:57.210000Z,13.893206,-89.748999,5.754,1.2472,MLc,0.135,191,6,0.0244,0.0279,
eslv2026lbwq6hqc,ohdd2026ih6hrzwx,hypodd,ohyp2026r2xhny3i,2026-04-01T03:17:07.160000Z,13.997463,-89.840275,8.556,1.216,MLc,0.248,185,7,0.0177,0.0154,
eslv2026epjedhvf,ohdd2026jqawa7o7,hypodd,ohyp2026hxjlnhva,2026-04-02T01:01:04.929999Z,13.877802,-89.757772,5.129,1.443,MLc,0.31,156,8,0.0273,0.0239,
eslv2026fzxvjuts,ohdd2026lkfz53ee,hypodd,ohyp2026ihp5573l,2026-04-04T14:32:48.149999Z,14.051515,-89.826034,9.005,1.6085,MLc,0.103,144,6,0.0263,0.0228,
eslv2026virjazmr,ohdd2026hgwc3got,hypodd,ohyp2026vbcxdbnv,2026-04-06T18:43:30.039999Z,13.916495,-89.798755,2.763,3.3167,MLc,0.192,197,12,0.0148,0.0212,
eslv2026auskolej,ohdd2026rsaosbfx,hypodd,ohyp202632jkoqtp,2026-04-06T18:52:04.320000Z,13.913564,-89.798674,3.034,2.4975,MLc,0.248,193,12,0.0218,0.0238,
eslv2026ua4rwi7s,ohdd2026vaqyt25k,hypodd,ohyp2026hgxya4nd,2026-04-06T19:01:16.399999Z,13.920906,-89.809432,7.221,1.6464,MLc,0.037,289,7,0.0362,0.0836,
eslv2026m2o27w2v,ohdd2026gzoubrcv,hypodd,ohyp2026hilqx3in,2026-04-06T19:03:49.859999Z,13.886082,-89.780469,6.503,1.8885,MLc,0.336,295,7,0.0436,0.0571,
eslv2026247hbam3,ohdd2026dlzvey67,hypodd,ohyp2026c2q77xdk,2026-04-06T20:52:55.399999Z,13.917115,-89.797542,2.383,1.953,MLc,0.181,226,11,0.0173,0.0288,
eslv2026mvtwgykb,ohdd2026dtjwsquk,hypodd,ohyp202653gnzfls,2026-04-07T02:43:16.600000Z,13.935796,-89.825773,0.557,1.1941,MLc,0.147,255,8,0.0414,0.0824,
eslv2026o5i4jwun,ohdd2026soihtk4v,hypodd,ohyp2026jhgnkzeh,2026-04-07T03:25:06.530000Z,13.9144,-89.79799,2.806,1.4177,MLc,0.138,207,9,0.0161,0.0288,
eslv2026zvpahaus,ohdd2026o4sq2ier,hypodd,ohyp2026zyu3ivfo,2026-04-07T08:37:34.359999Z,13.874956,-89.763159,9.31,0.8792,MLc,0.296,207,7,0.1105,0.0681,
eslv2026rehfkyb6,ohdd202663vnf4r3,hypodd,ohyp202674vei5yf,2026-04-07T13:51:26.329999Z,14.043429,-89.820475,7.102,2.0902,MLc,0.167,151,15,0.0295,0.0347,
eslv2026pykn4bht,ohdd2026244ejkhu,hypodd,ohyp2026ermizkcx,2026-04-07T21:02:39.719999Z,14.059899,-89.812663,4.657,0.8889,MLc,0.112,201,6,0.0332,0.0303,
eslv2026ijlyku2s,ohdd2026rx5yokmu,hypodd,ohyp2026d2dr6q45,2026-04-08T00:46:16.070000Z,14.043774,-89.819434,6.798,3.0405,MLc,0.129,148,16,0.027,0.0381,
eslv2026q2qufpqb,ohdd20265db7lkd3,hypodd,ohyp2026focvsr2b,2026-04-08T02:53:14.300000Z,14.047661,-89.819141,8.427,1.2277,MLc,0.178,160,6,0.0309,0.0319,
eslv2026tiuoauik,ohdd2026lvpnvfl6,hypodd,ohyp2026g2fxsjjg,2026-04-08T07:52:41.350000Z,13.915745,-89.797469,2.984,1.8779,MLc,0.172,200,12,0.0153,0.0232,
eslv20264dj5fl6a,ohdd2026l47dsym4,hypodd,ohyp2026exqhdosk,2026-04-09T03:02:49.509999Z,14.109826,-89.839412,10.598,2.3042,MLc,0.203,260,7,0.049,0.0495,
eslv2026hmzcsuoy,ohdd2026fmmotlve,hypodd,ohyp2026hrlumnaa,2026-04-10T07:21:18.640000Z,14.030956,-89.910864,0.542,0.6405,MLc,0.35,259,6,0.0167,0.0404,
eslv2026izbldw3o,ohdd2026mcqtuwh3,hypodd,ohyp2026xohaqtsh,2026-04-10T07:48:25.929999Z,13.929575,-89.733382,4.869,0.6782,MLc,0.214,162,7,0.0653,0.0586,
eslv2026bjm4xj6u,ohdd2026t2elmzmb,hypodd,ohyp2026yvmyj2m3,2026-04-12T13:43:59.500000Z,13.921995,-89.794718,1.499,1.571,MLc,0.428,239,10,0.0218,0.0353,
eslv2026nkedpo3i,ohdd2026lkqjon45,hypodd,ohyp2026dtvh5jiz,2026-04-12T13:56:52.100000Z,13.830011,-89.72749,12.46,1.2942,MLc,0.001,171,6,0.2179,0.1737,
eslv2026ys3r4lhz,ohdd2026fhlbtufn,hypodd,ohyp2026twjp52e3,2026-04-12T15:29:31.289999Z,13.920083,-89.808488,3.428,1.682,MLc,0.027,178,8,0.0426,0.0678,
eslv2026cdwki6z3,ohdd2026tf4oedmf,hypodd,ohyp20266wpexfih,2026-04-12T15:48:20.960000Z,13.926493,-89.80752,16.656,1.818,MLc,0.017,171,7,0.0481,0.0575,
eslv2026r4k3yecf,ohdd2026oqdmalrp,hypodd,ohyp2026eevtjgz6,2026-04-14T06:21:44.469999Z,13.878129,-89.824943,3.899,1.8703,MLc,0.246,199,14,0.0293,0.0399,
eslv2026eqpabbtp,ohdd2026h4onmp3p,hypodd,ohyp2026jtm22puv,2026-04-14T08:47:20.699999Z,13.855562,-89.81106,4.529,0.9115,MLc,0.339,189,12,0.0397,0.0414,
eslv2026abishavl,ohdd20265pfdzgsd,hypodd,ohyp202655pam2xy,2026-04-16T07:58:54.060000Z,14.043206,-89.826424,6.841,1.2823,MLc,0.101,158,8,0.0266,0.0259,
eslv20266kxzt4dy,ohdd2026grptuxap,hypodd,ohyp2026vjtdulew,2026-04-16T15:28:59.009999Z,13.88157,-89.724805,9.375,1.2889,MLc,0.156,167,8,0.0227,0.0162,
eslv2026l3cpcki5,ohdd2026kp7in5yq,hypodd,ohyp2026bllu2ey4,2026-04-17T13:07:50.229999Z,14.04492,-89.808984,4.771,1.3771,MLc,0.162,143,6,0.0316,0.0313,
eslv2026nuezqrj6,ohdd202657iyg2wn,hypodd,ohyp2026wlwy4hwz,2026-04-18T05:30:53.200000Z,14.05405,-89.824382,9.819,0.9393,MLc,0.251,128,8,0.0291,0.0362,
eslv2026ce2pq4d6,ohdd2026ikignww7,hypodd,ohyp2026unu7ja52,2026-04-18T07:58:23.850000Z,13.865747,-89.765715,4.891,0.9633,MLc,0.165,153,6,0.0273,0.0183,
eslv2026ewz4o5js,ohdd20264cz5prnk,hypodd,ohyp2026uiw5skry,2026-04-18T08:59:05.519999Z,13.896081,-89.779272,4.762,0.7034,MLc,0.117,236,6,0.0448,0.027,
eslv2026ibb7yj3a,ohdd2026w2b6chpk,hypodd,ohyp2026v2ej3qnb,2026-04-18T20:22:42.439999Z,13.823914,-89.781543,3.958,0.9249,MLc,0.318,209,6,0.0414,0.051,
eslv2026xpae6cqn,ohdd2026gnpjqoqp,hypodd,ohyp2026ifjnwata,2026-04-19T17:36:51.439999Z,14.054236,-89.818636,8.119,1.2977,MLc,0.223,140,6,0.0371,0.0399,
eslv2026o55et3ss,ohdd2026dwnrcleo,hypodd,ohyp2026yikjweam,2026-04-20T20:18:43.039999Z,14.072549,-89.858577,4.484,1.6074,MLc,0.23,251,10,0.0344,0.0302,
eslv2026rewhqrf2,ohdd2026wnr22k2m,hypodd,ohyp2026t7njfzu3,2026-04-21T15:24:47.149999Z,14.111703,-89.722681,9.536,0.8536,MLc,0.173,195,6,0.4182,0.2476,
eslv20263jtytzp7,ohdd2026wuqxag5b,hypodd,ohyp20265uwerbts,2026-04-25T04:09:47.039999Z,14.043315,-89.821842,7.204,2.4181,MLc,0.158,150,13,0.0285,0.0231,
eslv2026hcjvsqpi,ohdd20263xxy74nl,hypodd,ohyp2026uziujwiz,2026-04-27T04:27:12.199999Z,13.951921,-89.754338,4.931,0.5233,MLc,0.364,268,7,0.0068,0.0172,
eslv2026rzdhcdii,ohdd2026iydqo3t6,hypodd,ohyp2026frbll4i6,2026-04-27T05:23:53.780000Z,13.909795,-89.727417,9.384,0.7705,MLc,0.082,141,7,0.0243,0.0305,
eslv2026j4nghoba,ohdd2026bel2lvsd,hypodd,ohyp2026qumrp6ex,2026-04-28T04:25:04.110000Z,14.05639,-89.824072,9.047,1.6427,MLc,0.213,153,11,0.0265,0.026,
eslv202624o5uakd,ohdd2026sfnel7bk,hypodd,ohyp2026m76nffck,2026-04-28T05:22:45.149999Z,14.077411,-89.823332,7.853,1.5819,MLc,0.192,158,9,0.0455,0.0371,
eslv2026bkw2x3ak,ohdd2026rqapd3iw,hypodd,ohyp202666jbvsyz,2026-04-29T09:25:59.130000Z,14.052999,-89.817472,8.297,2.1807,MLc,0.257,149,13,0.0283,0.0281,
eslv2026esifddbc,ohdd2026cmasne5b,hypodd,ohyp2026pu4jpv3f,2026-04-29T15:25:28.390000Z,13.900413,-89.763232,4.627,1.0937,MLc,0.235,141,8,0.0388,0.0296,
eslv2026d2osl5ct,ohdd2026znjh2cpb,hypodd,ohyp2026gu74b7ri,2026-04-29T15:32:46.000000Z,13.88028,-89.775602,5.418,1.9337,MLc,0.189,217,10,0.037,0.0252,
eslv202662qj4nra,ohdd2026o7puwu5f,hypodd,ohyp2026ajyxxzy5,2026-04-29T15:40:44.280000Z,13.87994,-89.776172,5.273,1.5127,MLc,0.177,211,9,0.0373,0.0275,
eslv20262s6qe5u2,ohdd2026gsy34hpj,hypodd,ohyp2026jcealizw,2026-04-29T15:42:31.730000Z,13.881154,-89.773177,5.327,1.8472,MLc,0.175,226,10,0.0359,0.0246,
eslv2026smv6b5aw,ohdd2026rwt2ioiq,hypodd,ohyp2026j4p3to23,2026-04-30T02:53:34.390000Z,13.858214,-89.675155,3.88,1.8928,MLc,0.298,184,9,0.2442,0.2471,
eslv2026ptzdw52f,ohdd20264bvecrez,hypodd,ohyp2026sqikgc24,2026-04-30T03:23:09.310000Z,13.865306,-89.670898,4.376,0.8007,MLc,0.154,189,6,0.3295,0.2739,
eslv202667z6bqdv,ohdd2026sxcc6qqd,hypodd,ohyp2026xuvauuzh,2026-04-30T07:13:00.380000Z,14.026376,-89.898739,3.391,1.2481,MLc,0.385,249,7,0.0131,0.0115,
eslv2026pvw2sx47,ohdd20266c6ozp3j,hypodd,ohyp2026dpesptzf,2026-04-30T08:38:13.740000Z,13.8651,-89.670744,4.374,0.571,MLc,0.168,188,6,0.3236,0.1952,
eslv20262t5bpvb5,ohdd20265lovv5pj,hypodd,ohyp2026u4a6pwpp,2026-05-01T07:15:58.439999Z,14.044005,-89.837988,14.958,0.6958,MLc,0.113,149,6,0.0354,0.0226,
eslv2026jnax623a,ohdd2026n3lzitve,hypodd,ohyp2026hs3xiznk,2026-05-03T03:41:10.900000Z,14.044576,-89.818823,6.918,2.154,MLc,0.144,146,12,0.0269,0.028,
eslv2026xznvtq64,ohdd2026jmrlbncl,hypodd,ohyp2026vqvcdqkv,2026-05-03T05:56:06.450000Z,14.086546,-89.83807,6.943,1.995,MLc,0.146,194,13,0.0259,0.025,
eslv2026ul3akydk,ohdd20267tscmzwg,hypodd,ohyp2026v2arqaab,2026-05-03T08:40:35.640000Z,13.88422,-89.735514,7.269,0.9599,MLc,0.107,194,8,0.0193,0.0273,
eslv2026pijqywh4,ohdd2026yteapo3i,hypodd,ohyp2026wgb75fgw,2026-05-03T10:46:20.170000Z,14.086233,-89.837549,6.95,2.2045,MLc,0.147,197,12,0.0279,0.0247,
eslv2026xr3kotnz,ohdd20267moknogw,hypodd,ohyp2026yveyig2k,2026-05-03T23:42:15.400000Z,14.084048,-89.8382,7.026,1.8953,MLc,0.211,200,12,0.0263,0.0279,
eslv20264lib6ujw,ohdd2026x4b4kzh4,hypodd,ohyp2026cz45imks,2026-05-04T14:42:51.469999Z,14.05016,-89.824097,8.554,2.0246,MLc,0.141,153,9,0.029,0.0272,
eslv2026cphfwl6s,ohdd2026g7zpt4ij,hypodd,ohyp2026sbmaufzw,2026-05-05T09:27:00.610000Z,14.018829,-89.853857,6.949,0.4329,MLc,0.226,191,6,0.0481,0.0326,
eslv20264xemetnu,ohdd2026rha2gdi2,hypodd,ohyp2026nq3v3bzy,2026-05-08T05:58:16.089999Z,13.867279,-89.734489,7.287,1.179,MLc,0.145,213,8,0.0267,0.0277,
eslv2026aawhsk64,ohdd2026f22epsyh,hypodd,ohyp2026mll6ql44,2026-05-09T05:14:07.030000Z,14.084011,-89.859578,6.078,1.7185,MLc,0.161,159,9,0.0401,0.0379,
eslv2026mc52nyyc,ohdd20263tlfghfb,hypodd,ohyp2026w6awxvlq,2026-05-09T05:33:46.979999Z,14.076694,-89.860099,4.802,2.1566,MLc,0.204,146,11,0.0413,0.0277,
eslv2026jzpkoofq,ohdd2026l3ocjfcl,hypodd,ohyp202642suow4a,2026-05-11T00:01:34.420000Z,14.08138,-89.837109,6.754,2.3633,MLc,0.138,151,13,0.021,0.029,
eslv2026xx6zcbbw,ohdd2026krb45b7d,hypodd,ohyp2026p4kzhq6m,2026-05-16T13:21:23.079999Z,14.084241,-89.844059,6.726,1.46,MLc,0.083,178,7,0.0252,0.0245,
eslv2026on77d72q,ohdd2026vmo7bt5d,hypodd,ohyp2026vomop6l4,2026-05-17T06:25:57.789999Z,13.833532,-89.768628,6.153,1.5264,MLc,0.235,253,7,0.0171,0.0269,
eslv202645qgrsgp,ohdd2026uwvktqdx,hypodd,ohyp2026erwnxyd5,2026-05-17T07:17:12.849999Z,13.881902,-89.755851,5.877,1.526,MLc,0.123,215,11,0.0254,0.0207,
eslv2026psaiz7ja,ohdd202652kxb33h,hypodd,ohyp2026kxfweuo6,2026-05-17T12:05:06.099999Z,13.88147,-89.715877,4.54,0.3286,MLc,0.079,191,6,0.0408,0.041,
eslv2026nccs7h77,ohdd2026k7dhupim,hypodd,ohyp2026q7romeba,2026-05-18T02:41:10.480000Z,14.083858,-89.749772,8.837,0.4764,MLc,0.111,228,6,0.0322,0.0427,
eslv2026e3qfsmyv,ohdd2026hfjhjcgs,hypodd,ohyp202675jrh36z,2026-05-20T09:42:59.770000Z,14.110462,-89.852751,6.701,1.7034,MLc,0.19,292,6,0.0375,0.0266,
eslv2026lxir74ka,ohdd2026pmlgverc,hypodd,ohyp2026dvsm37yr,2026-05-21T15:55:39.020000Z,14.058382,-89.822681,7.293,1.8181,MLc,0.204,146,9,0.0353,0.0416,
eslv2026kwsgn7e7,ohdd202676ud3zjh,hypodd,ohyp2026pwgol2gy,2026-05-22T10:09:20.429999Z,14.048258,-89.825602,7.602,1.5558,MLc,0.145,162,10,0.0258,0.0279,
eslv2026nl7eajny,ohdd2026iw5nuhxz,hypodd,ohyp2026ey2z7sth,2026-05-24T06:51:14.570000Z,13.978465,-89.883919,8.49,0.6848,MLc,0.393,173,6,0.0104,0.0111,
eslv2026hwtrsqtc,ohdd2026fyhntuw7,hypodd,ohyp2026adxatd5b,2026-05-26T02:06:14.330000Z,13.860968,-89.665194,2.457,0.7829,MLc,0.292,184,6,0.581,0.4945,
eslv2026bkvxp2vi,ohdd2026hudne7v2,hypodd,ohyp2026kbv74ed6,2026-05-26T23:12:10.640000Z,13.911661,-89.72841,6.542,1.0632,MLc,0.223,244,11,0.0244,0.0331,
eslv2026j4pusv4l,ohdd2026whxqvvl4,hypodd,ohyp20263qs2ln6n,2026-05-28T01:55:25.370000Z,14.074031,-89.879183,5.141,2.6336,MLc,0.239,271,13,0.0457,0.0456,
eslv2026cexue24i,ohdd2026l26j3nt7,hypodd,ohyp2026jytzvjvf,2026-05-28T08:02:04.469999Z,14.095145,-89.837199,4.76,1.0794,MLc,0.208,271,7,0.0392,0.0299,
eslv2026qhiz2lxu,ohdd2026pfmxqf3c,hypodd,ohyp2026z36mmuxv,2026-05-29T05:19:35.399999Z,13.954979,-89.720931,7.317,1.1734,MLc,0.313,272,6,0.9323,0.6553,
eslv20266g4bocks,ohdd2026vzrph7ga,hypodd,ohyp2026wphdwnzo,2026-05-29T08:33:15.710000Z,14.079371,-89.887459,6.385,2.3722,MLc,0.276,276,13,0.0472,0.0521,
eslv2026asxmcklu,ohdd2026md65cgs6,hypodd,ohyp2026mvri3n6g,2026-05-31T09:19:00.820000Z,13.880988,-89.705518,7.022,0.8371,MLc,0.292,191,7,0.0339,0.0261,
eslv20266imiy256,ohdd2026lh4byex3,hypodd,ohyp2026dkmzzh5g,2026-06-01T12:08:41.060000Z,13.85945,-89.709823,7.427,1.7829,MLc,0.168,138,12,0.0311,0.0165,
eslv2026wxko5ujg,ohdd2026ijfxdtrt,hypodd,ohyp2026rqpl4qye,2026-06-02T10:18:01.950000Z,14.052765,-89.820939,8.911,1.384,MLc,0.193,131,7,0.0289,0.0318,
eslv2026s2vmqbcv,ohdd2026noy6iwf3,hypodd,ohyp2026v5yglnut,2026-06-03T01:43:32.280000Z,13.856831,-89.666292,3.053,1.6063,MLc,0.216,181,9,0.4733,0.4325,
eslv2026yitjl5za,ohdd2026tzdd3gov,hypodd,ohyp2026as3dpo6e,2026-06-03T01:44:30.300000Z,13.883143,-89.768009,4.594,1.331,MLc,0.247,241,8,0.0367,0.0237,
eslv2026vomcssrt,ohdd2026wrwe4fq3,hypodd,ohyp2026dw7qswaq,2026-06-04T06:10:27.980000Z,14.038976,-89.835449,7.939,0.4193,MLc,0.175,162,7,0.0357,0.0263,
eslv2026vm6coen7,ohdd2026hk3km4ko,hypodd,ohyp2026lfatxzj5,2026-06-06T00:15:53.960000Z,13.874182,-89.738289,5.82,1.2943,MLc,0.091,185,6,0.0239,0.0249,
eslv2026l5veymwr,ohdd2026gjiqw3bd,hypodd,ohyp2026w3qtowuf,2026-06-06T01:31:07.769999Z,13.960701,-89.70494,3.926,0.9709,MLc,0.172,185,6,0.0412,0.0512,
eslv2026tki7oirw,ohdd2026zv65kvpe,hypodd,ohyp20265y63brf6,2026-06-06T01:46:05.290000Z,13.883418,-89.745719,7.613,1.0186,MLc,0.192,186,6,0.0279,0.0246,
eslv2026lntflb6b,ohdd2026cabxjrpu,hypodd,ohyp2026ubyeggje,2026-06-06T01:52:29.829999Z,13.964935,-89.737712,9.489,0.9945,MLc,0.006,185,7,0.0191,0.0154,
eslv2026dhwm4ugy,ohdd20265ckgmxxe,hypodd,ohyp2026xwlupd6g,2026-06-06T02:06:08.800000Z,13.884835,-89.736873,6.948,1.271,MLc,0.2,208,10,0.0173,0.0219,
eslv20264yub2upb,ohdd2026nidb3uwx,hypodd,ohyp2026bmvjm4za,2026-06-06T16:09:51.950000Z,13.86678,-89.745142,11.758,1.1992,MLc,0.041,213,7,0.6376,0.6123,
eslv2026l5ydajli,ohdd2026ya7rdj6e,hypodd,ohyp2026gjjnpgg2,2026-06-07T09:59:56.909999Z,13.972658,-89.617204,0.491,1.2932,MLc,0.07,181,6,0.0004,0.0009,
eslv2026bj63edvz,ohdd20267um7mtai,hypodd,ohyp2026czeeckfr,2026-06-08T06:14:17.010000Z,13.890575,-89.750814,6.313,1.3707,MLc,0.194,192,12,0.0286,0.0284,
eslv2026quuauybt,ohdd2026rlhwinb7,hypodd,ohyp2026mizelofw,2026-06-08T17:13:49.840000Z,13.953217,-89.799976,6.245,1.6662,MLc,0.031,175,9,0.1117,0.0782,
eslv2026dohr3baz,ohdd20266awekem3,hypodd,ohyp2026yoqonvgu,2026-06-08T17:47:01.360000Z,13.957595,-89.786768,6.129,1.1048,MLc,0.027,156,6,0.1479,0.0783,
eslv2026tqwq6mgu,ohdd2026wkrmeehj,hypodd,ohyp2026iyo77x6h,2026-06-09T09:57:55.170000Z,13.971523,-89.612191,0.489,0.6508,MLc,0.07,180,6,0.0004,0.0009,
eslv2026rgsqzx3b,ohdd2026lueiujdp,hypodd,ohyp2026b3cdwcuo,2026-06-10T02:24:54.100000Z,13.925153,-89.681047,4.726,0.8177,MLc,0.167,191,6,0.0196,0.0219,
eslv2026foyckow6,ohdd20262kc5cva3,hypodd,ohyp2026lcgoy77p,2026-06-10T05:41:25.219999Z,13.971456,-89.582015,2.445,0.6388,MLc,0.2,191,6,1.1832,1.3268,
eslv2026uddljl7s,ohdd2026lhg3xuev,hypodd,ohyp202653pcu4ng,2026-06-11T07:51:59.250000Z,13.856829,-89.711296,7.718,1.0695,MLc,0.205,203,8,0.0316,0.0192,
eslv2026njfp55nq,ohdd2026c67g77vo,hypodd,ohyp2026mbipz3sq,2026-06-12T01:16:46.369999Z,13.913083,-89.686304,2.394,-0.0479,MLc,0.219,241,6,0.0176,0.034,
eslv2026nyxxsbwp,ohdd20267qei24f4,hypodd,ohyp2026v4p7ckn2,2026-06-12T22:15:17.519999Z,13.874026,-89.763045,5.655,1.3153,MLc,0.181,216,7,0.0285,0.0259,
eslv2026f2do6qyd,ohdd2026gyggyolk,hypodd,ohyp2026zca5a42m,2026-06-12T22:16:57.280000Z,13.880732,-89.756917,5.898,1.8457,MLc,0.138,230,10,0.0272,0.0201,
eslv2026sgbrclce,ohdd2026v7ib566n,hypodd,ohyp2026pdojd5ps,2026-06-12T23:36:12.320000Z,13.880903,-89.760449,6.467,1.3946,MLc,0.171,229,7,0.0279,0.03,
eslv2026bpxhxczf,ohdd2026icw426bz,hypodd,ohyp2026xhzosgar,2026-06-13T13:27:22.339999Z,13.859288,-89.708341,7.532,2.0016,MLc,0.176,207,14,0.0313,0.0203,
eslv2026u3laggxx,ohdd2026sv3rzrwo,hypodd,ohyp2026rn4rly6u,2026-06-14T08:51:19.160000Z,13.86948,-89.802694,4.058,1.6351,MLc,0.159,285,13,0.043,0.044,
eslv2026z4wp4u74,ohdd2026meolrrfv,hypodd,ohyp202672dsxkoo,2026-06-15T16:52:11.470000Z,14.017987,-89.757699,8.297,0.121,MLc,0.167,163,6,0.0002,0.0004,
eslv20264c3rh4bp,ohdd2026xola4cjn,hypodd,ohyp2026y5xywdn2,2026-06-15T18:52:33.799999Z,14.046499,-89.827661,6.577,2.5881,MLc,0.245,162,15,0.0261,0.0281,
eslv2026xdnl4cj4,ohdd2026zo6emtbg,hypodd,ohyp2026xyz4gzxc,2026-06-15T23:05:32.039999Z,14.048903,-89.841504,4.977,2.3309,MLc,0.237,179,14,0.0362,0.0315,
eslv2026ohg3x2bz,ohdd2026atdlodpv,hypodd,ohyp20263oduy6z5,2026-06-17T20:30:35.439999Z,14.049311,-89.844629,6.073,1.3043,MLc,0.17,179,6,0.0442,0.0523,
eslv2026qlklc52w,ohdd2026cqt26vvi,hypodd,ohyp2026goqteu2p,2026-06-17T20:51:19.300000Z,13.979073,-89.749992,0.482,1.1721,MLc,0.155,360,6,0.0004,0.001,
eslv20263hn4rx4f,ohdd2026wrixuqti,hypodd,ohyp2026ljaofxwe,2026-06-20T02:06:05.679999Z,13.97028,-89.590088,3.416,0.7895,MLc,0.2,182,6,1.297,1.3246,
eslv2026tdymxjiu,ohdd2026jfjn5cwe,hypodd,ohyp2026fygtqvhl,2026-06-20T04:16:31.739999Z,14.053954,-89.821566,8.495,2.3154,MLc,0.17,144,16,0.0244,0.0335,
eslv2026vqw4ioea,ohdd2026xdztxyxf,hypodd,ohyp2026akrhfvkp,2026-06-20T04:34:39.369999Z,14.053204,-89.823104,9.115,0.7948,MLc,0.124,140,6,0.0231,0.0281,
eslv2026onlabudb,ohdd2026wuggkwl7,hypodd,ohyp2026q6xak6co,2026-06-21T12:46:22.969999Z,13.884646,-89.739738,7.297,2.1859,MLc,0.192,185,14,0.0241,0.0372,
eslv2026sbggnoaj,ohdd2026j4t4etki,hypodd,ohyp20267tdmyuhd,2026-06-22T10:14:45.130000Z,13.840508,-89.693905,7.229,0.5176,MLc,0.199,185,6,0.0294,0.0359,
eslv20264zcxz2ah,ohdd20262tw62li3,hypodd,ohyp20262z7ip5yx,2026-06-24T04:46:07.830000Z,13.981165,-89.773617,0.507,0.6579,MLc,0.197,360,7,0.0019,0.0075,
eslv2026gu4g3ukd,ohdd2026ghg4icrw,hypodd,ohyp2026qdx4ssjy,2026-06-26T18:44:57.659999Z,13.863304,-89.763436,4.972,1.3803,MLc,0.236,242,8,0.0339,0.03,
eslv2026yjxcrguk,ohdd2026rgbbpihl,hypodd,ohyp2026dm7xbebq,2026-06-26T20:34:39.140000Z,13.965929,-89.749007,0.498,1.4776,MLc,0.155,360,6,0.0004,0.001,
eslv2026gap2c4yp,ohdd2026ksvnjuvz,hypodd,ohyp2026452xeuvh,2026-06-27T09:17:00.950000Z,13.863555,-89.764307,5.195,1.5164,MLc,0.21,241,14,0.0361,0.0381,
eslv2026v7rzkn2x,ohdd20266u4u3ipi,hypodd,ohyp20264rojydgx,2026-06-28T12:36:14.949999Z,13.871472,-89.690568,8.247,1.0006,MLc,0.124,151,8,0.0297,0.0462,
eslv2026wn4xdhz6,ohdd20264l6lvu46,hypodd,ohyp2026kivrt27x,2026-06-29T04:02:28.609999Z,13.90985,-89.804419,2.266,1.1431,MLc,0.287,288,7,0.0454,0.0592,
eslv2026pevkxsnx,ohdd2026pt2xi44c,hypodd,ohyp2026bh2diffn,2026-06-29T04:02:41.939999Z,13.905416,-89.7545,12.93,2.4272,MLc,0.164,216,9,0.0176,0.0219,
eslv20264mfpwsy3,ohdd2026bo6d5j2j,hypodd,ohyp2026oetw7roz,2026-06-29T04:04:45.570000Z,13.90429,-89.763045,12.382,2.1215,MLc,0.181,214,9,0.019,0.0247,
eslv20266zim7lom,ohdd2026ytaodpqe,hypodd,ohyp2026n446dhpm,2026-06-29T04:10:32.079999Z,13.889544,-89.806486,5.128,0.9023,MLc,0.446,240,7,0.0497,0.054,
eslv2026jhsackui,ohdd2026nwricso4,hypodd,ohyp2026nmtysvjh,2026-06-29T04:53:04.690000Z,13.91686,-89.803125,1.814,1.2086,MLc,0.335,237,8,0.0377,0.0609,
eslv20264vv47ztd,ohdd2026ux7tpg4c,hypodd,ohyp2026ddnqbvv6,2026-06-29T13:15:22.250000Z,13.979999,-89.773885,0.473,1.7041,MLc,0.197,360,6,0.0019,0.0076,
eslv20263p5cxlwr,ohdd2026dgi43hwh,hypodd,ohyp2026xnpkgqgs,2026-06-30T18:34:51.520000Z,13.879855,-89.758594,5.014,1.8637,MLc,0.121,226,12,0.025,0.0229,
eslv2026hnznwonu,ohdd2026maqousbw,hypodd,ohyp2026oa3aqhhg,2026-06-30T19:38:03.200000Z,13.88227,-89.759318,5.377,1.8229,MLc,0.16,215,10,0.0273,0.0285,
eslv2026yoxpoipd,ohdd2026bi66ce6r,hypodd,ohyp2026tdxfrqgk,2026-06-30T22:35:58.140000Z,13.880443,-89.758968,5.361,1.5708,MLc,0.152,213,8,0.0272,0.0254,
